symbol,timeframe,trade_date,timestamp_unix,open,high,low,close,volume,is_closed,source,updated_at
VNINDEX,1D,2000-07-28,964749600,100.0,100.0,100.0,100.0,4200,1,dnse,2026-09-21T07:14:24.587974+00:00
VNINDEX,1D,2000-07-31,965008800,101.55,101.55,101.55,101.55,10300,1,dnse,2026-09-21T07:14:24.587974+00:00
VNINDEX,1D,2000-08-02,965181600,103.38,103.38,103.38,103.38,300,1,dnse,2026-09-21T07:14:24.587974+00:00
VNINDEX,1D,2000-08-04,965354400,105.2,105.2,105.2,105.2,3700,1,dnse,2026-09-21T07:14:24.587974+00:00
VNINDEX,1D,2000-08-07,965613600,106.92,106.92,106.92,106.92,13100,1,dnse,2026-09-21T07:14:24.587974+00:00
VNINDEX,1D,2000-08-09,965786400,108.64,108.64,108.64,108.64,15900,1,dnse,2026-09-21T07:14:24.587974+00:00
VNINDEX,1D,2000-08-11,965959200,110.36,110.36,110.36,110.36,13600,1,dnse,2026-09-21T07:14:24.587974+00:00
VNINDEX,1D,2000-08-14,966218400,112.08,112.08,112.08,112.08,11700,1,dnse,2026-09-21T07:14:24.587974+00:00
VNINDEX,1D,2000-08-16,966391200,113.8,113.8,113.8,113.8,23000,1,dnse,2026-09-21T07:14:24.587974+00:00
VNINDEX,1D,2000-08-18,966564000,115.52,115.52,115.52,115.52,10300,1,dnse,2026-09-21T07:14:24.587974+00:00
VNINDEX,1D,2000-08-21,966823200,117.24,117.24,117.24,117.24,35500,1,dnse,2026-09-21T07:14:24.587974+00:00
VNINDEX,1D,2000-08-23,966996000,118.96,118.96,118.96,118.96,111400,1,dnse,2026-09-21T07:14:24.587974+00:00
VNINDEX,1D,2000-08-25,967168800,118.84,118.96,118.84,118.84,95200,1,dnse,2026-09-21T07:14:24.587974+00:00
VNINDEX,1D,2000-08-28,967428000,117.0,118.84,117.0,117.0,97900,1,dnse,2026-09-21T07:14:24.587974+00:00
VNINDEX,1D,2000-08-30,967600800,115.15,117.0,115.15,115.15,126500,1,dnse,2026-09-21T07:14:24.587974+00:00
VNINDEX,1D,2000-09-01,967773600,113.37,115.15,113.37,113.37,96600,1,dnse,2026-09-21T07:14:24.587974+00:00
VNINDEX,1D,2000-09-06,968205600,112.51,113.37,112.51,112.51,60900,1,dnse,2026-09-21T07:14:24.587974+00:00
VNINDEX,1D,2000-09-08,968378400,112.39,112.51,112.39,112.39,49500,1,dnse,2026-09-21T07:14:24.587974+00:00
VNINDEX,1D,2000-09-11,968637600,114.11,114.11,114.11,114.11,31300,1,dnse,2026-09-21T07:14:24.587974+00:00
VNINDEX,1D,2000-09-13,968810400,116.08,116.08,116.08,116.08,18400,1,dnse,2026-09-21T07:14:24.587974+00:00
VNINDEX,1D,2000-09-15,968983200,118.04,118.04,118.04,118.04,45900,1,dnse,2026-09-21T07:14:24.587974+00:00
VNINDEX,1D,2000-09-18,969242400,118.19,118.19,118.19,118.19,64600,1,dnse,2026-09-21T07:14:24.587974+00:00
VNINDEX,1D,2000-09-20,969415200,118.21,118.21,118.21,118.21,41600,1,dnse,2026-09-21T07:14:24.587974+00:00
VNINDEX,1D,2000-09-22,969588000,118.76,118.76,118.76,118.76,66900,1,dnse,2026-09-21T07:14:24.587974+00:00
VNINDEX,1D,2000-09-25,969847200,118.98,118.98,118.98,118.98,56600,1,dnse,2026-09-21T07:14:24.587974+00:00
VNINDEX,1D,2000-09-27,970020000,119.69,119.69,119.69,119.69,56600,1,dnse,2026-09-21T07:14:24.587974+00:00
VNINDEX,1D,2000-09-29,970192800,120.71,120.71,120.71,120.71,52800,1,dnse,2026-09-21T07:14:24.587974+00:00
VNINDEX,1D,2000-10-02,970452000,120.92,120.92,120.92,120.92,48600,1,dnse,2026-09-21T07:14:24.587974+00:00
VNINDEX,1D,2000-10-04,970624800,121.14,121.14,121.14,121.14,58400,1,dnse,2026-09-21T07:14:24.587974+00:00
VNINDEX,1D,2000-10-06,970797600,122.21,122.21,122.21,122.21,39600,1,dnse,2026-09-21T07:14:24.587974+00:00
VNINDEX,1D,2000-10-09,971056800,124.33,124.33,124.33,124.33,25900,1,dnse,2026-09-21T07:14:24.587974+00:00
VNINDEX,1D,2000-10-11,971229600,126.45,126.45,126.45,126.45,53300,1,dnse,2026-09-21T07:14:24.587974+00:00
VNINDEX,1D,2000-10-13,971402400,128.57,128.57,128.57,128.57,51900,1,dnse,2026-09-21T07:14:24.587974+00:00
VNINDEX,1D,2000-10-16,971661600,130.71,130.71,130.71,130.71,26600,1,dnse,2026-09-21T07:14:24.587974+00:00
VNINDEX,1D,2000-10-18,971834400,132.85,132.85,132.85,132.85,25700,1,dnse,2026-09-21T07:14:24.587974+00:00
VNINDEX,1D,2000-10-20,972007200,135.04,135.04,135.04,135.04,65900,1,dnse,2026-09-21T07:14:24.587974+00:00
VNINDEX,1D,2000-10-23,972266400,136.55,136.55,136.55,136.55,39100,1,dnse,2026-09-21T07:14:24.587974+00:00
VNINDEX,1D,2000-10-25,972439200,137.08,137.08,137.08,137.08,45000,1,dnse,2026-09-21T07:14:24.587974+00:00
VNINDEX,1D,2000-10-27,972612000,139.57,139.57,139.57,139.57,88200,1,dnse,2026-09-21T07:14:24.587974+00:00
VNINDEX,1D,2000-10-30,972871200,140.48,140.48,140.48,140.84,101200,1,dnse,2026-09-21T07:14:24.587974+00:00
VNINDEX,1D,2000-11-01,973044000,143.33,143.33,143.33,143.33,95900,1,dnse,2026-09-21T07:14:24.587974+00:00
VNINDEX,1D,2000-11-03,973216800,145.83,145.83,145.83,145.83,78800,1,dnse,2026-09-21T07:14:24.587974+00:00
VNINDEX,1D,2000-11-06,973476000,148.57,148.57,148.57,148.57,55300,1,dnse,2026-09-21T07:14:24.587974+00:00
VNINDEX,1D,2000-11-08,973648800,151.32,151.32,151.32,151.32,29200,1,dnse,2026-09-21T07:14:24.587974+00:00
VNINDEX,1D,2000-11-10,973821600,154.08,154.08,154.08,154.08,57300,1,dnse,2026-09-21T07:14:24.587974+00:00
VNINDEX,1D,2000-11-13,974080800,156.84,156.84,156.84,156.84,21700,1,dnse,2026-09-21T07:14:24.587974+00:00
VNINDEX,1D,2000-11-15,974253600,159.6,159.6,159.6,159.6,12400,1,dnse,2026-09-21T07:14:24.587974+00:00
VNINDEX,1D,2000-11-17,974426400,162.36,162.36,162.36,162.36,34700,1,dnse,2026-09-21T07:14:24.587974+00:00
VNINDEX,1D,2000-11-20,974685600,165.17,165.17,165.17,165.7,62700,1,dnse,2026-09-21T07:14:24.587974+00:00
VNINDEX,1D,2000-11-22,974858400,165.52,165.52,165.52,165.52,136200,1,dnse,2026-09-21T07:14:24.587974+00:00
VNINDEX,1D,2000-11-24,975031200,166.17,166.17,166.17,166.17,116500,1,dnse,2026-09-21T07:14:24.587974+00:00
VNINDEX,1D,2000-11-27,975290400,165.6,166.17,165.6,165.6,88900,1,dnse,2026-09-21T07:14:24.587974+00:00
VNINDEX,1D,2000-11-29,975463200,168.73,168.73,168.73,168.73,75700,1,dnse,2026-09-21T07:14:24.587974+00:00
VNINDEX,1D,2000-12-01,975636000,171.87,171.87,171.87,171.87,41300,1,dnse,2026-09-21T07:14:24.587974+00:00
VNINDEX,1D,2000-12-04,975895200,175.0,175.0,175.0,175.0,26500,1,dnse,2026-09-21T07:14:24.587974+00:00
VNINDEX,1D,2000-12-06,976068000,178.13,178.13,178.13,178.13,57700,1,dnse,2026-09-21T07:14:24.587974+00:00
VNINDEX,1D,2000-12-08,976240800,181.26,181.26,181.26,181.26,187900,1,dnse,2026-09-21T07:14:24.587974+00:00
VNINDEX,1D,2000-12-11,976500000,181.94,181.94,181.94,189.94,124700,1,dnse,2026-09-21T07:14:24.587974+00:00
VNINDEX,1D,2000-12-13,976672800,184.48,184.48,184.48,184.48,105100,1,dnse,2026-09-21T07:14:24.587974+00:00
VNINDEX,1D,2000-12-15,976845600,187.62,187.62,187.62,187.62,46300,1,dnse,2026-09-21T07:14:24.587974+00:00
VNINDEX,1D,2000-12-18,977104800,191.11,191.11,191.11,191.11,81700,1,dnse,2026-09-21T07:14:24.587974+00:00
VNINDEX,1D,2000-12-20,977277600,194.85,194.85,194.85,194.85,38900,1,dnse,2026-09-21T07:14:24.587974+00:00
VNINDEX,1D,2000-12-22,977450400,198.58,198.58,198.58,198.58,61000,1,dnse,2026-09-21T07:14:24.587974+00:00
VNINDEX,1D,2000-12-25,977709600,202.32,202.32,202.32,202.32,20600,1,dnse,2026-09-21T07:14:24.587974+00:00
VNINDEX,1D,2000-12-27,977882400,203.09,203.09,203.09,203.09,40800,1,dnse,2026-09-21T07:14:24.587974+00:00
VNINDEX,1D,2000-12-29,978055200,206.83,206.83,206.83,206.83,59500,1,dnse,2026-09-21T07:14:24.587974+00:00
VNINDEX,1D,2001-01-03,978487200,210.56,210.56,210.56,210.56,42900,1,dnse,2026-09-21T07:14:24.587974+00:00
VNINDEX,1D,2001-01-05,978660000,214.32,214.32,214.32,214.32,50200,1,dnse,2026-09-21T07:14:24.587974+00:00
VNINDEX,1D,2001-01-08,978919200,218.12,218.12,218.12,218.12,71500,1,dnse,2026-09-21T07:14:24.587974+00:00
VNINDEX,1D,2001-01-10,979092000,222.15,222.15,222.15,222.15,183800,1,dnse,2026-09-21T07:14:24.587974+00:00
VNINDEX,1D,2001-01-12,979264800,225.67,225.67,225.67,225.67,223700,1,dnse,2026-09-21T07:14:24.587974+00:00
VNINDEX,1D,2001-01-15,979524000,228.35,228.35,228.35,228.35,122900,1,dnse,2026-09-21T07:14:24.587974+00:00
VNINDEX,1D,2001-01-17,979696800,232.68,232.68,232.68,232.68,87400,1,dnse,2026-09-21T07:14:24.587974+00:00
VNINDEX,1D,2001-01-19,979869600,236.97,236.97,236.97,236.97,42600,1,dnse,2026-09-21T07:14:24.587974+00:00
VNINDEX,1D,2001-01-29,980733600,241.36,241.36,241.36,241.36,9000,1,dnse,2026-09-21T07:14:24.587974+00:00
VNINDEX,1D,2001-01-31,980906400,245.8,245.8,245.8,245.8,6700,1,dnse,2026-09-21T07:14:24.587974+00:00
VNINDEX,1D,2001-02-02,981079200,250.23,250.23,250.23,250.23,23300,1,dnse,2026-09-21T07:14:24.587974+00:00
VNINDEX,1D,2001-02-05,981338400,254.96,254.96,254.96,254.96,2200,1,dnse,2026-09-21T07:14:24.587974+00:00
VNINDEX,1D,2001-02-07,981511200,259.93,259.93,259.93,259.93,8400,1,dnse,2026-09-21T07:14:24.587974+00:00
VNINDEX,1D,2001-02-09,981684000,260.15,260.15,260.15,260.15,314000,1,dnse,2026-09-21T07:14:24.587974+00:00
VNINDEX,1D,2001-02-12,981943200,256.18,260.15,256.18,256.18,130100,1,dnse,2026-09-21T07:14:24.587974+00:00
VNINDEX,1D,2001-02-14,982116000,252.21,256.18,252.21,252.21,78000,1,dnse,2026-09-21T07:14:24.587974+00:00
VNINDEX,1D,2001-02-16,982288800,248.98,252.21,248.98,248.98,43400,1,dnse,2026-09-21T07:14:24.587974+00:00
VNINDEX,1D,2001-02-19,982548000,245.99,245.99,245.99,245.99,34800,1,dnse,2026-09-21T07:14:24.587974+00:00
VNINDEX,1D,2001-02-21,982720800,246.75,246.75,246.75,246.75,240000,1,dnse,2026-09-21T07:14:24.587974+00:00
VNINDEX,1D,2001-02-23,982893600,251.22,251.22,251.22,251.22,155200,1,dnse,2026-09-21T07:14:24.587974+00:00
VNINDEX,1D,2001-02-26,983152800,255.67,255.67,255.67,255.61,96600,1,dnse,2026-09-21T07:14:24.587974+00:00
VNINDEX,1D,2001-02-28,983325600,252.4,255.67,252.4,252.4,292800,1,dnse,2026-09-21T07:14:24.587974+00:00
VNINDEX,1D,2001-03-02,983498400,253.64,253.64,253.64,253.64,207400,1,dnse,2026-09-21T07:14:24.587974+00:00
VNINDEX,1D,2001-03-05,983757600,250.73,253.64,250.73,250.73,165600,1,dnse,2026-09-21T07:14:24.587974+00:00
VNINDEX,1D,2001-03-07,983930400,248.05,250.73,248.05,248.05,199900,1,dnse,2026-09-21T07:14:24.587974+00:00
VNINDEX,1D,2001-03-09,984103200,252.61,252.61,252.61,252.61,118300,1,dnse,2026-09-21T07:14:24.587974+00:00
VNINDEX,1D,2001-03-12,984362400,255.99,255.99,255.99,255.99,121300,1,dnse,2026-09-21T07:14:24.587974+00:00
VNINDEX,1D,2001-03-14,984535200,257.7,257.7,257.7,257.7,143900,1,dnse,2026-09-21T07:14:24.587974+00:00
VNINDEX,1D,2001-03-16,984708000,258.52,258.52,258.52,258.52,101500,1,dnse,2026-09-21T07:14:24.587974+00:00
VNINDEX,1D,2001-03-19,984967200,260.29,260.29,260.29,260.29,179500,1,dnse,2026-09-21T07:14:24.587974+00:00
VNINDEX,1D,2001-03-21,985140000,261.11,261.11,261.11,261.11,83500,1,dnse,2026-09-21T07:14:24.587974+00:00
VNINDEX,1D,2001-03-23,985312800,259.6,261.11,259.6,259.6,134500,1,dnse,2026-09-21T07:14:24.587974+00:00
VNINDEX,1D,2001-03-26,985572000,260.11,260.11,260.11,260.11,76200,1,dnse,2026-09-21T07:14:24.587974+00:00
VNINDEX,1D,2001-03-28,985744800,264.7,264.7,264.7,264.7,88700,1,dnse,2026-09-21T07:14:24.587974+00:00
VNINDEX,1D,2001-03-30,985917600,269.3,269.3,269.3,269.3,44100,1,dnse,2026-09-21T07:14:24.587974+00:00
VNINDEX,1D,2001-04-02,986176800,274.43,274.43,274.43,274.43,139500,1,dnse,2026-09-21T07:14:24.587974+00:00
VNINDEX,1D,2001-04-04,986349600,279.56,279.56,279.56,279.56,55300,1,dnse,2026-09-21T07:14:24.587974+00:00
VNINDEX,1D,2001-04-06,986522400,284.69,284.69,284.69,284.69,32300,1,dnse,2026-09-21T07:14:24.587974+00:00
VNINDEX,1D,2001-04-09,986781600,289.82,289.82,289.82,289.82,96500,1,dnse,2026-09-21T07:14:24.587974+00:00
VNINDEX,1D,2001-04-11,986954400,295.09,295.09,295.09,295.09,97800,1,dnse,2026-09-21T07:14:24.587974+00:00
VNINDEX,1D,2001-04-13,987127200,300.36,300.36,300.36,300.36,65800,1,dnse,2026-09-21T07:14:24.587974+00:00
VNINDEX,1D,2001-04-16,987386400,306.16,306.16,306.16,306.16,42300,1,dnse,2026-09-21T07:14:24.587974+00:00
VNINDEX,1D,2001-04-18,987559200,311.96,311.96,311.96,311.96,57000,1,dnse,2026-09-21T07:14:24.587974+00:00
VNINDEX,1D,2001-04-20,987732000,317.76,317.76,317.76,317.76,122000,1,dnse,2026-09-21T07:14:24.587974+00:00
VNINDEX,1D,2001-04-23,987991200,313.74,317.76,313.74,313.74,319600,1,dnse,2026-09-21T07:14:24.587974+00:00
VNINDEX,1D,2001-04-25,988164000,315.27,315.27,315.27,315.27,412300,1,dnse,2026-09-21T07:14:24.587974+00:00
VNINDEX,1D,2001-04-27,988336800,321.07,321.07,321.07,321.07,48500,1,dnse,2026-09-21T07:14:24.587974+00:00
VNINDEX,1D,2001-05-02,988768800,327.13,327.13,327.13,327.13,42200,1,dnse,2026-09-21T07:14:24.587974+00:00
VNINDEX,1D,2001-05-04,988941600,332.0,332.0,332.0,332.0,104700,1,dnse,2026-09-21T07:14:24.587974+00:00
VNINDEX,1D,2001-05-07,989200800,338.35,338.35,338.35,338.35,64000,1,dnse,2026-09-21T07:14:24.587974+00:00
VNINDEX,1D,2001-05-09,989373600,344.47,344.47,344.47,344.47,160400,1,dnse,2026-09-21T07:14:24.587974+00:00
VNINDEX,1D,2001-05-11,989546400,351.06,351.06,351.06,351.06,23200,1,dnse,2026-09-21T07:14:24.587974+00:00
VNINDEX,1D,2001-05-14,989805600,357.65,357.65,357.65,357.65,19700,1,dnse,2026-09-21T07:14:24.587974+00:00
VNINDEX,1D,2001-05-16,989978400,364.27,364.27,364.27,364.27,23100,1,dnse,2026-09-21T07:14:24.587974+00:00
VNINDEX,1D,2001-05-18,990151200,370.9,370.9,370.9,370.9,55200,1,dnse,2026-09-21T07:14:24.587974+00:00
VNINDEX,1D,2001-05-21,990410400,377.43,377.43,377.43,377.43,52100,1,dnse,2026-09-21T07:14:24.587974+00:00
VNINDEX,1D,2001-05-23,990583200,384.16,384.16,384.16,384.16,229100,1,dnse,2026-09-21T07:14:24.587974+00:00
VNINDEX,1D,2001-05-25,990756000,390.88,390.88,390.88,390.88,82500,1,dnse,2026-09-21T07:14:24.587974+00:00
VNINDEX,1D,2001-05-28,991015200,397.5,397.5,397.5,397.5,31700,1,dnse,2026-09-21T07:14:24.587974+00:00
VNINDEX,1D,2001-05-30,991188000,404.26,404.26,404.26,404.26,14300,1,dnse,2026-09-21T07:14:24.587974+00:00
VNINDEX,1D,2001-06-01,991360800,411.03,411.03,411.03,411.03,16100,1,dnse,2026-09-21T07:14:24.587974+00:00
VNINDEX,1D,2001-06-04,991620000,417.79,417.79,417.79,417.79,21600,1,dnse,2026-09-21T07:14:24.587974+00:00
VNINDEX,1D,2001-06-06,991792800,424.56,424.56,424.56,424.56,24000,1,dnse,2026-09-21T07:14:24.587974+00:00
VNINDEX,1D,2001-06-08,991965600,426.58,426.58,426.58,426.58,193200,1,dnse,2026-09-21T07:14:24.587974+00:00
VNINDEX,1D,2001-06-11,992224800,428.02,428.02,428.02,428.02,424300,1,dnse,2026-09-21T07:14:24.587974+00:00
VNINDEX,1D,2001-06-13,992397600,456.18,456.18,456.18,456.18,122300,1,dnse,2026-09-21T07:14:24.587974+00:00
VNINDEX,1D,2001-06-15,992570400,486.34,486.34,486.34,486.34,73700,1,dnse,2026-09-21T07:14:24.587974+00:00
VNINDEX,1D,2001-06-18,992829600,518.62,518.62,518.62,518.62,159900,1,dnse,2026-09-21T07:14:24.587974+00:00
VNINDEX,1D,2001-06-20,993002400,553.56,553.56,553.56,553.56,141000,1,dnse,2026-09-21T07:14:24.587974+00:00
VNINDEX,1D,2001-06-22,993175200,563.0,563.0,563.0,563.0,293800,1,dnse,2026-09-21T07:14:24.587974+00:00
VNINDEX,1D,2001-06-25,993434400,571.04,571.04,571.04,571.04,268100,1,dnse,2026-09-21T07:14:24.587974+00:00
VNINDEX,1D,2001-06-27,993607200,531.93,531.93,531.93,531.93,79700,1,dnse,2026-09-21T07:14:24.587974+00:00
VNINDEX,1D,2001-06-29,993780000,500.28,571.04,500.28,500.28,118400,1,dnse,2026-09-21T07:14:24.587974+00:00
VNINDEX,1D,2001-07-02,994039200,491.17,500.28,491.17,491.17,181200,1,dnse,2026-09-21T07:14:24.587974+00:00
VNINDEX,1D,2001-07-04,994212000,512.8,512.8,512.8,512.8,268300,1,dnse,2026-09-21T07:14:24.587974+00:00
VNINDEX,1D,2001-07-06,994384800,502.93,512.8,502.93,502.93,223400,1,dnse,2026-09-21T07:14:24.587974+00:00
VNINDEX,1D,2001-07-09,994644000,470.83,502.93,470.83,470.83,108800,1,dnse,2026-09-21T07:14:24.587974+00:00
VNINDEX,1D,2001-07-11,994816800,436.13,470.83,436.13,436.13,92500,1,dnse,2026-09-21T07:14:24.587974+00:00
VNINDEX,1D,2001-07-13,994989600,416.46,436.13,416.46,416.46,169000,1,dnse,2026-09-21T07:14:24.587974+00:00
VNINDEX,1D,2001-07-16,995248800,411.43,416.46,411.43,411.43,121300,1,dnse,2026-09-21T07:14:24.587974+00:00
VNINDEX,1D,2001-07-18,995421600,438.12,438.12,438.12,438.12,98700,1,dnse,2026-09-21T07:14:24.587974+00:00
VNINDEX,1D,2001-07-20,995594400,466.67,466.67,466.67,466.67,56400,1,dnse,2026-09-21T07:14:24.587974+00:00
VNINDEX,1D,2001-07-23,995853600,438.33,466.67,438.33,438.33,274500,1,dnse,2026-09-21T07:14:24.587974+00:00
VNINDEX,1D,2001-07-25,996026400,450.87,450.87,450.87,450.87,142100,1,dnse,2026-09-21T07:14:24.587974+00:00
VNINDEX,1D,2001-07-27,996199200,445.37,450.87,445.37,445.37,96400,1,dnse,2026-09-21T07:14:24.587974+00:00
VNINDEX,1D,2001-07-30,996458400,422.46,445.37,422.46,422.46,100000,1,dnse,2026-09-21T07:14:24.587974+00:00
VNINDEX,1D,2001-08-01,996631200,395.63,422.46,395.63,395.63,119700,1,dnse,2026-09-21T07:14:24.587974+00:00
VNINDEX,1D,2001-08-03,996804000,371.76,395.63,371.76,371.76,63900,1,dnse,2026-09-21T07:14:24.587974+00:00
VNINDEX,1D,2001-08-06,997063200,350.69,371.76,350.69,350.69,49200,1,dnse,2026-09-21T07:14:24.587974+00:00
VNINDEX,1D,2001-08-08,997236000,373.63,373.63,373.63,373.63,220300,1,dnse,2026-09-21T07:14:24.587974+00:00
VNINDEX,1D,2001-08-10,997408800,394.18,394.18,394.18,394.18,163700,1,dnse,2026-09-21T07:14:24.587974+00:00
VNINDEX,1D,2001-08-13,997668000,368.34,394.18,368.34,368.34,122400,1,dnse,2026-09-21T07:14:24.587974+00:00
VNINDEX,1D,2001-08-15,997840800,344.31,368.34,344.31,344.31,69300,1,dnse,2026-09-21T07:14:24.587974+00:00
VNINDEX,1D,2001-08-17,998013600,321.83,344.31,321.83,321.83,182000,1,dnse,2026-09-21T07:14:24.587974+00:00
VNINDEX,1D,2001-08-20,998272800,302.25,321.83,302.25,302.25,194600,1,dnse,2026-09-21T07:14:24.587974+00:00
VNINDEX,1D,2001-08-22,998445600,320.98,320.98,320.98,320.98,146500,1,dnse,2026-09-21T07:14:24.587974+00:00
VNINDEX,1D,2001-08-24,998618400,300.03,320.98,300.03,300.03,146100,1,dnse,2026-09-21T07:14:24.587974+00:00
VNINDEX,1D,2001-08-27,998877600,279.65,300.03,279.65,279.65,53700,1,dnse,2026-09-21T07:14:24.587974+00:00
VNINDEX,1D,2001-08-29,999050400,261.35,279.65,261.35,261.35,117500,1,dnse,2026-09-21T07:14:24.587974+00:00
VNINDEX,1D,2001-08-31,999223200,277.4,277.4,277.4,277.4,280400,1,dnse,2026-09-21T07:14:24.587974+00:00
VNINDEX,1D,2001-09-05,999655200,296.43,296.43,296.43,296.43,69300,1,dnse,2026-09-21T07:14:24.587974+00:00
VNINDEX,1D,2001-09-07,999828000,307.76,307.76,307.76,307.76,204300,1,dnse,2026-09-21T07:14:24.587974+00:00
VNINDEX,1D,2001-09-10,1000087200,286.55,307.76,286.55,286.55,259200,1,dnse,2026-09-21T07:14:24.587974+00:00
VNINDEX,1D,2001-09-12,1000260000,284.68,286.55,284.68,284.68,192100,1,dnse,2026-09-21T07:14:24.587974+00:00
VNINDEX,1D,2001-09-14,1000432800,274.64,284.68,274.64,274.64,150200,1,dnse,2026-09-21T07:14:24.587974+00:00
VNINDEX,1D,2001-09-17,1000692000,266.09,274.64,266.09,266.09,126200,1,dnse,2026-09-21T07:14:24.587974+00:00
VNINDEX,1D,2001-09-19,1000864800,273.37,273.37,273.37,273.37,150000,1,dnse,2026-09-21T07:14:24.587974+00:00
VNINDEX,1D,2001-09-21,1001037600,272.03,273.37,272.03,272.03,102000,1,dnse,2026-09-21T07:14:24.587974+00:00
VNINDEX,1D,2001-09-24,1001296800,259.75,272.03,259.75,259.75,135200,1,dnse,2026-09-21T07:14:24.587974+00:00
VNINDEX,1D,2001-09-26,1001469600,249.72,259.75,249.72,249.72,125200,1,dnse,2026-09-21T07:14:24.587974+00:00
VNINDEX,1D,2001-09-28,1001642400,244.46,249.72,244.46,244.46,131400,1,dnse,2026-09-21T07:14:24.587974+00:00
VNINDEX,1D,2001-10-01,1001901600,229.06,244.46,229.06,229.06,141500,1,dnse,2026-09-21T07:14:24.587974+00:00
VNINDEX,1D,2001-10-03,1002074400,214.29,229.06,214.29,214.29,89200,1,dnse,2026-09-21T07:14:24.587974+00:00
VNINDEX,1D,2001-10-05,1002247200,203.12,214.29,203.12,203.12,208100,1,dnse,2026-09-21T07:14:24.587974+00:00
VNINDEX,1D,2001-10-08,1002506400,217.1,217.1,217.1,217.1,111400,1,dnse,2026-09-21T07:14:24.587974+00:00
VNINDEX,1D,2001-10-10,1002679200,221.18,221.18,221.18,221.18,1100,1,dnse,2026-09-21T07:14:24.587974+00:00
VNINDEX,1D,2001-10-12,1002852000,225.27,225.27,225.27,225.27,900,1,dnse,2026-09-21T07:14:24.587974+00:00
VNINDEX,1D,2001-10-15,1003111200,229.35,229.35,229.35,229.35,14600,1,dnse,2026-09-21T07:14:24.587974+00:00
VNINDEX,1D,2001-10-17,1003284000,233.48,233.48,233.48,233.48,9800,1,dnse,2026-09-21T07:14:24.587974+00:00
VNINDEX,1D,2001-10-19,1003456800,237.62,237.62,237.62,237.62,8400,1,dnse,2026-09-21T07:14:24.587974+00:00
VNINDEX,1D,2001-10-22,1003716000,242.01,242.01,242.01,242.01,15100,1,dnse,2026-09-21T07:14:24.587974+00:00
VNINDEX,1D,2001-10-24,1003888800,246.41,246.41,246.41,246.41,11600,1,dnse,2026-09-21T07:14:24.587974+00:00
VNINDEX,1D,2001-10-26,1004061600,250.85,250.85,250.85,250.85,21400,1,dnse,2026-09-21T07:14:24.587974+00:00
VNINDEX,1D,2001-10-29,1004320800,255.55,255.55,255.55,255.55,389900,1,dnse,2026-09-21T07:14:24.587974+00:00
VNINDEX,1D,2001-10-31,1004493600,260.29,260.29,260.29,260.29,46600,1,dnse,2026-09-21T07:14:24.587974+00:00
VNINDEX,1D,2001-11-02,1004666400,265.03,265.03,265.03,265.03,64000,1,dnse,2026-09-21T07:14:24.587974+00:00
VNINDEX,1D,2001-11-05,1004925600,269.77,269.77,269.77,269.77,68200,1,dnse,2026-09-21T07:14:24.587974+00:00
VNINDEX,1D,2001-11-07,1005098400,274.89,274.89,274.89,274.89,18000,1,dnse,2026-09-21T07:14:24.587974+00:00
VNINDEX,1D,2001-11-09,1005271200,280.03,280.03,280.03,280.03,20100,1,dnse,2026-09-21T07:14:24.587974+00:00
VNINDEX,1D,2001-11-12,1005530400,285.06,285.06,285.06,285.06,23100,1,dnse,2026-09-21T07:14:24.587974+00:00
VNINDEX,1D,2001-11-14,1005703200,290.51,290.51,290.51,290.51,28800,1,dnse,2026-09-21T07:14:24.587974+00:00
VNINDEX,1D,2001-11-16,1005876000,295.97,295.97,295.97,295.97,22200,1,dnse,2026-09-21T07:14:24.587974+00:00
VNINDEX,1D,2001-11-19,1006135200,301.09,301.09,301.09,301.09,51000,1,dnse,2026-09-21T07:14:24.587974+00:00
VNINDEX,1D,2001-11-21,1006308000,296.11,301.09,296.11,296.11,281600,1,dnse,2026-09-21T07:14:24.587974+00:00
VNINDEX,1D,2001-11-23,1006480800,292.17,296.11,292.17,292.17,127100,1,dnse,2026-09-21T07:14:24.587974+00:00
VNINDEX,1D,2001-11-26,1006740000,296.9,296.9,296.9,296.9,249600,1,dnse,2026-09-21T07:14:24.587974+00:00
VNINDEX,1D,2001-11-28,1006912800,293.03,296.9,293.03,293.03,130800,1,dnse,2026-09-21T07:14:24.587974+00:00
VNINDEX,1D,2001-11-30,1007085600,288.52,293.03,288.52,288.52,25900,1,dnse,2026-09-21T07:14:24.587974+00:00
VNINDEX,1D,2001-12-03,1007344800,283.02,288.52,283.02,283.02,12400,1,dnse,2026-09-21T07:14:24.587974+00:00
VNINDEX,1D,2001-12-05,1007517600,279.15,283.02,279.15,279.15,4800,1,dnse,2026-09-21T07:14:24.587974+00:00
VNINDEX,1D,2001-12-07,1007690400,275.49,279.15,275.49,275.49,60400,1,dnse,2026-09-21T07:14:24.587974+00:00
VNINDEX,1D,2001-12-10,1007949600,271.62,275.49,271.62,271.62,130900,1,dnse,2026-09-21T07:14:24.587974+00:00
VNINDEX,1D,2001-12-12,1008122400,267.83,271.62,267.83,267.83,59700,1,dnse,2026-09-21T07:14:24.587974+00:00
VNINDEX,1D,2001-12-14,1008295200,263.04,267.83,263.04,263.04,42100,1,dnse,2026-09-21T07:14:24.587974+00:00
VNINDEX,1D,2001-12-17,1008554400,259.08,263.04,259.08,259.08,12500,1,dnse,2026-09-21T07:14:24.587974+00:00
VNINDEX,1D,2001-12-19,1008727200,247.26,259.08,247.26,247.26,77200,1,dnse,2026-09-21T07:14:24.587974+00:00
VNINDEX,1D,2001-12-21,1008900000,250.95,250.95,250.95,250.95,343800,1,dnse,2026-09-21T07:14:24.587974+00:00
VNINDEX,1D,2001-12-24,1009159200,248.05,250.95,248.05,248.05,142800,1,dnse,2026-09-21T07:14:24.587974+00:00
VNINDEX,1D,2001-12-26,1009332000,242.75,248.05,242.75,242.75,125100,1,dnse,2026-09-21T07:14:24.587974+00:00
VNINDEX,1D,2001-12-28,1009504800,239.27,242.75,239.27,239.27,70800,1,dnse,2026-09-21T07:14:24.587974+00:00
VNINDEX,1D,2001-12-31,1009764000,235.4,239.27,235.4,235.4,34100,1,dnse,2026-09-21T07:14:24.587974+00:00
VNINDEX,1D,2002-01-02,1009936800,231.7,235.4,231.7,231.7,57900,1,dnse,2026-09-21T07:14:24.587974+00:00
VNINDEX,1D,2002-01-04,1010109600,227.79,231.7,227.79,227.79,35200,1,dnse,2026-09-21T07:14:24.587974+00:00
VNINDEX,1D,2002-01-07,1010368800,225.95,227.79,225.95,225.95,268600,1,dnse,2026-09-21T07:14:24.587974+00:00
VNINDEX,1D,2002-01-09,1010541600,222.9,225.95,222.9,222.9,171600,1,dnse,2026-09-21T07:14:24.587974+00:00
VNINDEX,1D,2002-01-11,1010714400,219.22,222.9,219.22,219.22,74900,1,dnse,2026-09-21T07:14:24.587974+00:00
VNINDEX,1D,2002-01-14,1010973600,214.16,219.22,214.16,214.16,49400,1,dnse,2026-09-21T07:14:24.587974+00:00
VNINDEX,1D,2002-01-16,1011146400,210.68,214.16,210.68,210.68,26400,1,dnse,2026-09-21T07:14:24.587974+00:00
VNINDEX,1D,2002-01-18,1011319200,206.79,206.79,206.79,206.79,24500,1,dnse,2026-09-21T07:14:24.587974+00:00
VNINDEX,1D,2002-01-21,1011578400,203.27,209.02,203.27,203.27,75400,1,dnse,2026-09-21T07:14:24.587974+00:00
VNINDEX,1D,2002-01-23,1011751200,206.01,206.01,206.01,206.01,309900,1,dnse,2026-09-21T07:14:24.587974+00:00
VNINDEX,1D,2002-01-28,1012183200,210.76,210.76,210.76,210.76,70100,1,dnse,2026-09-21T07:14:24.587974+00:00
VNINDEX,1D,2002-01-30,1012356000,207.55,210.76,207.55,207.55,459600,1,dnse,2026-09-21T07:14:24.587974+00:00
VNINDEX,1D,2002-02-01,1012528800,204.48,207.55,204.48,204.48,274300,1,dnse,2026-09-21T07:14:24.587974+00:00
VNINDEX,1D,2002-02-04,1012788000,203.77,204.48,203.77,203.77,266200,1,dnse,2026-09-21T07:14:24.587974+00:00
VNINDEX,1D,2002-02-06,1012960800,205.37,205.37,205.37,205.37,176200,1,dnse,2026-09-21T07:14:24.587974+00:00
VNINDEX,1D,2002-02-08,1013133600,205.2,205.37,205.2,205.2,239000,1,dnse,2026-09-21T07:14:24.587974+00:00
VNINDEX,1D,2002-02-18,1013997600,202.89,205.2,202.89,202.89,53600,1,dnse,2026-09-21T07:14:24.587974+00:00
VNINDEX,1D,2002-02-20,1014170400,199.52,202.89,199.52,199.52,82800,1,dnse,2026-09-21T07:14:24.587974+00:00
VNINDEX,1D,2002-02-22,1014343200,196.58,199.52,196.58,196.58,106400,1,dnse,2026-09-21T07:14:24.587974+00:00
VNINDEX,1D,2002-02-25,1014602400,193.79,196.58,193.79,193.79,80500,1,dnse,2026-09-21T07:14:24.587974+00:00
VNINDEX,1D,2002-02-27,1014775200,191.1,193.79,191.1,191.1,81700,1,dnse,2026-09-21T07:14:24.587974+00:00
VNINDEX,1D,2002-03-01,1014948000,193.59,193.59,193.59,193.59,405100,1,dnse,2026-09-21T07:14:24.587974+00:00
VNINDEX,1D,2002-03-04,1015207200,190.98,193.59,190.98,190.98,159900,1,dnse,2026-09-21T07:14:24.587974+00:00
VNINDEX,1D,2002-03-05,1015293600,188.22,190.98,188.22,188.22,136500,1,dnse,2026-09-21T07:14:24.587974+00:00
VNINDEX,1D,2002-03-06,1015380000,185.74,188.22,185.74,185.74,148200,1,dnse,2026-09-21T07:14:24.587974+00:00
VNINDEX,1D,2002-03-07,1015466400,183.2,185.74,183.2,183.2,125500,1,dnse,2026-09-21T07:14:24.587974+00:00
VNINDEX,1D,2002-03-08,1015552800,181.2,183.2,181.2,181.2,156900,1,dnse,2026-09-21T07:14:24.587974+00:00
VNINDEX,1D,2002-03-11,1015812000,180.73,181.2,180.73,180.73,324600,1,dnse,2026-09-21T07:14:24.587974+00:00
VNINDEX,1D,2002-03-12,1015898400,182.92,182.92,182.92,182.92,103400,1,dnse,2026-09-21T07:14:24.587974+00:00
VNINDEX,1D,2002-03-13,1015984800,185.66,185.66,185.66,185.66,70200,1,dnse,2026-09-21T07:14:24.587974+00:00
VNINDEX,1D,2002-03-14,1016071200,188.97,188.97,188.97,188.97,75500,1,dnse,2026-09-21T07:14:24.587974+00:00
VNINDEX,1D,2002-03-15,1016157600,192.39,192.39,192.39,192.39,173700,1,dnse,2026-09-21T07:14:24.587974+00:00
VNINDEX,1D,2002-03-18,1016416800,190.3,192.39,190.3,190.3,327900,1,dnse,2026-09-21T07:14:24.587974+00:00
VNINDEX,1D,2002-03-19,1016503200,187.06,190.3,187.06,187.06,134200,1,dnse,2026-09-21T07:14:24.587974+00:00
VNINDEX,1D,2002-03-20,1016589600,189.05,189.05,189.05,189.05,330700,1,dnse,2026-09-21T07:14:24.587974+00:00
VNINDEX,1D,2002-03-21,1016676000,189.26,189.26,189.26,189.26,99400,1,dnse,2026-09-21T07:14:24.587974+00:00
VNINDEX,1D,2002-03-22,1016762400,187.67,187.67,187.67,187.67,123100,1,dnse,2026-09-21T07:14:24.587974+00:00
VNINDEX,1D,2002-03-25,1017021600,188.71,188.71,188.71,188.71,81500,1,dnse,2026-09-21T07:14:24.587974+00:00
VNINDEX,1D,2002-03-26,1017108000,191.97,191.97,191.97,191.97,107200,1,dnse,2026-09-21T07:14:24.587974+00:00
VNINDEX,1D,2002-03-27,1017194400,195.11,195.11,195.11,195.11,107800,1,dnse,2026-09-21T07:14:24.587974+00:00
VNINDEX,1D,2002-03-28,1017280800,197.89,197.89,197.89,197.89,119200,1,dnse,2026-09-21T07:14:24.587974+00:00
VNINDEX,1D,2002-03-29,1017367200,200.15,200.15,200.15,200.15,95000,1,dnse,2026-09-21T07:14:24.587974+00:00
VNINDEX,1D,2002-04-01,1017626400,203.14,203.14,203.14,203.14,130100,1,dnse,2026-09-21T07:14:24.587974+00:00
VNINDEX,1D,2002-04-02,1017712800,203.22,203.22,203.22,203.22,154900,1,dnse,2026-09-21T07:14:24.587974+00:00
VNINDEX,1D,2002-04-03,1017799200,202.16,203.22,202.16,202.16,319000,1,dnse,2026-09-21T07:14:24.587974+00:00
VNINDEX,1D,2002-04-04,1017885600,201.38,202.16,201.38,201.38,151700,1,dnse,2026-09-21T07:14:24.587974+00:00
VNINDEX,1D,2002-04-05,1017972000,198.77,201.38,198.77,198.77,107700,1,dnse,2026-09-21T07:14:24.587974+00:00
VNINDEX,1D,2002-04-08,1018231200,198.52,198.77,198.52,198.52,132900,1,dnse,2026-09-21T07:14:24.587974+00:00
VNINDEX,1D,2002-04-09,1018317600,200.48,200.48,200.48,200.48,123600,1,dnse,2026-09-21T07:14:24.587974+00:00
VNINDEX,1D,2002-04-10,1018404000,200.85,200.85,200.85,200.85,119400,1,dnse,2026-09-21T07:14:24.587974+00:00
VNINDEX,1D,2002-04-11,1018490400,200.36,200.85,200.36,200.36,98000,1,dnse,2026-09-21T07:14:24.587974+00:00
VNINDEX,1D,2002-04-12,1018576800,199.69,200.36,199.69,199.69,84800,1,dnse,2026-09-21T07:14:24.587974+00:00
VNINDEX,1D,2002-04-15,1018836000,200.4,200.4,200.4,200.4,95300,1,dnse,2026-09-21T07:14:24.587974+00:00
VNINDEX,1D,2002-04-16,1018922400,198.44,200.4,198.44,198.44,101300,1,dnse,2026-09-21T07:14:24.587974+00:00
VNINDEX,1D,2002-04-17,1019008800,197.12,198.44,197.12,197.12,85700,1,dnse,2026-09-21T07:14:24.587974+00:00
VNINDEX,1D,2002-04-18,1019095200,199.31,199.31,199.31,199.31,127800,1,dnse,2026-09-21T07:14:24.587974+00:00
VNINDEX,1D,2002-04-19,1019181600,201.43,201.43,201.43,201.43,132300,1,dnse,2026-09-21T07:14:24.587974+00:00
VNINDEX,1D,2002-04-22,1019440800,201.14,201.43,201.14,201.14,125200,1,dnse,2026-09-21T07:14:24.587974+00:00
VNINDEX,1D,2002-04-23,1019527200,202.81,202.81,202.81,202.81,183100,1,dnse,2026-09-21T07:14:24.587974+00:00
VNINDEX,1D,2002-04-24,1019613600,205.65,205.65,205.65,205.65,154300,1,dnse,2026-09-21T07:14:24.587974+00:00
VNINDEX,1D,2002-04-25,1019700000,207.06,207.06,207.06,207.06,199200,1,dnse,2026-09-21T07:14:24.587974+00:00
VNINDEX,1D,2002-04-26,1019786400,208.48,208.48,208.48,208.48,185500,1,dnse,2026-09-21T07:14:24.587974+00:00
VNINDEX,1D,2002-05-02,1020304800,209.52,209.52,209.52,209.52,229200,1,dnse,2026-09-21T07:14:24.587974+00:00
VNINDEX,1D,2002-05-03,1020391200,212.95,212.95,212.95,212.95,204600,1,dnse,2026-09-21T07:14:24.587974+00:00
VNINDEX,1D,2002-05-06,1020650400,214.23,214.23,214.23,214.23,243200,1,dnse,2026-09-21T07:14:24.587974+00:00
VNINDEX,1D,2002-05-07,1020736800,210.43,214.23,210.43,210.43,225500,1,dnse,2026-09-21T07:14:24.587974+00:00
VNINDEX,1D,2002-05-08,1020823200,207.05,210.43,207.05,207.05,213600,1,dnse,2026-09-21T07:14:24.587974+00:00
VNINDEX,1D,2002-05-09,1020909600,208.85,208.85,208.85,208.85,143300,1,dnse,2026-09-21T07:14:24.587974+00:00
VNINDEX,1D,2002-05-10,1020996000,211.88,211.88,211.88,211.88,182000,1,dnse,2026-09-21T07:14:24.587974+00:00
VNINDEX,1D,2002-05-13,1021255200,209.62,211.88,209.62,209.62,266800,1,dnse,2026-09-21T07:14:24.587974+00:00
VNINDEX,1D,2002-05-14,1021341600,209.88,209.88,209.88,209.88,165000,1,dnse,2026-09-21T07:14:24.587974+00:00
VNINDEX,1D,2002-05-15,1021428000,209.82,209.88,209.82,209.82,226400,1,dnse,2026-09-21T07:14:24.587974+00:00
VNINDEX,1D,2002-05-16,1021514400,209.08,209.82,209.08,209.08,194100,1,dnse,2026-09-21T07:14:24.587974+00:00
VNINDEX,1D,2002-05-17,1021600800,209.79,209.79,209.79,209.79,165900,1,dnse,2026-09-21T07:14:24.587974+00:00
VNINDEX,1D,2002-05-20,1021860000,208.14,209.79,208.14,208.14,159800,1,dnse,2026-09-21T07:14:24.587974+00:00
VNINDEX,1D,2002-05-21,1021946400,208.93,208.93,208.93,208.93,162700,1,dnse,2026-09-21T07:14:24.587974+00:00
VNINDEX,1D,2002-05-22,1022032800,209.66,209.66,209.66,209.66,144200,1,dnse,2026-09-21T07:14:24.587974+00:00
VNINDEX,1D,2002-05-23,1022119200,208.93,209.66,208.93,208.93,118600,1,dnse,2026-09-21T07:14:24.587974+00:00
VNINDEX,1D,2002-05-24,1022205600,208.04,208.93,208.04,208.04,183000,1,dnse,2026-09-21T07:14:24.587974+00:00
VNINDEX,1D,2002-05-27,1022464800,206.3,208.04,206.3,206.3,181000,1,dnse,2026-09-21T07:14:24.587974+00:00
VNINDEX,1D,2002-05-28,1022551200,205.02,206.3,205.02,205.02,208700,1,dnse,2026-09-21T07:14:24.587974+00:00
VNINDEX,1D,2002-05-29,1022637600,203.65,205.02,203.65,203.65,162100,1,dnse,2026-09-21T07:14:24.587974+00:00
VNINDEX,1D,2002-05-30,1022724000,203.77,203.77,203.77,203.77,118900,1,dnse,2026-09-21T07:14:24.587974+00:00
VNINDEX,1D,2002-05-31,1022810400,207.12,207.12,207.12,207.12,132400,1,dnse,2026-09-21T07:14:24.587974+00:00
VNINDEX,1D,2002-06-03,1023069600,207.81,207.81,207.81,207.81,121500,1,dnse,2026-09-21T07:14:24.587974+00:00
VNINDEX,1D,2002-06-04,1023156000,205.68,207.81,205.68,205.68,68100,1,dnse,2026-09-21T07:14:24.587974+00:00
VNINDEX,1D,2002-06-05,1023242400,205.48,205.68,205.48,205.48,48300,1,dnse,2026-09-21T07:14:24.587974+00:00
VNINDEX,1D,2002-06-06,1023328800,205.07,205.48,205.07,205.07,82100,1,dnse,2026-09-21T07:14:24.587974+00:00
VNINDEX,1D,2002-06-07,1023415200,203.26,205.07,203.26,203.06,80600,1,dnse,2026-09-21T07:14:24.587974+00:00
VNINDEX,1D,2002-06-10,1023674400,204.88,204.88,204.88,204.88,88000,1,dnse,2026-09-21T07:14:24.587974+00:00
VNINDEX,1D,2002-06-11,1023760800,203.53,204.88,203.53,203.53,36000,1,dnse,2026-09-21T07:14:24.587974+00:00
VNINDEX,1D,2002-06-12,1023847200,203.79,203.79,203.79,203.79,70900,1,dnse,2026-09-21T07:14:24.587974+00:00
VNINDEX,1D,2002-06-13,1023933600,202.35,203.79,202.35,202.35,59700,1,dnse,2026-09-21T07:14:24.587974+00:00
VNINDEX,1D,2002-06-14,1024020000,200.75,202.35,200.75,200.75,112600,1,dnse,2026-09-21T07:14:24.587974+00:00
VNINDEX,1D,2002-06-17,1024279200,197.77,200.75,197.77,197.77,114800,1,dnse,2026-09-21T07:14:24.587974+00:00
VNINDEX,1D,2002-06-18,1024365600,195.59,197.77,195.59,195.59,69000,1,dnse,2026-09-21T07:14:24.587974+00:00
VNINDEX,1D,2002-06-19,1024452000,192.13,195.59,192.13,192.13,74100,1,dnse,2026-09-21T07:14:24.587974+00:00
VNINDEX,1D,2002-06-20,1024538400,193.32,193.32,193.32,193.32,177900,1,dnse,2026-09-21T07:14:24.587974+00:00
VNINDEX,1D,2002-06-21,1024624800,196.89,196.89,196.89,196.89,32200,1,dnse,2026-09-21T07:14:24.587974+00:00
VNINDEX,1D,2002-06-24,1024884000,200.5,200.5,200.5,200.5,35100,1,dnse,2026-09-21T07:14:24.587974+00:00
VNINDEX,1D,2002-06-25,1024970400,202.4,202.4,202.4,202.4,97900,1,dnse,2026-09-21T07:14:24.587974+00:00
VNINDEX,1D,2002-06-26,1025056800,200.5,202.4,200.5,200.5,177700,1,dnse,2026-09-21T07:14:24.587974+00:00
VNINDEX,1D,2002-06-27,1025143200,199.61,200.5,199.61,199.61,101800,1,dnse,2026-09-21T07:14:24.587974+00:00
VNINDEX,1D,2002-06-28,1025229600,202.06,202.06,202.06,202.06,131200,1,dnse,2026-09-21T07:14:24.587974+00:00
VNINDEX,1D,2002-07-01,1025488800,200.26,202.06,200.26,200.26,89400,1,dnse,2026-09-21T07:14:24.587974+00:00
VNINDEX,1D,2002-07-02,1025575200,199.94,200.26,199.94,199.94,119400,1,dnse,2026-09-21T07:14:24.587974+00:00
VNINDEX,1D,2002-07-03,1025661600,199.61,199.94,199.61,199.61,86200,1,dnse,2026-09-21T07:14:24.587974+00:00
VNINDEX,1D,2002-07-04,1025748000,199.7,199.7,199.7,199.7,98800,1,dnse,2026-09-21T07:14:24.587974+00:00
VNINDEX,1D,2002-07-05,1025834400,200.5,200.5,200.5,200.5,99100,1,dnse,2026-09-21T07:14:24.587974+00:00
VNINDEX,1D,2002-07-08,1026093600,200.19,200.5,200.19,200.19,87000,1,dnse,2026-09-21T07:14:24.587974+00:00
VNINDEX,1D,2002-07-09,1026180000,199.0,200.19,199.0,199.0,134800,1,dnse,2026-09-21T07:14:24.587974+00:00
VNINDEX,1D,2002-07-10,1026266400,197.27,199.0,197.27,197.27,125500,1,dnse,2026-09-21T07:14:24.587974+00:00
VNINDEX,1D,2002-07-11,1026352800,197.25,197.27,197.25,197.25,137800,1,dnse,2026-09-21T07:14:24.587974+00:00
VNINDEX,1D,2002-07-12,1026439200,198.17,198.17,198.17,198.17,107900,1,dnse,2026-09-21T07:14:24.587974+00:00
VNINDEX,1D,2002-07-15,1026698400,197.37,198.17,197.37,197.37,150500,1,dnse,2026-09-21T07:14:24.587974+00:00
VNINDEX,1D,2002-07-16,1026784800,196.85,197.37,196.85,196.85,90300,1,dnse,2026-09-21T07:14:24.587974+00:00
VNINDEX,1D,2002-07-17,1026871200,194.3,196.85,194.3,194.3,77300,1,dnse,2026-09-21T07:14:24.587974+00:00
VNINDEX,1D,2002-07-18,1026957600,192.42,194.3,192.42,192.42,61200,1,dnse,2026-09-21T07:14:24.587974+00:00
VNINDEX,1D,2002-07-19,1027044000,191.25,192.42,191.25,191.25,118200,1,dnse,2026-09-21T07:14:24.587974+00:00
VNINDEX,1D,2002-07-22,1027303200,193.36,193.36,193.36,193.36,127200,1,dnse,2026-09-21T07:14:24.587974+00:00
VNINDEX,1D,2002-07-23,1027389600,196.85,196.85,196.85,196.85,62800,1,dnse,2026-09-21T07:14:24.587974+00:00
VNINDEX,1D,2002-07-24,1027476000,197.42,197.42,197.42,197.42,171900,1,dnse,2026-09-21T07:14:24.587974+00:00
VNINDEX,1D,2002-07-25,1027562400,194.49,197.42,194.49,194.49,177000,1,dnse,2026-09-21T07:14:24.587974+00:00
VNINDEX,1D,2002-07-26,1027648800,195.79,195.79,195.79,195.79,102200,1,dnse,2026-09-21T07:14:24.587974+00:00
VNINDEX,1D,2002-07-29,1027908000,195.16,195.79,195.16,195.16,122500,1,dnse,2026-09-21T07:14:24.587974+00:00
VNINDEX,1D,2002-07-30,1027994400,196.94,196.94,196.94,196.94,99400,1,dnse,2026-09-21T07:14:24.587974+00:00
VNINDEX,1D,2002-07-31,1028080800,197.57,197.57,197.57,197.57,146800,1,dnse,2026-09-21T07:14:24.587974+00:00
VNINDEX,1D,2002-08-01,1028167200,197.12,197.57,197.12,197.12,72500,1,dnse,2026-09-21T07:14:24.587974+00:00
VNINDEX,1D,2002-08-02,1028253600,195.06,197.12,195.06,195.06,86500,1,dnse,2026-09-21T07:14:24.587974+00:00
VNINDEX,1D,2002-08-05,1028512800,193.67,195.06,193.67,193.67,115800,1,dnse,2026-09-21T07:14:24.587974+00:00
VNINDEX,1D,2002-08-06,1028599200,194.34,194.34,194.34,194.34,81000,1,dnse,2026-09-21T07:14:24.587974+00:00
VNINDEX,1D,2002-08-07,1028685600,194.06,194.34,194.06,194.06,88700,1,dnse,2026-09-21T07:14:24.587974+00:00
VNINDEX,1D,2002-08-08,1028772000,193.39,194.06,193.39,193.39,106000,1,dnse,2026-09-21T07:14:24.587974+00:00
VNINDEX,1D,2002-08-09,1028858400,192.49,193.39,192.49,192.49,134300,1,dnse,2026-09-21T07:14:24.587974+00:00
VNINDEX,1D,2002-08-12,1029117600,191.53,192.49,191.53,191.53,84000,1,dnse,2026-09-21T07:14:24.587974+00:00
VNINDEX,1D,2002-08-13,1029204000,189.78,191.53,189.78,189.78,128900,1,dnse,2026-09-21T07:14:24.587974+00:00
VNINDEX,1D,2002-08-14,1029290400,188.73,189.78,188.73,188.73,113500,1,dnse,2026-09-21T07:14:24.587974+00:00
VNINDEX,1D,2002-08-15,1029376800,189.55,189.55,189.55,189.55,163800,1,dnse,2026-09-21T07:14:24.587974+00:00
VNINDEX,1D,2002-08-16,1029463200,191.67,191.67,191.67,191.67,92600,1,dnse,2026-09-21T07:14:24.587974+00:00
VNINDEX,1D,2002-08-19,1029722400,192.67,192.67,192.67,192.67,122000,1,dnse,2026-09-21T07:14:24.587974+00:00
VNINDEX,1D,2002-08-20,1029808800,190.96,192.67,190.96,190.96,102700,1,dnse,2026-09-21T07:14:24.587974+00:00
VNINDEX,1D,2002-08-21,1029895200,190.9,190.96,190.9,190.9,160100,1,dnse,2026-09-21T07:14:24.587974+00:00
VNINDEX,1D,2002-08-22,1029981600,190.95,190.95,190.95,190.95,162700,1,dnse,2026-09-21T07:14:24.587974+00:00
VNINDEX,1D,2002-08-23,1030068000,190.21,190.95,190.21,190.21,148000,1,dnse,2026-09-21T07:14:24.587974+00:00
VNINDEX,1D,2002-08-26,1030327200,189.97,190.21,189.97,189.97,129800,1,dnse,2026-09-21T07:14:24.587974+00:00
VNINDEX,1D,2002-08-27,1030413600,189.32,189.97,189.32,189.32,106500,1,dnse,2026-09-21T07:14:24.587974+00:00
VNINDEX,1D,2002-08-28,1030500000,190.54,190.54,190.54,190.54,119200,1,dnse,2026-09-21T07:14:24.587974+00:00
VNINDEX,1D,2002-08-29,1030586400,191.28,191.28,191.28,191.28,149300,1,dnse,2026-09-21T07:14:24.587974+00:00
VNINDEX,1D,2002-08-30,1030672800,191.66,191.66,191.66,191.66,178600,1,dnse,2026-09-21T07:14:24.587974+00:00
VNINDEX,1D,2002-09-03,1031018400,191.43,191.66,191.43,191.43,56700,1,dnse,2026-09-21T07:14:24.587974+00:00
VNINDEX,1D,2002-09-04,1031104800,190.59,191.43,190.59,190.59,113200,1,dnse,2026-09-21T07:14:24.587974+00:00
VNINDEX,1D,2002-09-05,1031191200,190.54,190.59,190.54,190.54,74500,1,dnse,2026-09-21T07:14:24.587974+00:00
VNINDEX,1D,2002-09-06,1031277600,190.45,190.54,190.45,190.45,74600,1,dnse,2026-09-21T07:14:24.587974+00:00
VNINDEX,1D,2002-09-09,1031536800,190.21,190.45,190.21,190.21,70000,1,dnse,2026-09-21T07:14:24.587974+00:00
VNINDEX,1D,2002-09-10,1031623200,189.86,190.21,189.86,189.86,70600,1,dnse,2026-09-21T07:14:24.587974+00:00
VNINDEX,1D,2002-09-11,1031709600,189.4,189.86,189.4,189.4,71600,1,dnse,2026-09-21T07:14:24.587974+00:00
VNINDEX,1D,2002-09-12,1031796000,189.14,189.4,189.14,189.14,74300,1,dnse,2026-09-21T07:14:24.587974+00:00
VNINDEX,1D,2002-09-13,1031882400,188.72,189.14,188.72,188.72,73200,1,dnse,2026-09-21T07:14:24.587974+00:00
VNINDEX,1D,2002-09-16,1032141600,188.66,188.72,188.66,188.66,108100,1,dnse,2026-09-21T07:14:24.587974+00:00
VNINDEX,1D,2002-09-17,1032228000,186.87,188.66,186.87,186.87,107200,1,dnse,2026-09-21T07:14:24.587974+00:00
VNINDEX,1D,2002-09-18,1032314400,185.0,186.87,185.0,185.0,102700,1,dnse,2026-09-21T07:14:24.587974+00:00
VNINDEX,1D,2002-09-19,1032400800,184.69,185.0,184.69,184.69,106200,1,dnse,2026-09-21T07:14:24.587974+00:00
VNINDEX,1D,2002-09-20,1032487200,183.83,184.69,183.83,183.83,108900,1,dnse,2026-09-21T07:14:24.587974+00:00
VNINDEX,1D,2002-09-23,1032746400,182.33,183.83,182.33,182.33,67600,1,dnse,2026-09-21T07:14:24.587974+00:00
VNINDEX,1D,2002-09-24,1032832800,179.93,182.33,179.93,179.93,113700,1,dnse,2026-09-21T07:14:24.587974+00:00
VNINDEX,1D,2002-09-25,1032919200,181.66,181.66,181.66,181.66,113600,1,dnse,2026-09-21T07:14:24.587974+00:00
VNINDEX,1D,2002-09-26,1033005600,183.67,183.67,183.67,183.67,118500,1,dnse,2026-09-21T07:14:24.587974+00:00
VNINDEX,1D,2002-09-27,1033092000,182.62,183.67,182.62,182.62,96900,1,dnse,2026-09-21T07:14:24.587974+00:00
VNINDEX,1D,2002-09-30,1033351200,182.13,182.62,182.13,182.13,74200,1,dnse,2026-09-21T07:14:24.587974+00:00
VNINDEX,1D,2002-10-01,1033437600,182.97,182.97,182.97,182.97,52600,1,dnse,2026-09-21T07:14:24.587974+00:00
VNINDEX,1D,2002-10-02,1033524000,182.84,182.97,182.84,182.84,52100,1,dnse,2026-09-21T07:14:24.587974+00:00
VNINDEX,1D,2002-10-03,1033610400,183.4,183.4,183.4,183.4,84200,1,dnse,2026-09-21T07:14:24.587974+00:00
VNINDEX,1D,2002-10-04,1033696800,182.49,183.4,182.49,182.49,68100,1,dnse,2026-09-21T07:14:24.587974+00:00
VNINDEX,1D,2002-10-07,1033956000,181.71,182.49,181.71,181.71,64500,1,dnse,2026-09-21T07:14:24.587974+00:00
VNINDEX,1D,2002-10-08,1034042400,180.02,181.71,180.02,180.02,76800,1,dnse,2026-09-21T07:14:24.587974+00:00
VNINDEX,1D,2002-10-09,1034128800,178.85,180.02,178.85,178.85,109900,1,dnse,2026-09-21T07:14:24.587974+00:00
VNINDEX,1D,2002-10-10,1034215200,179.1,179.1,179.1,179.1,122300,1,dnse,2026-09-21T07:14:24.587974+00:00
VNINDEX,1D,2002-10-11,1034301600,179.33,179.33,179.33,179.33,31600,1,dnse,2026-09-21T07:14:24.587974+00:00
VNINDEX,1D,2002-10-14,1034560800,180.1,180.1,180.1,180.1,52000,1,dnse,2026-09-21T07:14:24.587974+00:00
VNINDEX,1D,2002-10-15,1034647200,180.63,180.63,180.63,180.63,120800,1,dnse,2026-09-21T07:14:24.587974+00:00
VNINDEX,1D,2002-10-16,1034733600,180.13,180.63,180.13,180.13,48500,1,dnse,2026-09-21T07:14:24.587974+00:00
VNINDEX,1D,2002-10-17,1034820000,179.66,180.13,179.66,179.66,69900,1,dnse,2026-09-21T07:14:24.587974+00:00
VNINDEX,1D,2002-10-18,1034906400,178.64,179.66,178.64,178.64,98000,1,dnse,2026-09-21T07:14:24.587974+00:00
VNINDEX,1D,2002-10-21,1035165600,178.66,178.66,178.66,178.66,57300,1,dnse,2026-09-21T07:14:24.587974+00:00
VNINDEX,1D,2002-10-22,1035252000,179.39,179.39,179.39,179.39,89400,1,dnse,2026-09-21T07:14:24.587974+00:00
VNINDEX,1D,2002-10-23,1035338400,179.1,179.39,179.1,179.1,68100,1,dnse,2026-09-21T07:14:24.587974+00:00
VNINDEX,1D,2002-10-24,1035424800,179.1,179.1,179.1,178.94,87800,1,dnse,2026-09-21T07:14:24.587974+00:00
VNINDEX,1D,2002-10-25,1035511200,178.81,179.1,178.81,178.81,63200,1,dnse,2026-09-21T07:14:24.587974+00:00
VNINDEX,1D,2002-10-28,1035770400,178.8,178.81,178.8,178.8,65900,1,dnse,2026-09-21T07:14:24.587974+00:00
VNINDEX,1D,2002-10-29,1035856800,177.92,178.8,177.92,177.92,90300,1,dnse,2026-09-21T07:14:24.587974+00:00
VNINDEX,1D,2002-10-30,1035943200,177.61,177.92,177.61,177.61,51200,1,dnse,2026-09-21T07:14:24.587974+00:00
VNINDEX,1D,2002-10-31,1036029600,177.61,177.61,177.61,177.61,51400,1,dnse,2026-09-21T07:14:24.587974+00:00
VNINDEX,1D,2002-11-01,1036116000,177.35,177.61,177.35,177.35,76000,1,dnse,2026-09-21T07:14:24.587974+00:00
VNINDEX,1D,2002-11-04,1036375200,176.57,177.35,176.57,176.57,53300,1,dnse,2026-09-21T07:14:24.587974+00:00
VNINDEX,1D,2002-11-05,1036461600,175.02,176.57,175.02,175.02,56300,1,dnse,2026-09-21T07:14:24.587974+00:00
VNINDEX,1D,2002-11-06,1036548000,174.84,175.02,174.84,174.84,54800,1,dnse,2026-09-21T07:14:24.587974+00:00
VNINDEX,1D,2002-11-07,1036634400,174.62,174.84,174.62,174.62,81500,1,dnse,2026-09-21T07:14:24.587974+00:00
VNINDEX,1D,2002-11-08,1036720800,174.88,174.88,174.88,174.88,60700,1,dnse,2026-09-21T07:14:24.587974+00:00
VNINDEX,1D,2002-11-11,1036980000,175.19,175.19,175.19,175.19,43700,1,dnse,2026-09-21T07:14:24.587974+00:00
VNINDEX,1D,2002-11-12,1037066400,175.27,175.27,175.27,175.27,46500,1,dnse,2026-09-21T07:14:24.587974+00:00
VNINDEX,1D,2002-11-13,1037152800,175.63,175.63,175.63,175.63,64000,1,dnse,2026-09-21T07:14:24.587974+00:00
VNINDEX,1D,2002-11-14,1037239200,175.42,175.63,175.42,175.42,79000,1,dnse,2026-09-21T07:14:24.587974+00:00
VNINDEX,1D,2002-11-15,1037325600,175.77,175.77,175.77,175.77,69000,1,dnse,2026-09-21T07:14:24.587974+00:00
VNINDEX,1D,2002-11-18,1037584800,175.73,175.77,175.73,175.73,75700,1,dnse,2026-09-21T07:14:24.587974+00:00
VNINDEX,1D,2002-11-19,1037671200,175.54,175.73,175.54,175.54,62700,1,dnse,2026-09-21T07:14:24.587974+00:00
VNINDEX,1D,2002-11-20,1037757600,176.08,176.08,176.08,176.08,39400,1,dnse,2026-09-21T07:14:24.587974+00:00
VNINDEX,1D,2002-11-21,1037844000,176.47,176.47,176.47,176.47,78500,1,dnse,2026-09-21T07:14:24.587974+00:00
VNINDEX,1D,2002-11-22,1037930400,175.24,176.47,175.24,175.24,51500,1,dnse,2026-09-21T07:14:24.587974+00:00
VNINDEX,1D,2002-11-25,1038189600,176.47,176.47,176.47,176.47,51400,1,dnse,2026-09-21T07:14:24.587974+00:00
VNINDEX,1D,2002-11-26,1038276000,176.5,176.5,176.5,176.5,86000,1,dnse,2026-09-21T07:14:24.587974+00:00
VNINDEX,1D,2002-11-27,1038362400,176.44,176.5,176.44,176.44,76500,1,dnse,2026-09-21T07:14:24.587974+00:00
VNINDEX,1D,2002-11-28,1038448800,177.25,177.25,177.25,177.25,76200,1,dnse,2026-09-21T07:14:24.587974+00:00
VNINDEX,1D,2002-11-29,1038535200,177.87,177.87,177.87,177.87,66300,1,dnse,2026-09-21T07:14:24.587974+00:00
VNINDEX,1D,2002-12-02,1038794400,179.27,179.27,179.27,179.27,80800,1,dnse,2026-09-21T07:14:24.587974+00:00
VNINDEX,1D,2002-12-03,1038880800,183.56,183.56,183.56,183.56,72700,1,dnse,2026-09-21T07:14:24.587974+00:00
VNINDEX,1D,2002-12-04,1038967200,187.21,187.21,187.21,187.21,144300,1,dnse,2026-09-21T07:14:24.587974+00:00
VNINDEX,1D,2002-12-05,1039053600,186.83,187.21,186.83,186.83,225900,1,dnse,2026-09-21T07:14:24.587974+00:00
VNINDEX,1D,2002-12-06,1039140000,184.55,186.83,184.55,184.55,134500,1,dnse,2026-09-21T07:14:24.587974+00:00
VNINDEX,1D,2002-12-09,1039399200,183.62,184.55,183.62,183.62,121200,1,dnse,2026-09-21T07:14:24.587974+00:00
VNINDEX,1D,2002-12-10,1039485600,184.75,184.75,184.75,184.75,70600,1,dnse,2026-09-21T07:14:24.587974+00:00
VNINDEX,1D,2002-12-11,1039572000,184.34,184.75,184.34,184.34,101600,1,dnse,2026-09-21T07:14:24.587974+00:00
VNINDEX,1D,2002-12-12,1039658400,183.69,184.34,183.69,183.69,62300,1,dnse,2026-09-21T07:14:24.587974+00:00
VNINDEX,1D,2002-12-13,1039744800,184.15,184.15,184.15,184.15,41600,1,dnse,2026-09-21T07:14:24.587974+00:00
VNINDEX,1D,2002-12-16,1040004000,184.74,184.74,184.74,184.74,70600,1,dnse,2026-09-21T07:14:24.587974+00:00
VNINDEX,1D,2002-12-17,1040090400,185.37,185.37,185.37,185.37,131500,1,dnse,2026-09-21T07:14:24.587974+00:00
VNINDEX,1D,2002-12-18,1040176800,185.96,185.96,185.96,185.96,135300,1,dnse,2026-09-21T07:14:24.587974+00:00
VNINDEX,1D,2002-12-19,1040263200,186.18,186.18,186.18,186.18,124700,1,dnse,2026-09-21T07:14:24.587974+00:00
VNINDEX,1D,2002-12-20,1040349600,184.93,186.93,184.93,184.94,107800,1,dnse,2026-09-21T07:14:24.587974+00:00
VNINDEX,1D,2002-12-23,1040608800,184.2,184.93,184.2,184.23,69000,1,dnse,2026-09-21T07:14:24.587974+00:00
VNINDEX,1D,2002-12-24,1040695200,184.18,184.2,184.18,184.18,71000,1,dnse,2026-09-21T07:14:24.587974+00:00
VNINDEX,1D,2002-12-25,1040781600,184.14,184.18,184.14,184.14,90400,1,dnse,2026-09-21T07:14:24.587974+00:00
VNINDEX,1D,2002-12-26,1040868000,183.78,184.14,183.78,183.78,88000,1,dnse,2026-09-21T07:14:24.587974+00:00
VNINDEX,1D,2002-12-27,1040954400,184.14,184.14,184.14,183.05,46700,1,dnse,2026-09-21T07:14:24.587974+00:00
VNINDEX,1D,2002-12-30,1041213600,182.65,184.14,182.65,182.65,52700,1,dnse,2026-09-21T07:14:24.587974+00:00
VNINDEX,1D,2002-12-31,1041300000,183.33,183.33,183.33,183.33,61900,1,dnse,2026-09-21T07:14:24.587974+00:00
VNINDEX,1D,2003-01-02,1041472800,183.41,183.41,183.41,183.41,27900,1,dnse,2026-09-21T07:14:24.587974+00:00
VNINDEX,1D,2003-01-03,1041559200,182.39,183.41,182.39,182.39,39500,1,dnse,2026-09-21T07:14:24.587974+00:00
VNINDEX,1D,2003-01-06,1041818400,181.76,182.39,181.76,181.76,43300,1,dnse,2026-09-21T07:14:24.587974+00:00
VNINDEX,1D,2003-01-07,1041904800,180.63,181.76,180.63,180.63,63500,1,dnse,2026-09-21T07:14:24.587974+00:00
VNINDEX,1D,2003-01-08,1041991200,179.79,180.63,179.79,179.79,40500,1,dnse,2026-09-21T07:14:24.587974+00:00
VNINDEX,1D,2003-01-09,1042077600,178.93,179.79,178.93,178.93,44800,1,dnse,2026-09-21T07:14:24.587974+00:00
VNINDEX,1D,2003-01-10,1042164000,178.67,178.93,178.67,178.67,35200,1,dnse,2026-09-21T07:14:24.587974+00:00
VNINDEX,1D,2003-01-13,1042423200,178.03,178.67,178.03,178.03,68600,1,dnse,2026-09-21T07:14:24.587974+00:00
VNINDEX,1D,2003-01-14,1042509600,177.31,178.03,177.31,177.31,36400,1,dnse,2026-09-21T07:14:24.587974+00:00
VNINDEX,1D,2003-01-15,1042596000,176.43,177.31,176.43,176.43,61500,1,dnse,2026-09-21T07:14:24.587974+00:00
VNINDEX,1D,2003-01-16,1042682400,173.11,176.43,173.11,173.11,99900,1,dnse,2026-09-21T07:14:24.587974+00:00
VNINDEX,1D,2003-01-17,1042768800,173.05,173.11,173.05,173.05,55600,1,dnse,2026-09-21T07:14:24.587974+00:00
VNINDEX,1D,2003-01-20,1043028000,171.4,173.05,171.4,171.4,60400,1,dnse,2026-09-21T07:14:24.587974+00:00
VNINDEX,1D,2003-01-21,1043114400,171.36,171.4,171.36,171.36,69000,1,dnse,2026-09-21T07:14:24.587974+00:00
VNINDEX,1D,2003-01-22,1043200800,170.55,171.36,170.55,170.55,87500,1,dnse,2026-09-21T07:14:24.587974+00:00
VNINDEX,1D,2003-01-23,1043287200,172.03,172.03,172.03,172.03,56200,1,dnse,2026-09-21T07:14:24.587974+00:00
VNINDEX,1D,2003-01-24,1043373600,172.66,172.66,172.66,172.66,60900,1,dnse,2026-09-21T07:14:24.587974+00:00
VNINDEX,1D,2003-01-27,1043632800,172.3,172.66,172.3,172.3,89600,1,dnse,2026-09-21T07:14:24.587974+00:00
VNINDEX,1D,2003-01-28,1043719200,172.38,172.38,172.38,172.38,103100,1,dnse,2026-09-21T07:14:24.587974+00:00
VNINDEX,1D,2003-02-10,1044842400,170.94,172.38,170.94,170.94,76200,1,dnse,2026-09-21T07:14:24.587974+00:00
VNINDEX,1D,2003-02-11,1044928800,167.59,170.94,167.59,167.59,138900,1,dnse,2026-09-21T07:14:24.587974+00:00
VNINDEX,1D,2003-02-12,1045015200,163.91,167.59,163.91,163.91,191000,1,dnse,2026-09-21T07:14:24.587974+00:00
VNINDEX,1D,2003-02-13,1045101600,167.07,167.07,167.07,167.07,89100,1,dnse,2026-09-21T07:14:24.587974+00:00
VNINDEX,1D,2003-02-14,1045188000,168.73,168.73,168.73,168.73,78700,1,dnse,2026-09-21T07:14:24.587974+00:00
VNINDEX,1D,2003-02-17,1045447200,168.49,168.73,168.49,168.49,66400,1,dnse,2026-09-21T07:14:24.587974+00:00
VNINDEX,1D,2003-02-18,1045533600,167.23,168.49,167.23,167.23,68200,1,dnse,2026-09-21T07:14:24.587974+00:00
VNINDEX,1D,2003-02-19,1045620000,166.31,167.23,166.31,166.31,60100,1,dnse,2026-09-21T07:14:24.587974+00:00
VNINDEX,1D,2003-02-20,1045706400,165.99,166.31,165.99,165.99,76500,1,dnse,2026-09-21T07:14:24.587974+00:00
VNINDEX,1D,2003-02-21,1045792800,164.62,165.99,164.62,164.62,85500,1,dnse,2026-09-21T07:14:24.587974+00:00
VNINDEX,1D,2003-02-24,1046052000,165.48,165.48,165.48,165.48,72400,1,dnse,2026-09-21T07:14:24.587974+00:00
VNINDEX,1D,2003-02-25,1046138400,165.29,165.48,165.29,165.29,66700,1,dnse,2026-09-21T07:14:24.587974+00:00
VNINDEX,1D,2003-02-26,1046224800,164.71,165.29,164.71,164.71,38100,1,dnse,2026-09-21T07:14:24.587974+00:00
VNINDEX,1D,2003-02-27,1046311200,164.69,164.71,164.69,164.69,37300,1,dnse,2026-09-21T07:14:24.587974+00:00
VNINDEX,1D,2003-02-28,1046397600,164.61,164.69,164.61,164.61,69700,1,dnse,2026-09-21T07:14:24.587974+00:00
VNINDEX,1D,2003-03-03,1046656800,165.58,165.58,165.58,165.58,61900,1,dnse,2026-09-21T07:14:24.587974+00:00
VNINDEX,1D,2003-03-04,1046743200,164.91,165.58,164.91,164.91,50600,1,dnse,2026-09-21T07:14:24.587974+00:00
VNINDEX,1D,2003-03-05,1046829600,164.34,164.91,164.34,164.34,81900,1,dnse,2026-09-21T07:14:24.587974+00:00
VNINDEX,1D,2003-03-06,1046916000,164.28,164.34,164.28,164.28,63600,1,dnse,2026-09-21T07:14:24.587974+00:00
VNINDEX,1D,2003-03-07,1047002400,164.02,164.28,164.02,164.02,56500,1,dnse,2026-09-21T07:14:24.587974+00:00
VNINDEX,1D,2003-03-10,1047261600,163.57,164.02,163.57,163.57,66800,1,dnse,2026-09-21T07:14:24.587974+00:00
VNINDEX,1D,2003-03-11,1047348000,163.0,163.0,163.0,163.0,62200,1,dnse,2026-09-21T07:14:24.587974+00:00
VNINDEX,1D,2003-03-12,1047434400,162.0,162.0,162.0,162.0,83700,1,dnse,2026-09-21T07:14:24.587974+00:00
VNINDEX,1D,2003-03-13,1047520800,162.0,162.0,162.0,162.0,91300,1,dnse,2026-09-21T07:14:24.587974+00:00
VNINDEX,1D,2003-03-14,1047607200,161.0,161.0,161.0,161.0,65000,1,dnse,2026-09-21T07:14:24.587974+00:00
VNINDEX,1D,2003-03-17,1047866400,161.0,161.0,161.0,161.0,87000,1,dnse,2026-09-21T07:14:24.587974+00:00
VNINDEX,1D,2003-03-18,1047952800,158.0,158.0,158.0,158.0,71200,1,dnse,2026-09-21T07:14:24.587974+00:00
VNINDEX,1D,2003-03-19,1048039200,158.0,158.0,158.0,158.0,79900,1,dnse,2026-09-21T07:14:24.587974+00:00
VNINDEX,1D,2003-03-20,1048125600,156.0,156.0,156.0,156.0,92400,1,dnse,2026-09-21T07:14:24.587974+00:00
VNINDEX,1D,2003-03-21,1048212000,155.0,155.0,155.0,155.0,156000,1,dnse,2026-09-21T07:14:24.587974+00:00
VNINDEX,1D,2003-03-24,1048471200,154.0,154.0,154.0,154.0,100200,1,dnse,2026-09-21T07:14:24.587974+00:00
VNINDEX,1D,2003-03-25,1048557600,153.0,153.0,153.0,153.0,93200,1,dnse,2026-09-21T07:14:24.587974+00:00
VNINDEX,1D,2003-03-26,1048644000,152.0,152.0,152.0,152.0,105900,1,dnse,2026-09-21T07:14:24.587974+00:00
VNINDEX,1D,2003-03-27,1048730400,152.0,152.0,152.0,152.0,92700,1,dnse,2026-09-21T07:14:24.587974+00:00
VNINDEX,1D,2003-03-28,1048816800,151.0,151.0,151.0,151.0,107100,1,dnse,2026-09-21T07:14:24.587974+00:00
VNINDEX,1D,2003-03-31,1049076000,145.0,145.0,145.0,145.0,89400,1,dnse,2026-09-21T07:14:24.587974+00:00
VNINDEX,1D,2003-04-01,1049162400,140.0,140.0,140.0,140.0,160500,1,dnse,2026-09-21T07:14:24.587974+00:00
VNINDEX,1D,2003-04-02,1049248800,145.0,145.0,145.0,145.0,242900,1,dnse,2026-09-21T07:14:24.587974+00:00
VNINDEX,1D,2003-04-03,1049335200,149.0,149.0,149.0,149.0,250200,1,dnse,2026-09-21T07:14:24.587974+00:00
VNINDEX,1D,2003-04-04,1049421600,150.0,150.0,150.0,150.0,209800,1,dnse,2026-09-21T07:14:24.587974+00:00
VNINDEX,1D,2003-04-07,1049680800,149.0,149.0,149.0,149.0,121600,1,dnse,2026-09-21T07:14:24.587974+00:00
VNINDEX,1D,2003-04-08,1049767200,147.0,147.0,147.0,147.0,73900,1,dnse,2026-09-21T07:14:24.587974+00:00
VNINDEX,1D,2003-04-09,1049853600,146.0,146.0,146.0,146.0,69900,1,dnse,2026-09-21T07:14:24.587974+00:00
VNINDEX,1D,2003-04-10,1049940000,148.0,148.0,148.0,148.0,104200,1,dnse,2026-09-21T07:14:24.587974+00:00
VNINDEX,1D,2003-04-11,1050026400,149.0,149.0,149.0,149.0,113100,1,dnse,2026-09-21T07:14:24.587974+00:00
VNINDEX,1D,2003-04-14,1050285600,149.0,149.0,149.0,149.0,94800,1,dnse,2026-09-21T07:14:24.587974+00:00
VNINDEX,1D,2003-04-15,1050372000,149.0,149.0,149.0,149.0,111900,1,dnse,2026-09-21T07:14:24.587974+00:00
VNINDEX,1D,2003-04-16,1050458400,149.0,149.0,149.0,149.0,96400,1,dnse,2026-09-21T07:14:24.587974+00:00
VNINDEX,1D,2003-04-17,1050544800,151.0,151.0,151.0,151.0,180200,1,dnse,2026-09-21T07:14:24.587974+00:00
VNINDEX,1D,2003-04-18,1050631200,152.0,152.0,152.0,152.0,103300,1,dnse,2026-09-21T07:14:24.587974+00:00
VNINDEX,1D,2003-04-21,1050890400,152.0,152.0,152.0,152.0,60200,1,dnse,2026-09-21T07:14:24.587974+00:00
VNINDEX,1D,2003-04-22,1050976800,152.0,152.0,152.0,152.0,126100,1,dnse,2026-09-21T07:14:24.587974+00:00
VNINDEX,1D,2003-04-23,1051063200,153.0,153.0,153.0,153.0,94400,1,dnse,2026-09-21T07:14:24.587974+00:00
VNINDEX,1D,2003-04-24,1051149600,153.0,153.0,153.0,153.0,85500,1,dnse,2026-09-21T07:14:24.587974+00:00
VNINDEX,1D,2003-04-25,1051236000,153.0,153.0,153.0,153.0,122000,1,dnse,2026-09-21T07:14:24.587974+00:00
VNINDEX,1D,2003-04-28,1051495200,153.0,153.0,153.0,153.0,114200,1,dnse,2026-09-21T07:14:24.587974+00:00
VNINDEX,1D,2003-04-29,1051581600,153.0,153.0,153.0,153.0,92500,1,dnse,2026-09-21T07:14:24.587974+00:00
VNINDEX,1D,2003-05-05,1052100000,152.0,152.0,152.0,152.0,81900,1,dnse,2026-09-21T07:14:24.587974+00:00
VNINDEX,1D,2003-05-06,1052186400,153.0,153.0,153.0,153.0,75000,1,dnse,2026-09-21T07:14:24.587974+00:00
VNINDEX,1D,2003-05-07,1052272800,155.0,155.0,155.0,155.0,151900,1,dnse,2026-09-21T07:14:24.587974+00:00
VNINDEX,1D,2003-05-08,1052359200,156.0,156.0,156.0,156.0,139300,1,dnse,2026-09-21T07:14:24.587974+00:00
VNINDEX,1D,2003-05-09,1052445600,157.0,157.0,157.0,157.0,105300,1,dnse,2026-09-21T07:14:24.587974+00:00
VNINDEX,1D,2003-05-12,1052704800,158.0,158.0,158.0,158.0,145200,1,dnse,2026-09-21T07:14:24.587974+00:00
VNINDEX,1D,2003-05-13,1052791200,159.0,159.0,159.0,159.0,146600,1,dnse,2026-09-21T07:14:24.587974+00:00
VNINDEX,1D,2003-05-14,1052877600,157.0,157.0,157.0,157.0,160600,1,dnse,2026-09-21T07:14:24.587974+00:00
VNINDEX,1D,2003-05-15,1052964000,156.0,156.0,156.0,156.0,147000,1,dnse,2026-09-21T07:14:24.587974+00:00
VNINDEX,1D,2003-05-16,1053050400,156.0,156.0,156.0,156.0,167800,1,dnse,2026-09-21T07:14:24.587974+00:00
VNINDEX,1D,2003-05-19,1053309600,154.0,154.0,154.0,154.0,99900,1,dnse,2026-09-21T07:14:24.587974+00:00
VNINDEX,1D,2003-05-20,1053396000,154.0,154.0,154.0,154.0,101970,1,dnse,2026-09-21T07:14:24.587974+00:00
VNINDEX,1D,2003-05-21,1053482400,154.0,154.0,154.0,154.0,71280,1,dnse,2026-09-21T07:14:24.587974+00:00
VNINDEX,1D,2003-05-22,1053568800,153.0,153.0,153.0,153.0,108830,1,dnse,2026-09-21T07:14:24.587974+00:00
VNINDEX,1D,2003-05-23,1053655200,153.0,153.0,153.0,153.0,99700,1,dnse,2026-09-21T07:14:24.587974+00:00
VNINDEX,1D,2003-05-26,1053914400,153.0,153.0,153.0,153.0,131600,1,dnse,2026-09-21T07:14:24.587974+00:00
VNINDEX,1D,2003-05-27,1054000800,153.0,153.0,153.0,153.0,118570,1,dnse,2026-09-21T07:14:24.587974+00:00
VNINDEX,1D,2003-05-28,1054087200,153.0,153.0,153.0,153.0,105010,1,dnse,2026-09-21T07:14:24.587974+00:00
VNINDEX,1D,2003-05-29,1054173600,152.0,152.0,152.0,152.0,106380,1,dnse,2026-09-21T07:14:24.587974+00:00
VNINDEX,1D,2003-05-30,1054260000,152.0,152.0,152.0,152.0,110860,1,dnse,2026-09-21T07:14:24.587974+00:00
VNINDEX,1D,2003-06-02,1054519200,152.0,152.0,152.0,152.0,54700,1,dnse,2026-09-21T07:14:24.587974+00:00
VNINDEX,1D,2003-06-03,1054605600,152.0,152.0,152.0,152.0,91600,1,dnse,2026-09-21T07:14:24.587974+00:00
VNINDEX,1D,2003-06-04,1054692000,152.0,152.0,152.0,152.0,36640,1,dnse,2026-09-21T07:14:24.587974+00:00
VNINDEX,1D,2003-06-05,1054778400,152.0,152.0,152.0,152.0,70850,1,dnse,2026-09-21T07:14:24.587974+00:00
VNINDEX,1D,2003-06-06,1054864800,152.0,152.0,152.0,152.0,65730,1,dnse,2026-09-21T07:14:24.587974+00:00
VNINDEX,1D,2003-06-09,1055124000,152.0,152.0,152.0,152.0,75020,1,dnse,2026-09-21T07:14:24.587974+00:00
VNINDEX,1D,2003-06-10,1055210400,152.0,152.0,152.0,152.0,109630,1,dnse,2026-09-21T07:14:24.587974+00:00
VNINDEX,1D,2003-06-11,1055296800,152.0,152.0,152.0,152.0,92660,1,dnse,2026-09-21T07:14:24.587974+00:00
VNINDEX,1D,2003-06-12,1055383200,152.0,152.0,152.0,152.0,71600,1,dnse,2026-09-21T07:14:24.587974+00:00
VNINDEX,1D,2003-06-13,1055469600,152.0,152.0,152.0,152.0,60120,1,dnse,2026-09-21T07:14:24.587974+00:00
VNINDEX,1D,2003-06-16,1055728800,152.0,152.0,152.0,152.0,119470,1,dnse,2026-09-21T07:14:24.587974+00:00
VNINDEX,1D,2003-06-17,1055815200,152.0,152.0,152.0,152.0,92000,1,dnse,2026-09-21T07:14:24.587974+00:00
VNINDEX,1D,2003-06-18,1055901600,152.0,152.0,152.0,152.0,111120,1,dnse,2026-09-21T07:14:24.587974+00:00
VNINDEX,1D,2003-06-19,1055988000,152.0,152.0,152.0,152.0,82020,1,dnse,2026-09-21T07:14:24.587974+00:00
VNINDEX,1D,2003-06-20,1056074400,152.0,152.0,152.0,152.0,99320,1,dnse,2026-09-21T07:14:24.587974+00:00
VNINDEX,1D,2003-06-23,1056333600,152.0,152.0,152.0,152.0,85920,1,dnse,2026-09-21T07:14:24.587974+00:00
VNINDEX,1D,2003-06-24,1056420000,152.0,152.0,152.0,152.0,40830,1,dnse,2026-09-21T07:14:24.587974+00:00
VNINDEX,1D,2003-06-25,1056506400,153.0,153.0,153.0,153.0,32410,1,dnse,2026-09-21T07:14:24.587974+00:00
VNINDEX,1D,2003-06-26,1056592800,152.0,152.0,152.0,152.0,62480,1,dnse,2026-09-21T07:14:24.587974+00:00
VNINDEX,1D,2003-06-27,1056679200,152.0,152.0,152.0,152.0,31770,1,dnse,2026-09-21T07:14:24.587974+00:00
VNINDEX,1D,2003-06-30,1056938400,152.0,152.0,152.0,152.0,70500,1,dnse,2026-09-21T07:14:24.587974+00:00
VNINDEX,1D,2003-07-01,1057024800,153.0,153.0,153.0,153.0,35020,1,dnse,2026-09-21T07:14:24.587974+00:00
VNINDEX,1D,2003-07-02,1057111200,152.0,152.0,152.0,152.0,67370,1,dnse,2026-09-21T07:14:24.587974+00:00
VNINDEX,1D,2003-07-03,1057197600,152.0,152.0,152.0,152.0,57350,1,dnse,2026-09-21T07:14:24.587974+00:00
VNINDEX,1D,2003-07-04,1057284000,152.0,152.0,152.0,152.0,39110,1,dnse,2026-09-21T07:14:24.587974+00:00
VNINDEX,1D,2003-07-07,1057543200,152.0,152.0,152.0,152.0,61780,1,dnse,2026-09-21T07:14:24.587974+00:00
VNINDEX,1D,2003-07-08,1057629600,152.0,152.0,152.0,152.0,54630,1,dnse,2026-09-21T07:14:24.587974+00:00
VNINDEX,1D,2003-07-09,1057716000,151.0,151.0,151.0,151.0,54990,1,dnse,2026-09-21T07:14:24.587974+00:00
VNINDEX,1D,2003-07-10,1057802400,151.0,151.0,151.0,151.0,59590,1,dnse,2026-09-21T07:14:24.587974+00:00
VNINDEX,1D,2003-07-11,1057888800,151.0,151.0,151.0,151.0,42970,1,dnse,2026-09-21T07:14:24.587974+00:00
VNINDEX,1D,2003-07-14,1058148000,151.0,151.0,151.0,151.0,25660,1,dnse,2026-09-21T07:14:24.587974+00:00
VNINDEX,1D,2003-07-15,1058234400,151.0,151.0,151.0,151.0,30930,1,dnse,2026-09-21T07:14:24.587974+00:00
VNINDEX,1D,2003-07-16,1058320800,151.0,151.0,151.0,151.0,47150,1,dnse,2026-09-21T07:14:24.587974+00:00
VNINDEX,1D,2003-07-17,1058407200,150.0,150.0,150.0,150.0,49220,1,dnse,2026-09-21T07:14:24.587974+00:00
VNINDEX,1D,2003-07-18,1058493600,150.0,150.0,150.0,150.0,48190,1,dnse,2026-09-21T07:14:24.587974+00:00
VNINDEX,1D,2003-07-21,1058752800,150.0,150.0,150.0,150.0,43210,1,dnse,2026-09-21T07:14:24.587974+00:00
VNINDEX,1D,2003-07-22,1058839200,149.0,149.0,149.0,149.0,45790,1,dnse,2026-09-21T07:14:24.587974+00:00
VNINDEX,1D,2003-07-23,1058925600,150.0,150.0,150.0,150.0,35760,1,dnse,2026-09-21T07:14:24.587974+00:00
VNINDEX,1D,2003-07-24,1059012000,150.0,150.0,150.0,150.0,23210,1,dnse,2026-09-21T07:14:24.587974+00:00
VNINDEX,1D,2003-07-25,1059098400,149.0,149.0,149.0,149.0,23590,1,dnse,2026-09-21T07:14:24.587974+00:00
VNINDEX,1D,2003-07-28,1059357600,149.0,149.0,149.0,149.0,53200,1,dnse,2026-09-21T07:14:24.587974+00:00
VNINDEX,1D,2003-07-29,1059444000,148.0,148.0,148.0,148.0,43090,1,dnse,2026-09-21T07:14:24.587974+00:00
VNINDEX,1D,2003-07-30,1059530400,147.0,147.0,147.0,147.0,48400,1,dnse,2026-09-21T07:14:24.587974+00:00
VNINDEX,1D,2003-07-31,1059616800,146.0,146.0,146.0,146.0,27610,1,dnse,2026-09-21T07:14:24.587974+00:00
VNINDEX,1D,2003-08-01,1059703200,145.0,145.0,145.0,145.0,49840,1,dnse,2026-09-21T07:14:24.587974+00:00
VNINDEX,1D,2003-08-04,1059962400,144.0,144.0,144.0,144.0,59470,1,dnse,2026-09-21T07:14:24.587974+00:00
VNINDEX,1D,2003-08-05,1060048800,143.0,143.0,143.0,143.0,64150,1,dnse,2026-09-21T07:14:24.587974+00:00
VNINDEX,1D,2003-08-06,1060135200,143.0,143.0,143.0,143.0,48220,1,dnse,2026-09-21T07:14:24.587974+00:00
VNINDEX,1D,2003-08-07,1060221600,142.0,142.0,142.0,142.0,126200,1,dnse,2026-09-21T07:14:24.587974+00:00
VNINDEX,1D,2003-08-08,1060308000,141.0,141.0,141.0,141.0,80720,1,dnse,2026-09-21T07:14:24.587974+00:00
VNINDEX,1D,2003-08-11,1060567200,142.0,142.0,142.0,142.0,44880,1,dnse,2026-09-21T07:14:24.587974+00:00
VNINDEX,1D,2003-08-12,1060653600,142.0,142.0,142.0,142.0,70060,1,dnse,2026-09-21T07:14:24.587974+00:00
VNINDEX,1D,2003-08-13,1060740000,142.0,142.0,142.0,142.0,51980,1,dnse,2026-09-21T07:14:24.587974+00:00
VNINDEX,1D,2003-08-14,1060826400,143.0,143.0,143.0,143.0,46180,1,dnse,2026-09-21T07:14:24.587974+00:00
VNINDEX,1D,2003-08-15,1060912800,143.0,143.0,143.0,143.0,84400,1,dnse,2026-09-21T07:14:24.587974+00:00
VNINDEX,1D,2003-08-18,1061172000,143.0,143.0,143.0,143.0,79130,1,dnse,2026-09-21T07:14:24.587974+00:00
VNINDEX,1D,2003-08-19,1061258400,143.0,143.0,143.0,143.0,38660,1,dnse,2026-09-21T07:14:24.587974+00:00
VNINDEX,1D,2003-08-20,1061344800,142.0,142.0,142.0,142.0,63360,1,dnse,2026-09-21T07:14:24.587974+00:00
VNINDEX,1D,2003-08-21,1061431200,142.0,142.0,142.0,142.0,56710,1,dnse,2026-09-21T07:14:24.587974+00:00
VNINDEX,1D,2003-08-22,1061517600,142.0,142.0,142.0,142.0,30450,1,dnse,2026-09-21T07:14:24.587974+00:00
VNINDEX,1D,2003-08-25,1061776800,142.0,142.0,142.0,142.0,47720,1,dnse,2026-09-21T07:14:24.587974+00:00
VNINDEX,1D,2003-08-26,1061863200,142.0,142.0,142.0,142.0,33540,1,dnse,2026-09-21T07:14:24.587974+00:00
VNINDEX,1D,2003-08-27,1061949600,143.0,143.0,143.0,143.0,64360,1,dnse,2026-09-21T07:14:24.587974+00:00
VNINDEX,1D,2003-08-28,1062036000,142.0,142.0,142.0,142.0,65660,1,dnse,2026-09-21T07:14:24.587974+00:00
VNINDEX,1D,2003-08-29,1062122400,143.0,143.0,143.0,143.0,98130,1,dnse,2026-09-21T07:14:24.587974+00:00
VNINDEX,1D,2003-09-03,1062554400,142.0,142.0,142.0,142.0,86100,1,dnse,2026-09-21T07:14:24.587974+00:00
VNINDEX,1D,2003-09-04,1062640800,142.0,142.0,142.0,142.0,60120,1,dnse,2026-09-21T07:14:24.587974+00:00
VNINDEX,1D,2003-09-05,1062727200,142.0,142.0,142.0,142.0,75760,1,dnse,2026-09-21T07:14:24.587974+00:00
VNINDEX,1D,2003-09-08,1062986400,142.0,142.0,142.0,142.0,65130,1,dnse,2026-09-21T07:14:24.587974+00:00
VNINDEX,1D,2003-09-09,1063072800,142.0,142.0,142.0,142.0,33330,1,dnse,2026-09-21T07:14:24.587974+00:00
VNINDEX,1D,2003-09-10,1063159200,142.0,142.0,142.0,142.0,64720,1,dnse,2026-09-21T07:14:24.587974+00:00
VNINDEX,1D,2003-09-11,1063245600,141.0,141.0,141.0,141.0,37030,1,dnse,2026-09-21T07:14:24.587974+00:00
VNINDEX,1D,2003-09-12,1063332000,141.0,141.0,141.0,141.0,50560,1,dnse,2026-09-21T07:14:24.587974+00:00
VNINDEX,1D,2003-09-15,1063591200,140.0,140.0,140.0,140.0,33150,1,dnse,2026-09-21T07:14:24.587974+00:00
VNINDEX,1D,2003-09-16,1063677600,140.0,140.0,140.0,140.0,37370,1,dnse,2026-09-21T07:14:24.587974+00:00
VNINDEX,1D,2003-09-17,1063764000,140.0,140.0,140.0,140.0,35130,1,dnse,2026-09-21T07:14:24.587974+00:00
VNINDEX,1D,2003-09-18,1063850400,140.0,140.0,140.0,140.0,24220,1,dnse,2026-09-21T07:14:24.587974+00:00
VNINDEX,1D,2003-09-19,1063936800,140.0,140.0,140.0,140.0,37880,1,dnse,2026-09-21T07:14:24.587974+00:00
VNINDEX,1D,2003-09-22,1064196000,140.0,140.0,140.0,140.0,77890,1,dnse,2026-09-21T07:14:24.587974+00:00
VNINDEX,1D,2003-09-23,1064282400,140.0,140.0,140.0,140.0,48270,1,dnse,2026-09-21T07:14:24.587974+00:00
VNINDEX,1D,2003-09-24,1064368800,140.0,140.0,140.0,140.0,70740,1,dnse,2026-09-21T07:14:24.587974+00:00
VNINDEX,1D,2003-09-25,1064455200,142.0,142.0,142.0,142.0,47110,1,dnse,2026-09-21T07:14:24.587974+00:00
VNINDEX,1D,2003-09-26,1064541600,140.0,140.0,140.0,140.0,76260,1,dnse,2026-09-21T07:14:24.587974+00:00
VNINDEX,1D,2003-09-29,1064800800,139.0,139.0,139.0,139.0,34820,1,dnse,2026-09-21T07:14:24.587974+00:00
VNINDEX,1D,2003-09-30,1064887200,139.0,139.0,139.0,139.0,31870,1,dnse,2026-09-21T07:14:24.587974+00:00
VNINDEX,1D,2003-10-01,1064973600,139.0,139.0,139.0,139.0,50580,1,dnse,2026-09-21T07:14:24.587974+00:00
VNINDEX,1D,2003-10-02,1065060000,139.0,139.0,139.0,139.0,51480,1,dnse,2026-09-21T07:14:24.587974+00:00
VNINDEX,1D,2003-10-03,1065146400,139.0,139.0,139.0,139.0,53130,1,dnse,2026-09-21T07:14:24.587974+00:00
VNINDEX,1D,2003-10-06,1065405600,138.0,138.0,138.0,138.0,55450,1,dnse,2026-09-21T07:14:24.587974+00:00
VNINDEX,1D,2003-10-07,1065492000,138.0,138.0,138.0,138.0,49490,1,dnse,2026-09-21T07:14:24.587974+00:00
VNINDEX,1D,2003-10-08,1065578400,137.0,137.0,137.0,137.0,27310,1,dnse,2026-09-21T07:14:24.587974+00:00
VNINDEX,1D,2003-10-09,1065664800,137.0,137.0,137.0,137.0,50650,1,dnse,2026-09-21T07:14:24.587974+00:00
VNINDEX,1D,2003-10-10,1065751200,137.0,137.0,137.0,137.0,65010,1,dnse,2026-09-21T07:14:24.587974+00:00
VNINDEX,1D,2003-10-13,1066010400,136.0,136.0,136.0,136.0,54390,1,dnse,2026-09-21T07:14:24.587974+00:00
VNINDEX,1D,2003-10-14,1066096800,136.0,136.0,136.0,136.0,36540,1,dnse,2026-09-21T07:14:24.587974+00:00
VNINDEX,1D,2003-10-15,1066183200,135.0,135.0,135.0,135.0,85490,1,dnse,2026-09-21T07:14:24.587974+00:00
VNINDEX,1D,2003-10-16,1066269600,135.0,135.0,135.0,135.0,74120,1,dnse,2026-09-21T07:14:24.587974+00:00
VNINDEX,1D,2003-10-17,1066356000,134.0,134.0,134.0,134.0,54000,1,dnse,2026-09-21T07:14:24.587974+00:00
VNINDEX,1D,2003-10-20,1066615200,134.0,134.0,134.0,134.0,33360,1,dnse,2026-09-21T07:14:24.587974+00:00
VNINDEX,1D,2003-10-21,1066701600,134.0,134.0,134.0,134.0,38910,1,dnse,2026-09-21T07:14:24.587974+00:00
VNINDEX,1D,2003-10-22,1066788000,133.0,133.0,133.0,133.0,136830,1,dnse,2026-09-21T07:14:24.587974+00:00
VNINDEX,1D,2003-10-23,1066874400,131.0,131.0,131.0,131.0,166270,1,dnse,2026-09-21T07:14:24.587974+00:00
VNINDEX,1D,2003-10-24,1066960800,131.0,131.0,131.0,131.0,101550,1,dnse,2026-09-21T07:14:24.587974+00:00
VNINDEX,1D,2003-10-27,1067220000,131.0,131.0,131.0,131.0,104980,1,dnse,2026-09-21T07:14:24.587974+00:00
VNINDEX,1D,2003-10-28,1067306400,132.0,132.0,132.0,132.0,66870,1,dnse,2026-09-21T07:14:24.587974+00:00
VNINDEX,1D,2003-10-29,1067392800,133.0,133.0,133.0,133.0,32230,1,dnse,2026-09-21T07:14:24.587974+00:00
VNINDEX,1D,2003-10-30,1067479200,134.0,134.0,134.0,134.0,53740,1,dnse,2026-09-21T07:14:24.587974+00:00
VNINDEX,1D,2003-10-31,1067565600,136.0,136.0,136.0,136.0,70320,1,dnse,2026-09-21T07:14:24.587974+00:00
VNINDEX,1D,2003-11-03,1067824800,136.0,136.0,136.0,136.0,50660,1,dnse,2026-09-21T07:14:24.587974+00:00
VNINDEX,1D,2003-11-04,1067911200,136.0,136.0,136.0,136.0,52680,1,dnse,2026-09-21T07:14:24.587974+00:00
VNINDEX,1D,2003-11-05,1067997600,136.0,136.0,136.0,136.0,37810,1,dnse,2026-09-21T07:14:24.587974+00:00
VNINDEX,1D,2003-11-06,1068084000,136.0,136.0,136.0,136.0,40840,1,dnse,2026-09-21T07:14:24.587974+00:00
VNINDEX,1D,2003-11-07,1068170400,137.0,137.0,137.0,137.0,88300,1,dnse,2026-09-21T07:14:24.587974+00:00
VNINDEX,1D,2003-11-10,1068429600,138.0,138.0,138.0,138.0,111150,1,dnse,2026-09-21T07:14:24.587974+00:00
VNINDEX,1D,2003-11-11,1068516000,140.0,140.0,140.0,140.0,84870,1,dnse,2026-09-21T07:14:24.587974+00:00
VNINDEX,1D,2003-11-12,1068602400,144.0,144.0,144.0,144.0,113690,1,dnse,2026-09-21T07:14:24.587974+00:00
VNINDEX,1D,2003-11-13,1068688800,150.0,150.0,150.0,150.0,236530,1,dnse,2026-09-21T07:14:24.587974+00:00
VNINDEX,1D,2003-11-14,1068775200,156.0,156.0,156.0,156.0,232490,1,dnse,2026-09-21T07:14:24.587974+00:00
VNINDEX,1D,2003-11-17,1069034400,155.0,155.0,155.0,155.0,506350,1,dnse,2026-09-21T07:14:24.587974+00:00
VNINDEX,1D,2003-11-18,1069120800,150.0,150.0,150.0,150.0,280930,1,dnse,2026-09-21T07:14:24.587974+00:00
VNINDEX,1D,2003-11-19,1069207200,152.0,152.0,152.0,152.0,196440,1,dnse,2026-09-21T07:14:24.587974+00:00
VNINDEX,1D,2003-11-20,1069293600,155.0,155.0,155.0,155.0,248530,1,dnse,2026-09-21T07:14:24.587974+00:00
VNINDEX,1D,2003-11-21,1069380000,160.0,160.0,160.0,160.0,348630,1,dnse,2026-09-21T07:14:24.587974+00:00
VNINDEX,1D,2003-11-24,1069639200,163.0,163.0,163.0,163.0,270040,1,dnse,2026-09-21T07:14:24.587974+00:00
VNINDEX,1D,2003-11-25,1069725600,165.0,165.0,165.0,165.0,363670,1,dnse,2026-09-21T07:14:24.587974+00:00
VNINDEX,1D,2003-11-26,1069812000,162.0,162.0,162.0,162.0,359160,1,dnse,2026-09-21T07:14:24.587974+00:00
VNINDEX,1D,2003-11-27,1069898400,163.0,163.0,163.0,163.0,205870,1,dnse,2026-09-21T07:14:24.587974+00:00
VNINDEX,1D,2003-11-28,1069984800,164.0,164.0,164.0,164.0,241620,1,dnse,2026-09-21T07:14:24.587974+00:00
VNINDEX,1D,2003-12-01,1070244000,165.0,165.0,165.0,165.0,252080,1,dnse,2026-09-21T07:14:24.587974+00:00
VNINDEX,1D,2003-12-02,1070330400,164.0,164.0,164.0,164.0,261380,1,dnse,2026-09-21T07:14:24.587974+00:00
VNINDEX,1D,2003-12-03,1070416800,164.0,164.0,164.0,164.0,231540,1,dnse,2026-09-21T07:14:24.587974+00:00
VNINDEX,1D,2003-12-04,1070503200,164.0,164.0,164.0,164.0,221090,1,dnse,2026-09-21T07:14:24.587974+00:00
VNINDEX,1D,2003-12-05,1070589600,162.0,162.0,162.0,162.0,241840,1,dnse,2026-09-21T07:14:24.587974+00:00
VNINDEX,1D,2003-12-08,1070848800,162.0,162.0,162.0,162.0,182180,1,dnse,2026-09-21T07:14:24.587974+00:00
VNINDEX,1D,2003-12-09,1070935200,162.0,162.0,162.0,162.0,135270,1,dnse,2026-09-21T07:14:24.587974+00:00
VNINDEX,1D,2003-12-10,1071021600,162.0,162.0,162.0,162.0,122740,1,dnse,2026-09-21T07:14:24.587974+00:00
VNINDEX,1D,2003-12-11,1071108000,162.0,162.0,162.0,162.0,130930,1,dnse,2026-09-21T07:14:24.587974+00:00
VNINDEX,1D,2003-12-12,1071194400,162.0,162.0,162.0,162.0,92210,1,dnse,2026-09-21T07:14:24.587974+00:00
VNINDEX,1D,2003-12-15,1071453600,164.0,164.0,164.0,164.0,103920,1,dnse,2026-09-21T07:14:24.587974+00:00
VNINDEX,1D,2003-12-16,1071540000,166.0,166.0,166.0,166.0,143900,1,dnse,2026-09-21T07:14:24.587974+00:00
VNINDEX,1D,2003-12-17,1071626400,169.0,169.0,169.0,169.0,256620,1,dnse,2026-09-21T07:14:24.587974+00:00
VNINDEX,1D,2003-12-18,1071712800,169.0,169.0,169.0,169.0,229780,1,dnse,2026-09-21T07:14:24.587974+00:00
VNINDEX,1D,2003-12-19,1071799200,168.0,168.0,168.0,168.0,199490,1,dnse,2026-09-21T07:14:24.587974+00:00
VNINDEX,1D,2003-12-22,1072058400,167.0,167.0,167.0,167.0,159620,1,dnse,2026-09-21T07:14:24.587974+00:00
VNINDEX,1D,2003-12-23,1072144800,166.0,166.0,166.0,166.0,153310,1,dnse,2026-09-21T07:14:24.587974+00:00
VNINDEX,1D,2003-12-24,1072231200,166.0,166.0,166.0,166.0,146850,1,dnse,2026-09-21T07:14:24.587974+00:00
VNINDEX,1D,2003-12-25,1072317600,166.0,166.0,166.0,166.0,131170,1,dnse,2026-09-21T07:14:24.587974+00:00
VNINDEX,1D,2003-12-26,1072404000,166.0,166.0,166.0,166.0,78230,1,dnse,2026-09-21T07:14:24.587974+00:00
VNINDEX,1D,2003-12-29,1072663200,166.0,166.0,166.0,166.0,95840,1,dnse,2026-09-21T07:14:24.587974+00:00
VNINDEX,1D,2003-12-30,1072749600,166.0,166.0,166.0,166.0,95590,1,dnse,2026-09-21T07:14:24.587974+00:00
VNINDEX,1D,2003-12-31,1072836000,167.0,167.0,167.0,167.0,96590,1,dnse,2026-09-21T07:14:24.587974+00:00
VNINDEX,1D,2004-01-05,1073268000,169.0,169.0,169.0,169.0,216010,1,dnse,2026-09-21T07:14:24.587974+00:00
VNINDEX,1D,2004-01-06,1073354400,170.0,170.0,170.0,170.0,240830,1,dnse,2026-09-21T07:14:24.587974+00:00
VNINDEX,1D,2004-01-07,1073440800,171.0,171.0,171.0,171.0,121040,1,dnse,2026-09-21T07:14:24.587974+00:00
VNINDEX,1D,2004-01-08,1073527200,172.0,172.0,172.0,172.0,228650,1,dnse,2026-09-21T07:14:24.587974+00:00
VNINDEX,1D,2004-01-09,1073613600,173.0,173.0,173.0,173.0,144560,1,dnse,2026-09-21T07:14:24.587974+00:00
VNINDEX,1D,2004-01-12,1073872800,174.0,174.0,174.0,174.0,156020,1,dnse,2026-09-21T07:14:24.587974+00:00
VNINDEX,1D,2004-01-13,1073959200,175.0,175.0,175.0,175.0,225180,1,dnse,2026-09-21T07:14:24.587974+00:00
VNINDEX,1D,2004-01-14,1074045600,176.0,176.0,176.0,176.0,230700,1,dnse,2026-09-21T07:14:24.587974+00:00
VNINDEX,1D,2004-01-15,1074132000,178.0,178.0,178.0,178.0,322530,1,dnse,2026-09-21T07:14:24.587974+00:00
VNINDEX,1D,2004-01-16,1074218400,183.0,183.0,183.0,183.0,328810,1,dnse,2026-09-21T07:14:24.587974+00:00
VNINDEX,1D,2004-01-27,1075168800,192.0,192.0,192.0,192.0,103450,1,dnse,2026-09-21T07:14:24.587974+00:00
VNINDEX,1D,2004-01-28,1075255200,201.0,201.0,201.0,201.0,100170,1,dnse,2026-09-21T07:14:24.587974+00:00
VNINDEX,1D,2004-01-29,1075341600,210.0,210.0,210.0,210.0,318460,1,dnse,2026-09-21T07:14:24.587974+00:00
VNINDEX,1D,2004-01-30,1075428000,214.0,214.0,214.0,214.0,1303470,1,dnse,2026-09-21T07:14:24.587974+00:00
VNINDEX,1D,2004-02-02,1075687200,207.0,207.0,207.0,207.0,724110,1,dnse,2026-09-21T07:14:24.587974+00:00
VNINDEX,1D,2004-02-03,1075773600,200.0,200.0,200.0,200.0,819850,1,dnse,2026-09-21T07:14:24.587974+00:00
VNINDEX,1D,2004-02-04,1075860000,208.0,208.0,208.0,208.0,421610,1,dnse,2026-09-21T07:14:24.587974+00:00
VNINDEX,1D,2004-02-05,1075946400,215.0,215.0,215.0,215.0,826660,1,dnse,2026-09-21T07:14:24.587974+00:00
VNINDEX,1D,2004-02-06,1076032800,213.0,213.0,213.0,213.0,312870,1,dnse,2026-09-21T07:14:24.587974+00:00
VNINDEX,1D,2004-02-09,1076292000,213.0,213.0,213.0,213.0,312990,1,dnse,2026-09-21T07:14:24.587974+00:00
VNINDEX,1D,2004-02-10,1076378400,213.0,213.0,213.0,213.0,322220,1,dnse,2026-09-21T07:14:24.587974+00:00
VNINDEX,1D,2004-02-11,1076464800,213.0,213.0,213.0,213.0,389890,1,dnse,2026-09-21T07:14:24.587974+00:00
VNINDEX,1D,2004-02-12,1076551200,214.0,214.0,214.0,214.0,359460,1,dnse,2026-09-21T07:14:24.587974+00:00
VNINDEX,1D,2004-02-13,1076637600,217.0,217.0,217.0,217.0,574580,1,dnse,2026-09-21T07:14:24.587974+00:00
VNINDEX,1D,2004-02-16,1076896800,218.0,218.0,218.0,218.0,452550,1,dnse,2026-09-21T07:14:24.587974+00:00
VNINDEX,1D,2004-02-17,1076983200,219.0,219.0,219.0,219.0,552530,1,dnse,2026-09-21T07:14:24.587974+00:00
VNINDEX,1D,2004-02-18,1077069600,222.0,222.0,222.0,222.0,486550,1,dnse,2026-09-21T07:14:24.587974+00:00
VNINDEX,1D,2004-02-19,1077156000,228.0,228.0,228.0,228.0,734130,1,dnse,2026-09-21T07:14:24.587974+00:00
VNINDEX,1D,2004-02-20,1077242400,235.0,235.0,235.0,235.0,794210,1,dnse,2026-09-21T07:14:24.587974+00:00
VNINDEX,1D,2004-02-23,1077501600,246.0,246.0,246.0,246.0,381790,1,dnse,2026-09-21T07:14:24.587974+00:00
VNINDEX,1D,2004-02-24,1077588000,255.0,255.0,255.0,255.0,764550,1,dnse,2026-09-21T07:14:24.587974+00:00
VNINDEX,1D,2004-02-25,1077674400,255.0,255.0,255.0,255.0,1247500,1,dnse,2026-09-21T07:14:24.587974+00:00
VNINDEX,1D,2004-02-26,1077760800,251.0,251.0,251.0,251.0,934620,1,dnse,2026-09-21T07:14:24.587974+00:00
VNINDEX,1D,2004-02-27,1077847200,261.0,261.0,261.0,261.0,921170,1,dnse,2026-09-21T07:14:24.587974+00:00
VNINDEX,1D,2004-03-01,1078106400,271.0,271.0,271.0,271.0,943130,1,dnse,2026-09-21T07:14:24.587974+00:00
VNINDEX,1D,2004-03-02,1078192800,273.0,273.0,273.0,273.0,1035530,1,dnse,2026-09-21T07:14:24.587974+00:00
VNINDEX,1D,2004-03-03,1078279200,270.0,270.0,270.0,270.0,977370,1,dnse,2026-09-21T07:14:24.587974+00:00
VNINDEX,1D,2004-03-04,1078365600,265.0,265.0,265.0,265.0,724650,1,dnse,2026-09-21T07:14:24.587974+00:00
VNINDEX,1D,2004-03-05,1078452000,268.0,268.0,268.0,268.0,710380,1,dnse,2026-09-21T07:14:24.587974+00:00
VNINDEX,1D,2004-03-08,1078711200,265.0,265.0,265.0,265.0,568690,1,dnse,2026-09-21T07:14:24.587974+00:00
VNINDEX,1D,2004-03-09,1078797600,256.0,256.0,256.0,256.0,757180,1,dnse,2026-09-21T07:14:24.587974+00:00
VNINDEX,1D,2004-03-10,1078884000,255.0,255.0,255.0,255.0,1317310,1,dnse,2026-09-21T07:14:24.587974+00:00
VNINDEX,1D,2004-03-11,1078970400,261.0,261.0,261.0,261.0,656730,1,dnse,2026-09-21T07:14:24.587974+00:00
VNINDEX,1D,2004-03-12,1079056800,263.0,263.0,263.0,263.0,526050,1,dnse,2026-09-21T07:14:24.587974+00:00
VNINDEX,1D,2004-03-15,1079316000,265.0,265.0,265.0,265.0,540340,1,dnse,2026-09-21T07:14:24.587974+00:00
VNINDEX,1D,2004-03-16,1079402400,263.0,263.0,263.0,263.0,525310,1,dnse,2026-09-21T07:14:24.587974+00:00
VNINDEX,1D,2004-03-17,1079488800,261.0,261.0,261.0,261.0,543880,1,dnse,2026-09-21T07:14:24.587974+00:00
VNINDEX,1D,2004-03-18,1079575200,262.0,262.0,262.0,262.0,611420,1,dnse,2026-09-21T07:14:24.587974+00:00
VNINDEX,1D,2004-03-19,1079661600,262.0,262.0,262.0,262.0,461790,1,dnse,2026-09-21T07:14:24.587974+00:00
VNINDEX,1D,2004-03-22,1079920800,261.0,261.0,261.0,261.0,387000,1,dnse,2026-09-21T07:14:24.587974+00:00
VNINDEX,1D,2004-03-23,1080007200,257.0,257.0,257.0,257.0,700340,1,dnse,2026-09-21T07:14:24.587974+00:00
VNINDEX,1D,2004-03-24,1080093600,257.0,257.0,257.0,257.0,754740,1,dnse,2026-09-21T07:14:24.587974+00:00
VNINDEX,1D,2004-03-25,1080180000,265.0,265.0,265.0,265.0,620050,1,dnse,2026-09-21T07:14:24.587974+00:00
VNINDEX,1D,2004-03-26,1080266400,272.0,272.0,272.0,272.0,661500,1,dnse,2026-09-21T07:14:24.587974+00:00
VNINDEX,1D,2004-03-29,1080525600,276.0,276.0,276.0,276.0,448590,1,dnse,2026-09-21T07:14:24.587974+00:00
VNINDEX,1D,2004-03-30,1080612000,273.0,273.0,273.0,273.0,550370,1,dnse,2026-09-21T07:14:24.587974+00:00
VNINDEX,1D,2004-03-31,1080698400,277.0,277.0,277.0,277.0,540020,1,dnse,2026-09-21T07:14:24.587974+00:00
VNINDEX,1D,2004-04-01,1080784800,280.0,280.0,280.0,280.0,391260,1,dnse,2026-09-21T07:14:24.587974+00:00
VNINDEX,1D,2004-04-02,1080871200,273.0,273.0,273.0,273.0,282070,1,dnse,2026-09-21T07:14:24.587974+00:00
VNINDEX,1D,2004-04-05,1081130400,271.0,271.0,271.0,271.0,361340,1,dnse,2026-09-21T07:14:24.587974+00:00
VNINDEX,1D,2004-04-06,1081216800,271.0,271.0,271.0,271.0,206260,1,dnse,2026-09-21T07:14:24.587974+00:00
VNINDEX,1D,2004-04-07,1081303200,269.0,269.0,269.0,269.0,181000,1,dnse,2026-09-21T07:14:24.587974+00:00
VNINDEX,1D,2004-04-08,1081389600,262.0,262.0,262.0,262.0,323850,1,dnse,2026-09-21T07:14:24.587974+00:00
VNINDEX,1D,2004-04-09,1081476000,260.0,260.0,260.0,260.0,242160,1,dnse,2026-09-21T07:14:24.587974+00:00
VNINDEX,1D,2004-04-12,1081735200,254.0,254.0,254.0,254.0,294790,1,dnse,2026-09-21T07:14:24.587974+00:00
VNINDEX,1D,2004-04-13,1081821600,251.0,251.0,251.0,251.0,316820,1,dnse,2026-09-21T07:14:24.587974+00:00
VNINDEX,1D,2004-04-14,1081908000,251.0,251.0,251.0,251.0,283850,1,dnse,2026-09-21T07:14:24.587974+00:00
VNINDEX,1D,2004-04-15,1081994400,256.0,256.0,256.0,256.0,335190,1,dnse,2026-09-21T07:14:24.587974+00:00
VNINDEX,1D,2004-04-16,1082080800,259.0,259.0,259.0,259.0,230740,1,dnse,2026-09-21T07:14:24.587974+00:00
VNINDEX,1D,2004-04-19,1082340000,255.0,255.0,255.0,255.0,235000,1,dnse,2026-09-21T07:14:24.587974+00:00
VNINDEX,1D,2004-04-20,1082426400,255.0,255.0,255.0,255.0,303780,1,dnse,2026-09-21T07:14:24.587974+00:00
VNINDEX,1D,2004-04-21,1082512800,256.0,256.0,256.0,256.0,157640,1,dnse,2026-09-21T07:14:24.587974+00:00
VNINDEX,1D,2004-04-22,1082599200,258.0,258.0,258.0,258.0,199460,1,dnse,2026-09-21T07:14:24.587974+00:00
VNINDEX,1D,2004-04-23,1082685600,260.0,260.0,260.0,260.0,182200,1,dnse,2026-09-21T07:14:24.587974+00:00
VNINDEX,1D,2004-04-26,1082944800,261.0,261.0,261.0,261.0,260660,1,dnse,2026-09-21T07:14:24.587974+00:00
VNINDEX,1D,2004-04-27,1083031200,261.0,261.0,261.0,261.0,216390,1,dnse,2026-09-21T07:14:24.587974+00:00
VNINDEX,1D,2004-04-28,1083117600,262.0,262.0,262.0,262.0,175020,1,dnse,2026-09-21T07:14:24.587974+00:00
VNINDEX,1D,2004-04-29,1083204000,264.0,264.0,264.0,264.0,145620,1,dnse,2026-09-21T07:14:24.587974+00:00
VNINDEX,1D,2004-05-04,1083636000,266.0,266.0,266.0,266.0,124430,1,dnse,2026-09-21T07:14:24.587974+00:00
VNINDEX,1D,2004-05-05,1083722400,264.0,264.0,264.0,264.0,121990,1,dnse,2026-09-21T07:14:24.587974+00:00
VNINDEX,1D,2004-05-06,1083808800,262.0,262.0,262.0,262.0,174530,1,dnse,2026-09-21T07:14:24.587974+00:00
VNINDEX,1D,2004-05-07,1083895200,261.0,261.0,261.0,261.0,165220,1,dnse,2026-09-21T07:14:24.587974+00:00
VNINDEX,1D,2004-05-10,1084154400,258.0,258.0,258.0,258.0,175080,1,dnse,2026-09-21T07:14:24.587974+00:00
VNINDEX,1D,2004-05-11,1084240800,257.0,257.0,257.0,257.0,242090,1,dnse,2026-09-21T07:14:24.587974+00:00
VNINDEX,1D,2004-05-12,1084327200,263.0,263.0,263.0,263.0,190210,1,dnse,2026-09-21T07:14:24.587974+00:00
VNINDEX,1D,2004-05-13,1084413600,264.0,264.0,264.0,264.0,173820,1,dnse,2026-09-21T07:14:24.587974+00:00
VNINDEX,1D,2004-05-14,1084500000,261.0,261.0,261.0,261.0,189550,1,dnse,2026-09-21T07:14:24.587974+00:00
VNINDEX,1D,2004-05-17,1084759200,260.0,260.0,260.0,260.0,81470,1,dnse,2026-09-21T07:14:24.587974+00:00
VNINDEX,1D,2004-05-18,1084845600,261.0,261.0,261.0,261.0,86150,1,dnse,2026-09-21T07:14:24.587974+00:00
VNINDEX,1D,2004-05-19,1084932000,261.0,261.0,261.0,261.0,122750,1,dnse,2026-09-21T07:14:24.587974+00:00
VNINDEX,1D,2004-05-20,1085018400,262.0,262.0,262.0,262.0,109000,1,dnse,2026-09-21T07:14:24.587974+00:00
VNINDEX,1D,2004-05-21,1085104800,261.0,261.0,261.0,261.0,140010,1,dnse,2026-09-21T07:14:24.587974+00:00
VNINDEX,1D,2004-05-24,1085364000,262.0,262.0,262.0,262.0,163900,1,dnse,2026-09-21T07:14:24.587974+00:00
VNINDEX,1D,2004-05-25,1085450400,258.0,258.0,258.0,258.0,162580,1,dnse,2026-09-21T07:14:24.587974+00:00
VNINDEX,1D,2004-05-26,1085536800,254.0,254.0,254.0,254.0,138800,1,dnse,2026-09-21T07:14:24.587974+00:00
VNINDEX,1D,2004-05-27,1085623200,251.0,251.0,251.0,251.0,225210,1,dnse,2026-09-21T07:14:24.587974+00:00
VNINDEX,1D,2004-05-28,1085709600,251.0,251.0,251.0,251.0,209820,1,dnse,2026-09-21T07:14:24.587974+00:00
VNINDEX,1D,2004-05-31,1085968800,252.0,252.0,252.0,252.0,130320,1,dnse,2026-09-21T07:14:24.587974+00:00
VNINDEX,1D,2004-06-01,1086055200,253.0,253.0,253.0,253.0,156630,1,dnse,2026-09-21T07:14:24.587974+00:00
VNINDEX,1D,2004-06-02,1086141600,252.0,252.0,252.0,252.0,103120,1,dnse,2026-09-21T07:14:24.587974+00:00
VNINDEX,1D,2004-06-03,1086228000,251.0,251.0,251.0,251.0,140180,1,dnse,2026-09-21T07:14:24.587974+00:00
VNINDEX,1D,2004-06-04,1086314400,249.0,249.0,249.0,249.0,166070,1,dnse,2026-09-21T07:14:24.587974+00:00
VNINDEX,1D,2004-06-07,1086573600,247.0,247.0,247.0,247.0,111700,1,dnse,2026-09-21T07:14:24.587974+00:00
VNINDEX,1D,2004-06-08,1086660000,245.0,245.0,245.0,245.0,254420,1,dnse,2026-09-21T07:14:24.587974+00:00
VNINDEX,1D,2004-06-09,1086746400,247.0,247.0,247.0,247.0,195340,1,dnse,2026-09-21T07:14:24.587974+00:00
VNINDEX,1D,2004-06-10,1086832800,247.0,247.0,247.0,247.0,88860,1,dnse,2026-09-21T07:14:24.587974+00:00
VNINDEX,1D,2004-06-11,1086919200,248.0,248.0,248.0,248.0,141860,1,dnse,2026-09-21T07:14:24.587974+00:00
VNINDEX,1D,2004-06-14,1087178400,254.0,254.0,254.0,254.0,370510,1,dnse,2026-09-21T07:14:24.587974+00:00
VNINDEX,1D,2004-06-15,1087264800,254.0,254.0,254.0,254.0,246280,1,dnse,2026-09-21T07:14:24.587974+00:00
VNINDEX,1D,2004-06-16,1087351200,252.0,252.0,252.0,252.0,327550,1,dnse,2026-09-21T07:14:24.587974+00:00
VNINDEX,1D,2004-06-17,1087437600,249.0,249.0,249.0,249.0,98130,1,dnse,2026-09-21T07:14:24.587974+00:00
VNINDEX,1D,2004-06-18,1087524000,249.0,249.0,249.0,249.0,109920,1,dnse,2026-09-21T07:14:24.587974+00:00
VNINDEX,1D,2004-06-21,1087783200,250.0,250.0,250.0,250.0,111990,1,dnse,2026-09-21T07:14:24.587974+00:00
VNINDEX,1D,2004-06-22,1087869600,249.0,249.0,249.0,249.0,214170,1,dnse,2026-09-21T07:14:24.587974+00:00
VNINDEX,1D,2004-06-23,1087956000,249.0,249.0,249.0,249.0,128380,1,dnse,2026-09-21T07:14:24.587974+00:00
VNINDEX,1D,2004-06-24,1088042400,250.0,250.0,250.0,250.0,146560,1,dnse,2026-09-21T07:14:24.587974+00:00
VNINDEX,1D,2004-06-25,1088128800,250.0,250.0,250.0,250.0,93370,1,dnse,2026-09-21T07:14:24.587974+00:00
VNINDEX,1D,2004-06-28,1088388000,249.0,249.0,249.0,249.0,102190,1,dnse,2026-09-21T07:14:24.587974+00:00
VNINDEX,1D,2004-06-29,1088474400,248.0,248.0,248.0,248.0,82740,1,dnse,2026-09-21T07:14:24.587974+00:00
VNINDEX,1D,2004-06-30,1088560800,250.0,250.0,250.0,250.0,264260,1,dnse,2026-09-21T07:14:24.587974+00:00
VNINDEX,1D,2004-07-01,1088647200,249.0,249.0,249.0,249.0,167760,1,dnse,2026-09-21T07:14:24.587974+00:00
VNINDEX,1D,2004-07-02,1088733600,248.0,248.0,248.0,248.0,60330,1,dnse,2026-09-21T07:14:24.587974+00:00
VNINDEX,1D,2004-07-05,1088992800,248.0,248.0,248.0,248.0,129140,1,dnse,2026-09-21T07:14:24.587974+00:00
VNINDEX,1D,2004-07-06,1089079200,247.0,247.0,247.0,247.0,155010,1,dnse,2026-09-21T07:14:24.587974+00:00
VNINDEX,1D,2004-07-07,1089165600,247.0,247.0,247.0,247.0,77650,1,dnse,2026-09-21T07:14:24.587974+00:00
VNINDEX,1D,2004-07-08,1089252000,246.0,246.0,246.0,246.0,74570,1,dnse,2026-09-21T07:14:24.587974+00:00
VNINDEX,1D,2004-07-09,1089338400,246.0,246.0,246.0,246.0,134990,1,dnse,2026-09-21T07:14:24.587974+00:00
VNINDEX,1D,2004-07-12,1089597600,246.0,246.0,246.0,246.0,86010,1,dnse,2026-09-21T07:14:24.587974+00:00
VNINDEX,1D,2004-07-13,1089684000,245.0,245.0,245.0,245.0,113830,1,dnse,2026-09-21T07:14:24.587974+00:00
VNINDEX,1D,2004-07-14,1089770400,243.0,243.0,243.0,243.0,101320,1,dnse,2026-09-21T07:14:24.587974+00:00
VNINDEX,1D,2004-07-15,1089856800,242.0,242.0,242.0,242.0,153350,1,dnse,2026-09-21T07:14:24.587974+00:00
VNINDEX,1D,2004-07-16,1089943200,246.0,246.0,246.0,246.0,88140,1,dnse,2026-09-21T07:14:24.587974+00:00
VNINDEX,1D,2004-07-19,1090202400,243.0,243.0,243.0,243.0,129910,1,dnse,2026-09-21T07:14:24.587974+00:00
VNINDEX,1D,2004-07-20,1090288800,244.0,244.0,244.0,244.0,176400,1,dnse,2026-09-21T07:14:24.587974+00:00
VNINDEX,1D,2004-07-21,1090375200,244.0,244.0,244.0,244.0,88920,1,dnse,2026-09-21T07:14:24.587974+00:00
VNINDEX,1D,2004-07-22,1090461600,244.0,244.0,244.0,244.0,49460,1,dnse,2026-09-21T07:14:24.587974+00:00
VNINDEX,1D,2004-07-23,1090548000,244.0,244.0,244.0,244.0,88370,1,dnse,2026-09-21T07:14:24.587974+00:00
VNINDEX,1D,2004-07-26,1090807200,242.0,242.0,242.0,242.0,131350,1,dnse,2026-09-21T07:14:24.587974+00:00
VNINDEX,1D,2004-07-27,1090893600,241.0,241.0,241.0,241.0,161560,1,dnse,2026-09-21T07:14:24.587974+00:00
VNINDEX,1D,2004-07-28,1090980000,240.0,240.0,240.0,240.0,160560,1,dnse,2026-09-21T07:14:24.587974+00:00
VNINDEX,1D,2004-07-29,1091066400,235.0,235.0,235.0,235.0,254830,1,dnse,2026-09-21T07:14:24.587974+00:00
VNINDEX,1D,2004-07-30,1091152800,238.0,238.0,238.0,238.0,280120,1,dnse,2026-09-21T07:14:24.587974+00:00
VNINDEX,1D,2004-08-02,1091412000,237.0,237.0,237.0,237.0,74260,1,dnse,2026-09-21T07:14:24.587974+00:00
VNINDEX,1D,2004-08-03,1091498400,234.0,234.0,234.0,234.0,154560,1,dnse,2026-09-21T07:14:24.587974+00:00
VNINDEX,1D,2004-08-04,1091584800,232.0,232.0,232.0,232.0,216990,1,dnse,2026-09-21T07:14:24.587974+00:00
VNINDEX,1D,2004-08-05,1091671200,229.0,229.0,229.0,229.0,224350,1,dnse,2026-09-21T07:14:24.587974+00:00
VNINDEX,1D,2004-08-06,1091757600,224.0,224.0,224.0,224.0,271990,1,dnse,2026-09-21T07:14:24.587974+00:00
VNINDEX,1D,2004-08-09,1092016800,214.0,214.0,214.0,214.0,348050,1,dnse,2026-09-21T07:14:24.587974+00:00
VNINDEX,1D,2004-08-10,1092103200,222.0,222.0,222.0,222.0,315010,1,dnse,2026-09-21T07:14:24.587974+00:00
VNINDEX,1D,2004-08-11,1092189600,227.0,227.0,227.0,227.0,186650,1,dnse,2026-09-21T07:14:24.587974+00:00
VNINDEX,1D,2004-08-12,1092276000,224.0,224.0,224.0,224.0,158900,1,dnse,2026-09-21T07:14:24.587974+00:00
VNINDEX,1D,2004-08-13,1092362400,223.0,223.0,223.0,223.0,128050,1,dnse,2026-09-21T07:14:24.587974+00:00
VNINDEX,1D,2004-08-16,1092621600,221.0,221.0,221.0,221.0,77070,1,dnse,2026-09-21T07:14:24.587974+00:00
VNINDEX,1D,2004-08-17,1092708000,222.0,222.0,222.0,222.0,79450,1,dnse,2026-09-21T07:14:24.587974+00:00
VNINDEX,1D,2004-08-18,1092794400,224.0,224.0,224.0,224.0,99510,1,dnse,2026-09-21T07:14:24.587974+00:00
VNINDEX,1D,2004-08-19,1092880800,227.0,227.0,227.0,227.0,147850,1,dnse,2026-09-21T07:14:24.587974+00:00
VNINDEX,1D,2004-08-20,1092967200,229.0,229.0,229.0,229.0,234890,1,dnse,2026-09-21T07:14:24.587974+00:00
VNINDEX,1D,2004-08-23,1093226400,237.0,237.0,237.0,237.0,390320,1,dnse,2026-09-21T07:14:24.587974+00:00
VNINDEX,1D,2004-08-24,1093312800,232.0,232.0,232.0,232.0,295300,1,dnse,2026-09-21T07:14:24.587974+00:00
VNINDEX,1D,2004-08-25,1093399200,232.0,232.0,232.0,232.0,125070,1,dnse,2026-09-21T07:14:24.587974+00:00
VNINDEX,1D,2004-08-26,1093485600,233.0,233.0,233.0,233.0,241570,1,dnse,2026-09-21T07:14:24.587974+00:00
VNINDEX,1D,2004-08-27,1093572000,234.0,234.0,234.0,234.0,197710,1,dnse,2026-09-21T07:14:24.587974+00:00
VNINDEX,1D,2004-08-30,1093831200,232.0,232.0,232.0,232.0,152730,1,dnse,2026-09-21T07:14:24.587974+00:00
VNINDEX,1D,2004-08-31,1093917600,232.0,232.0,232.0,232.0,193110,1,dnse,2026-09-21T07:14:24.587974+00:00
VNINDEX,1D,2004-09-01,1094004000,232.0,232.0,232.0,232.0,70830,1,dnse,2026-09-21T07:14:24.587974+00:00
VNINDEX,1D,2004-09-06,1094436000,231.0,231.0,231.0,231.0,82310,1,dnse,2026-09-21T07:14:24.587974+00:00
VNINDEX,1D,2004-09-07,1094522400,231.0,231.0,231.0,231.0,61620,1,dnse,2026-09-21T07:14:24.587974+00:00
VNINDEX,1D,2004-09-08,1094608800,230.0,230.0,230.0,230.0,123820,1,dnse,2026-09-21T07:14:24.587974+00:00
VNINDEX,1D,2004-09-09,1094695200,230.0,230.0,230.0,230.0,65010,1,dnse,2026-09-21T07:14:24.587974+00:00
VNINDEX,1D,2004-09-10,1094781600,231.0,231.0,231.0,231.0,48440,1,dnse,2026-09-21T07:14:24.587974+00:00
VNINDEX,1D,2004-09-13,1095040800,231.0,231.0,231.0,231.0,96710,1,dnse,2026-09-21T07:14:24.587974+00:00
VNINDEX,1D,2004-09-14,1095127200,232.0,232.0,232.0,232.0,137930,1,dnse,2026-09-21T07:14:24.587974+00:00
VNINDEX,1D,2004-09-15,1095213600,232.0,232.0,232.0,232.0,110400,1,dnse,2026-09-21T07:14:24.587974+00:00
VNINDEX,1D,2004-09-16,1095300000,232.0,232.0,232.0,232.0,81340,1,dnse,2026-09-21T07:14:24.587974+00:00
VNINDEX,1D,2004-09-17,1095386400,231.0,231.0,231.0,231.0,62320,1,dnse,2026-09-21T07:14:24.587974+00:00
VNINDEX,1D,2004-09-20,1095645600,231.0,231.0,231.0,231.0,50750,1,dnse,2026-09-21T07:14:24.587974+00:00
VNINDEX,1D,2004-09-21,1095732000,231.0,231.0,231.0,231.0,66810,1,dnse,2026-09-21T07:14:24.587974+00:00
VNINDEX,1D,2004-09-22,1095818400,230.0,230.0,230.0,230.0,93730,1,dnse,2026-09-21T07:14:24.587974+00:00
VNINDEX,1D,2004-09-23,1095904800,230.0,230.0,230.0,230.0,109170,1,dnse,2026-09-21T07:14:24.587974+00:00
VNINDEX,1D,2004-09-24,1095991200,231.0,231.0,231.0,231.0,65780,1,dnse,2026-09-21T07:14:24.587974+00:00
VNINDEX,1D,2004-09-27,1096250400,231.0,231.0,231.0,231.0,73530,1,dnse,2026-09-21T07:14:24.587974+00:00
VNINDEX,1D,2004-09-28,1096336800,232.0,232.0,232.0,232.0,105950,1,dnse,2026-09-21T07:14:24.587974+00:00
VNINDEX,1D,2004-09-29,1096423200,233.0,233.0,233.0,233.0,165390,1,dnse,2026-09-21T07:14:24.587974+00:00
VNINDEX,1D,2004-09-30,1096509600,233.0,233.0,233.0,233.0,151500,1,dnse,2026-09-21T07:14:24.587974+00:00
VNINDEX,1D,2004-10-01,1096596000,233.0,233.0,233.0,233.0,104790,1,dnse,2026-09-21T07:14:24.587974+00:00
VNINDEX,1D,2004-10-04,1096855200,233.0,233.0,233.0,233.0,109850,1,dnse,2026-09-21T07:14:24.587974+00:00
VNINDEX,1D,2004-10-05,1096941600,233.0,233.0,233.0,233.0,121590,1,dnse,2026-09-21T07:14:24.587974+00:00
VNINDEX,1D,2004-10-06,1097028000,233.0,233.0,233.0,233.0,134130,1,dnse,2026-09-21T07:14:24.587974+00:00
VNINDEX,1D,2004-10-07,1097114400,233.0,233.0,233.0,233.0,90440,1,dnse,2026-09-21T07:14:24.587974+00:00
VNINDEX,1D,2004-10-08,1097200800,233.0,233.0,233.0,233.0,122670,1,dnse,2026-09-21T07:14:24.587974+00:00
VNINDEX,1D,2004-10-11,1097460000,231.0,231.0,231.0,231.0,101810,1,dnse,2026-09-21T07:14:24.587974+00:00
VNINDEX,1D,2004-10-12,1097546400,231.0,231.0,231.0,231.0,130260,1,dnse,2026-09-21T07:14:24.587974+00:00
VNINDEX,1D,2004-10-13,1097632800,231.0,231.0,231.0,231.0,128360,1,dnse,2026-09-21T07:14:24.587974+00:00
VNINDEX,1D,2004-10-14,1097719200,232.0,232.0,232.0,232.0,155300,1,dnse,2026-09-21T07:14:24.587974+00:00
VNINDEX,1D,2004-10-15,1097805600,232.0,232.0,232.0,232.0,169780,1,dnse,2026-09-21T07:14:24.587974+00:00
VNINDEX,1D,2004-10-18,1098064800,234.0,234.0,234.0,234.0,215600,1,dnse,2026-09-21T07:14:24.587974+00:00
VNINDEX,1D,2004-10-19,1098151200,236.0,236.0,236.0,236.0,246960,1,dnse,2026-09-21T07:14:24.587974+00:00
VNINDEX,1D,2004-10-20,1098237600,236.0,236.0,236.0,236.0,206640,1,dnse,2026-09-21T07:14:24.587974+00:00
VNINDEX,1D,2004-10-21,1098324000,234.0,234.0,234.0,234.0,156810,1,dnse,2026-09-21T07:14:24.587974+00:00
VNINDEX,1D,2004-10-22,1098410400,233.0,233.0,233.0,233.0,108220,1,dnse,2026-09-21T07:14:24.587974+00:00
VNINDEX,1D,2004-10-25,1098669600,234.0,234.0,234.0,234.0,102480,1,dnse,2026-09-21T07:14:24.587974+00:00
VNINDEX,1D,2004-10-26,1098756000,234.0,234.0,234.0,234.0,181960,1,dnse,2026-09-21T07:14:24.587974+00:00
VNINDEX,1D,2004-10-27,1098842400,234.0,234.0,234.0,234.0,156980,1,dnse,2026-09-21T07:14:24.587974+00:00
VNINDEX,1D,2004-10-28,1098928800,233.0,233.0,233.0,233.0,96950,1,dnse,2026-09-21T07:14:24.587974+00:00
VNINDEX,1D,2004-10-29,1099015200,233.0,233.0,233.0,233.0,162470,1,dnse,2026-09-21T07:14:24.587974+00:00
VNINDEX,1D,2004-11-01,1099274400,232.0,232.0,232.0,232.0,93680,1,dnse,2026-09-21T07:14:24.587974+00:00
VNINDEX,1D,2004-11-02,1099360800,233.0,233.0,233.0,233.0,154450,1,dnse,2026-09-21T07:14:24.587974+00:00
VNINDEX,1D,2004-11-03,1099447200,232.0,232.0,232.0,232.0,126240,1,dnse,2026-09-21T07:14:24.587974+00:00
VNINDEX,1D,2004-11-04,1099533600,231.0,231.0,231.0,231.0,68980,1,dnse,2026-09-21T07:14:24.587974+00:00
VNINDEX,1D,2004-11-05,1099620000,231.0,231.0,231.0,231.0,100270,1,dnse,2026-09-21T07:14:24.587974+00:00
VNINDEX,1D,2004-11-08,1099879200,230.0,230.0,230.0,230.0,103600,1,dnse,2026-09-21T07:14:24.587974+00:00
VNINDEX,1D,2004-11-09,1099965600,229.0,229.0,229.0,229.0,110600,1,dnse,2026-09-21T07:14:24.587974+00:00
VNINDEX,1D,2004-11-10,1100052000,229.0,229.0,229.0,229.0,106460,1,dnse,2026-09-21T07:14:24.587974+00:00
VNINDEX,1D,2004-11-11,1100138400,228.0,228.0,228.0,228.0,117110,1,dnse,2026-09-21T07:14:24.587974+00:00
VNINDEX,1D,2004-11-12,1100224800,227.0,227.0,227.0,227.0,226570,1,dnse,2026-09-21T07:14:24.587974+00:00
VNINDEX,1D,2004-11-15,1100484000,227.0,227.0,227.0,227.0,98220,1,dnse,2026-09-21T07:14:24.587974+00:00
VNINDEX,1D,2004-11-16,1100570400,226.0,226.0,226.0,226.0,82500,1,dnse,2026-09-21T07:14:24.587974+00:00
VNINDEX,1D,2004-11-17,1100656800,226.0,226.0,226.0,226.0,81450,1,dnse,2026-09-21T07:14:24.587974+00:00
VNINDEX,1D,2004-11-18,1100743200,226.0,226.0,226.0,226.0,113460,1,dnse,2026-09-21T07:14:24.587974+00:00
VNINDEX,1D,2004-11-19,1100829600,225.0,225.0,225.0,225.0,100660,1,dnse,2026-09-21T07:14:24.587974+00:00
VNINDEX,1D,2004-11-22,1101088800,224.0,224.0,224.0,224.0,177400,1,dnse,2026-09-21T07:14:24.587974+00:00
VNINDEX,1D,2004-11-23,1101175200,223.0,223.0,223.0,223.0,136020,1,dnse,2026-09-21T07:14:24.587974+00:00
VNINDEX,1D,2004-11-24,1101261600,222.0,222.0,222.0,222.0,159840,1,dnse,2026-09-21T07:14:24.587974+00:00
VNINDEX,1D,2004-11-25,1101348000,221.0,221.0,221.0,221.0,137330,1,dnse,2026-09-21T07:14:24.587974+00:00
VNINDEX,1D,2004-11-26,1101434400,222.0,222.0,222.0,222.0,120270,1,dnse,2026-09-21T07:14:24.587974+00:00
VNINDEX,1D,2004-11-29,1101693600,224.0,224.0,224.0,224.0,186870,1,dnse,2026-09-21T07:14:24.587974+00:00
VNINDEX,1D,2004-11-30,1101780000,230.0,230.0,230.0,230.0,279520,1,dnse,2026-09-21T07:14:24.587974+00:00
VNINDEX,1D,2004-12-01,1101866400,232.0,232.0,232.0,232.0,301730,1,dnse,2026-09-21T07:14:24.587974+00:00
VNINDEX,1D,2004-12-02,1101952800,228.0,228.0,228.0,228.0,121140,1,dnse,2026-09-21T07:14:24.587974+00:00
VNINDEX,1D,2004-12-03,1102039200,229.0,229.0,229.0,229.0,121790,1,dnse,2026-09-21T07:14:24.587974+00:00
VNINDEX,1D,2004-12-06,1102298400,229.0,229.0,229.0,229.0,131210,1,dnse,2026-09-21T07:14:24.587974+00:00
VNINDEX,1D,2004-12-07,1102384800,230.0,230.0,230.0,230.0,158840,1,dnse,2026-09-21T07:14:24.587974+00:00
VNINDEX,1D,2004-12-08,1102471200,230.0,230.0,230.0,230.0,124450,1,dnse,2026-09-21T07:14:24.587974+00:00
VNINDEX,1D,2004-12-09,1102557600,230.0,230.0,230.0,230.0,67590,1,dnse,2026-09-21T07:14:24.587974+00:00
VNINDEX,1D,2004-12-10,1102644000,230.0,230.0,230.0,230.0,115910,1,dnse,2026-09-21T07:14:24.587974+00:00
VNINDEX,1D,2004-12-13,1102903200,231.0,231.0,231.0,231.0,92620,1,dnse,2026-09-21T07:14:24.587974+00:00
VNINDEX,1D,2004-12-14,1102989600,231.0,231.0,231.0,231.0,115020,1,dnse,2026-09-21T07:14:24.587974+00:00
VNINDEX,1D,2004-12-15,1103076000,232.0,232.0,232.0,232.0,157590,1,dnse,2026-09-21T07:14:24.587974+00:00
VNINDEX,1D,2004-12-16,1103162400,233.0,233.0,233.0,233.0,202560,1,dnse,2026-09-21T07:14:24.587974+00:00
VNINDEX,1D,2004-12-17,1103248800,234.0,234.0,234.0,234.0,221590,1,dnse,2026-09-21T07:14:24.587974+00:00
VNINDEX,1D,2004-12-20,1103508000,234.0,234.0,234.0,234.0,213420,1,dnse,2026-09-21T07:14:24.587974+00:00
VNINDEX,1D,2004-12-21,1103594400,234.0,234.0,234.0,234.0,179680,1,dnse,2026-09-21T07:14:24.587974+00:00
VNINDEX,1D,2004-12-22,1103680800,235.0,235.0,235.0,235.0,136140,1,dnse,2026-09-21T07:14:24.587974+00:00
VNINDEX,1D,2004-12-23,1103767200,237.0,237.0,237.0,237.0,201150,1,dnse,2026-09-21T07:14:24.587974+00:00
VNINDEX,1D,2004-12-24,1103853600,240.0,240.0,240.0,240.0,466140,1,dnse,2026-09-21T07:14:24.587974+00:00
VNINDEX,1D,2004-12-27,1104112800,240.0,240.0,240.0,240.0,343000,1,dnse,2026-09-21T07:14:24.587974+00:00
VNINDEX,1D,2004-12-28,1104199200,239.0,239.0,239.0,239.0,198320,1,dnse,2026-09-21T07:14:24.587974+00:00
VNINDEX,1D,2004-12-29,1104285600,238.0,238.0,238.0,238.0,171340,1,dnse,2026-09-21T07:14:24.587974+00:00
VNINDEX,1D,2004-12-30,1104372000,238.0,238.0,238.0,238.0,164460,1,dnse,2026-09-21T07:14:24.587974+00:00
VNINDEX,1D,2004-12-31,1104458400,239.0,239.0,239.0,239.0,248000,1,dnse,2026-09-21T07:14:24.587974+00:00
VNINDEX,1D,2005-01-04,1104804000,237.0,237.0,237.0,237.0,116280,1,dnse,2026-09-21T07:14:24.587974+00:00
VNINDEX,1D,2005-01-05,1104890400,237.0,237.0,237.0,237.0,121640,1,dnse,2026-09-21T07:14:24.587974+00:00
VNINDEX,1D,2005-01-06,1104976800,236.0,236.0,236.0,236.0,162000,1,dnse,2026-09-21T07:14:24.587974+00:00
VNINDEX,1D,2005-01-07,1105063200,235.0,235.0,235.0,235.0,75150,1,dnse,2026-09-21T07:14:24.587974+00:00
VNINDEX,1D,2005-01-10,1105322400,234.0,234.0,234.0,234.0,71290,1,dnse,2026-09-21T07:14:24.587974+00:00
VNINDEX,1D,2005-01-11,1105408800,235.0,235.0,235.0,235.0,62850,1,dnse,2026-09-21T07:14:24.587974+00:00
VNINDEX,1D,2005-01-13,1105581600,234.0,234.0,234.0,234.0,65510,1,dnse,2026-09-21T07:14:24.587974+00:00
VNINDEX,1D,2005-01-14,1105668000,236.0,236.0,236.0,236.0,111480,1,dnse,2026-09-21T07:14:24.587974+00:00
VNINDEX,1D,2005-01-17,1105927200,236.0,236.0,236.0,236.0,126610,1,dnse,2026-09-21T07:14:24.587974+00:00
VNINDEX,1D,2005-01-18,1106013600,235.0,235.0,235.0,235.0,150210,1,dnse,2026-09-21T07:14:24.587974+00:00
VNINDEX,1D,2005-01-19,1106100000,235.0,235.0,235.0,235.0,84460,1,dnse,2026-09-21T07:14:24.587974+00:00
VNINDEX,1D,2005-01-20,1106186400,235.0,235.0,235.0,235.0,111450,1,dnse,2026-09-21T07:14:24.587974+00:00
VNINDEX,1D,2005-01-21,1106272800,236.0,236.0,236.0,236.0,135610,1,dnse,2026-09-21T07:14:24.587974+00:00
VNINDEX,1D,2005-01-24,1106532000,235.0,235.0,235.0,235.0,179260,1,dnse,2026-09-21T07:14:24.587974+00:00
VNINDEX,1D,2005-01-25,1106618400,235.0,235.0,235.0,235.0,141120,1,dnse,2026-09-21T07:14:24.587974+00:00
VNINDEX,1D,2005-01-26,1106704800,235.0,235.0,235.0,235.0,66460,1,dnse,2026-09-21T07:14:24.587974+00:00
VNINDEX,1D,2005-01-27,1106791200,234.0,234.0,234.0,234.0,133650,1,dnse,2026-09-21T07:14:24.587974+00:00
VNINDEX,1D,2005-01-28,1106877600,234.0,234.0,234.0,234.0,107560,1,dnse,2026-09-21T07:14:24.587974+00:00
VNINDEX,1D,2005-01-31,1107136800,233.0,233.0,233.0,233.0,88080,1,dnse,2026-09-21T07:14:24.587974+00:00
VNINDEX,1D,2005-02-01,1107223200,232.0,232.0,232.0,232.0,127000,1,dnse,2026-09-21T07:14:24.587974+00:00
VNINDEX,1D,2005-02-02,1107309600,233.0,233.0,233.0,233.0,102220,1,dnse,2026-09-21T07:14:24.587974+00:00
VNINDEX,1D,2005-02-03,1107396000,233.0,233.0,233.0,233.0,91450,1,dnse,2026-09-21T07:14:24.587974+00:00
VNINDEX,1D,2005-02-04,1107482400,236.0,236.0,236.0,236.0,99550,1,dnse,2026-09-21T07:14:24.587974+00:00
VNINDEX,1D,2005-02-14,1108346400,235.0,235.0,235.0,235.0,75830,1,dnse,2026-09-21T07:14:24.587974+00:00
VNINDEX,1D,2005-02-15,1108432800,235.0,235.0,235.0,235.0,87640,1,dnse,2026-09-21T07:14:24.587974+00:00
VNINDEX,1D,2005-02-16,1108519200,234.0,234.0,234.0,234.0,89750,1,dnse,2026-09-21T07:14:24.587974+00:00
VNINDEX,1D,2005-02-17,1108605600,234.0,234.0,234.0,234.0,56200,1,dnse,2026-09-21T07:14:24.587974+00:00
VNINDEX,1D,2005-02-18,1108692000,234.0,234.0,234.0,234.0,68350,1,dnse,2026-09-21T07:14:24.587974+00:00
VNINDEX,1D,2005-02-21,1108951200,233.0,233.0,233.0,233.0,65600,1,dnse,2026-09-21T07:14:24.587974+00:00
VNINDEX,1D,2005-02-22,1109037600,233.0,233.0,233.0,233.0,112830,1,dnse,2026-09-21T07:14:24.587974+00:00
VNINDEX,1D,2005-02-23,1109124000,233.0,233.0,233.0,233.0,86930,1,dnse,2026-09-21T07:14:24.587974+00:00
VNINDEX,1D,2005-02-24,1109210400,234.0,234.0,234.0,234.0,69470,1,dnse,2026-09-21T07:14:24.587974+00:00
VNINDEX,1D,2005-02-25,1109296800,235.0,235.0,235.0,235.0,62280,1,dnse,2026-09-21T07:14:24.587974+00:00
VNINDEX,1D,2005-02-28,1109556000,235.0,235.0,235.0,235.0,94460,1,dnse,2026-09-21T07:14:24.587974+00:00
VNINDEX,1D,2005-03-01,1109642400,236.0,236.0,236.0,236.0,131510,1,dnse,2026-09-21T07:14:24.587974+00:00
VNINDEX,1D,2005-03-02,1109728800,236.0,236.0,236.0,236.0,139170,1,dnse,2026-09-21T07:14:24.587974+00:00
VNINDEX,1D,2005-03-03,1109815200,238.0,238.0,238.0,238.0,197070,1,dnse,2026-09-21T07:14:24.587974+00:00
VNINDEX,1D,2005-03-04,1109901600,238.0,238.0,238.0,238.0,201470,1,dnse,2026-09-21T07:14:24.587974+00:00
VNINDEX,1D,2005-03-07,1110160800,238.0,238.0,238.0,238.0,163530,1,dnse,2026-09-21T07:14:24.587974+00:00
VNINDEX,1D,2005-03-08,1110247200,238.0,238.0,238.0,238.0,168650,1,dnse,2026-09-21T07:14:24.587974+00:00
VNINDEX,1D,2005-03-09,1110333600,237.0,237.0,237.0,237.0,114930,1,dnse,2026-09-21T07:14:24.587974+00:00
VNINDEX,1D,2005-03-10,1110420000,237.0,237.0,237.0,237.0,115370,1,dnse,2026-09-21T07:14:24.587974+00:00
VNINDEX,1D,2005-03-11,1110506400,237.0,237.0,237.0,237.0,176510,1,dnse,2026-09-21T07:14:24.587974+00:00
VNINDEX,1D,2005-03-14,1110765600,237.0,237.0,237.0,237.0,74610,1,dnse,2026-09-21T07:14:24.587974+00:00
VNINDEX,1D,2005-03-15,1110852000,238.0,238.0,238.0,238.0,136010,1,dnse,2026-09-21T07:14:24.587974+00:00
VNINDEX,1D,2005-03-16,1110938400,238.0,238.0,238.0,238.0,184510,1,dnse,2026-09-21T07:14:24.587974+00:00
VNINDEX,1D,2005-03-17,1111024800,238.0,238.0,238.0,238.0,150420,1,dnse,2026-09-21T07:14:24.587974+00:00
VNINDEX,1D,2005-03-18,1111111200,238.0,238.0,238.0,238.0,135740,1,dnse,2026-09-21T07:14:24.587974+00:00
VNINDEX,1D,2005-03-21,1111370400,242.0,242.0,242.0,242.0,362770,1,dnse,2026-09-21T07:14:24.587974+00:00
VNINDEX,1D,2005-03-22,1111456800,242.0,242.0,242.0,242.0,299110,1,dnse,2026-09-21T07:14:24.587974+00:00
VNINDEX,1D,2005-03-23,1111543200,244.0,244.0,244.0,244.0,480740,1,dnse,2026-09-21T07:14:24.587974+00:00
VNINDEX,1D,2005-03-24,1111629600,251.0,251.0,251.0,251.0,568680,1,dnse,2026-09-21T07:14:24.587974+00:00
VNINDEX,1D,2005-03-25,1111716000,248.0,248.0,248.0,248.0,477940,1,dnse,2026-09-21T07:14:24.587974+00:00
VNINDEX,1D,2005-03-28,1111975200,245.0,245.0,245.0,245.0,386990,1,dnse,2026-09-21T07:14:24.587974+00:00
VNINDEX,1D,2005-03-29,1112061600,244.0,244.0,244.0,244.0,300440,1,dnse,2026-09-21T07:14:24.587974+00:00
VNINDEX,1D,2005-03-30,1112148000,245.0,245.0,245.0,245.0,246290,1,dnse,2026-09-21T07:14:24.587974+00:00
VNINDEX,1D,2005-03-31,1112234400,247.0,247.0,247.0,247.0,474190,1,dnse,2026-09-21T07:14:24.587974+00:00
VNINDEX,1D,2005-04-01,1112320800,246.0,246.0,246.0,246.0,339980,1,dnse,2026-09-21T07:14:24.587974+00:00
VNINDEX,1D,2005-04-04,1112580000,246.0,246.0,246.0,246.0,217540,1,dnse,2026-09-21T07:14:24.587974+00:00
VNINDEX,1D,2005-04-05,1112666400,246.0,246.0,246.0,246.0,180090,1,dnse,2026-09-21T07:14:24.587974+00:00
VNINDEX,1D,2005-04-06,1112752800,245.0,245.0,245.0,245.0,264080,1,dnse,2026-09-21T07:14:24.587974+00:00
VNINDEX,1D,2005-04-07,1112839200,245.0,245.0,245.0,245.0,260570,1,dnse,2026-09-21T07:14:24.587974+00:00
VNINDEX,1D,2005-04-08,1112925600,246.0,246.0,246.0,246.0,233010,1,dnse,2026-09-21T07:14:24.587974+00:00
VNINDEX,1D,2005-04-11,1113184800,246.0,246.0,246.0,246.0,166440,1,dnse,2026-09-21T07:14:24.587974+00:00
VNINDEX,1D,2005-04-12,1113271200,248.0,248.0,248.0,248.0,244650,1,dnse,2026-09-21T07:14:24.587974+00:00
VNINDEX,1D,2005-04-13,1113357600,246.0,246.0,246.0,246.0,237560,1,dnse,2026-09-21T07:14:24.587974+00:00
VNINDEX,1D,2005-04-14,1113444000,246.0,246.0,246.0,246.0,180610,1,dnse,2026-09-21T07:14:24.587974+00:00
VNINDEX,1D,2005-04-15,1113530400,247.0,247.0,247.0,247.0,161210,1,dnse,2026-09-21T07:14:24.587974+00:00
VNINDEX,1D,2005-04-18,1113789600,245.0,245.0,245.0,245.0,201730,1,dnse,2026-09-21T07:14:24.587974+00:00
VNINDEX,1D,2005-04-19,1113876000,245.0,245.0,245.0,245.0,349050,1,dnse,2026-09-21T07:14:24.587974+00:00
VNINDEX,1D,2005-04-20,1113962400,247.0,247.0,247.0,247.0,238110,1,dnse,2026-09-21T07:14:24.587974+00:00
VNINDEX,1D,2005-04-21,1114048800,246.0,246.0,246.0,246.0,167070,1,dnse,2026-09-21T07:14:24.587974+00:00
VNINDEX,1D,2005-04-22,1114135200,246.0,246.0,246.0,246.0,190350,1,dnse,2026-09-21T07:14:24.587974+00:00
VNINDEX,1D,2005-04-25,1114394400,246.0,246.0,246.0,246.0,232120,1,dnse,2026-09-21T07:14:24.587974+00:00
VNINDEX,1D,2005-04-26,1114480800,247.0,247.0,247.0,247.0,296220,1,dnse,2026-09-21T07:14:24.587974+00:00
VNINDEX,1D,2005-04-27,1114567200,246.0,246.0,246.0,246.0,213030,1,dnse,2026-09-21T07:14:24.587974+00:00
VNINDEX,1D,2005-04-28,1114653600,246.0,246.0,246.0,246.0,204500,1,dnse,2026-09-21T07:14:24.587974+00:00
VNINDEX,1D,2005-04-29,1114740000,246.0,246.0,246.0,246.0,180330,1,dnse,2026-09-21T07:14:24.587974+00:00
VNINDEX,1D,2005-05-04,1115172000,244.0,244.0,244.0,244.0,135890,1,dnse,2026-09-21T07:14:24.587974+00:00
VNINDEX,1D,2005-05-05,1115258400,245.0,245.0,245.0,245.0,178940,1,dnse,2026-09-21T07:14:24.587974+00:00
VNINDEX,1D,2005-05-06,1115344800,245.0,245.0,245.0,245.0,126290,1,dnse,2026-09-21T07:14:24.587974+00:00
VNINDEX,1D,2005-05-09,1115604000,244.0,244.0,244.0,244.0,104030,1,dnse,2026-09-21T07:14:24.587974+00:00
VNINDEX,1D,2005-05-10,1115690400,244.0,244.0,244.0,244.0,153110,1,dnse,2026-09-21T07:14:24.587974+00:00
VNINDEX,1D,2005-05-11,1115776800,243.0,243.0,243.0,243.0,117160,1,dnse,2026-09-21T07:14:24.587974+00:00
VNINDEX,1D,2005-05-12,1115863200,243.0,243.0,243.0,243.0,165250,1,dnse,2026-09-21T07:14:24.587974+00:00
VNINDEX,1D,2005-05-13,1115949600,243.0,243.0,243.0,243.0,131490,1,dnse,2026-09-21T07:14:24.587974+00:00
VNINDEX,1D,2005-05-16,1116208800,242.0,242.0,242.0,242.0,113840,1,dnse,2026-09-21T07:14:24.587974+00:00
VNINDEX,1D,2005-05-17,1116295200,242.0,242.0,242.0,242.0,206520,1,dnse,2026-09-21T07:14:24.587974+00:00
VNINDEX,1D,2005-05-18,1116381600,241.0,241.0,241.0,241.0,132440,1,dnse,2026-09-21T07:14:24.587974+00:00
VNINDEX,1D,2005-05-19,1116468000,242.0,242.0,242.0,242.0,179810,1,dnse,2026-09-21T07:14:24.587974+00:00
VNINDEX,1D,2005-05-20,1116554400,244.0,244.0,244.0,244.0,217670,1,dnse,2026-09-21T07:14:24.587974+00:00
VNINDEX,1D,2005-05-23,1116813600,243.0,243.0,243.0,243.0,97210,1,dnse,2026-09-21T07:14:24.587974+00:00
VNINDEX,1D,2005-05-24,1116900000,244.0,244.0,244.0,244.0,110920,1,dnse,2026-09-21T07:14:24.587974+00:00
VNINDEX,1D,2005-05-25,1116986400,243.0,243.0,243.0,243.0,105090,1,dnse,2026-09-21T07:14:24.587974+00:00
VNINDEX,1D,2005-05-26,1117072800,243.0,243.0,243.0,243.0,148720,1,dnse,2026-09-21T07:14:24.587974+00:00
VNINDEX,1D,2005-05-27,1117159200,244.0,244.0,244.0,244.0,151570,1,dnse,2026-09-21T07:14:24.587974+00:00
VNINDEX,1D,2005-05-30,1117418400,245.0,245.0,245.0,245.0,154600,1,dnse,2026-09-21T07:14:24.587974+00:00
VNINDEX,1D,2005-05-31,1117504800,244.0,244.0,244.0,244.0,187650,1,dnse,2026-09-21T07:14:24.587974+00:00
VNINDEX,1D,2005-06-01,1117591200,245.0,245.0,245.0,245.0,255920,1,dnse,2026-09-21T07:14:24.587974+00:00
VNINDEX,1D,2005-06-02,1117677600,245.0,245.0,245.0,245.0,185810,1,dnse,2026-09-21T07:14:24.587974+00:00
VNINDEX,1D,2005-06-03,1117764000,245.0,245.0,245.0,245.0,164960,1,dnse,2026-09-21T07:14:24.587974+00:00
VNINDEX,1D,2005-06-06,1118023200,246.0,246.0,246.0,246.0,208800,1,dnse,2026-09-21T07:14:24.587974+00:00
VNINDEX,1D,2005-06-07,1118109600,247.0,247.0,247.0,247.0,304140,1,dnse,2026-09-21T07:14:24.587974+00:00
VNINDEX,1D,2005-06-08,1118196000,247.0,247.0,247.0,247.0,216490,1,dnse,2026-09-21T07:14:24.587974+00:00
VNINDEX,1D,2005-06-09,1118282400,247.0,247.0,247.0,247.0,227990,1,dnse,2026-09-21T07:14:24.587974+00:00
VNINDEX,1D,2005-06-10,1118368800,247.0,247.0,247.0,247.0,156750,1,dnse,2026-09-21T07:14:24.587974+00:00
VNINDEX,1D,2005-06-13,1118628000,246.0,246.0,246.0,246.0,177160,1,dnse,2026-09-21T07:14:24.587974+00:00
VNINDEX,1D,2005-06-14,1118714400,246.0,246.0,246.0,246.0,163230,1,dnse,2026-09-21T07:14:24.587974+00:00
VNINDEX,1D,2005-06-15,1118800800,246.0,246.0,246.0,246.0,278430,1,dnse,2026-09-21T07:14:24.587974+00:00
VNINDEX,1D,2005-06-16,1118887200,246.0,246.0,246.0,246.0,266620,1,dnse,2026-09-21T07:14:24.587974+00:00
VNINDEX,1D,2005-06-17,1118973600,247.0,247.0,247.0,247.0,233030,1,dnse,2026-09-21T07:14:24.587974+00:00
VNINDEX,1D,2005-06-20,1119232800,246.0,246.0,246.0,246.0,266780,1,dnse,2026-09-21T07:14:24.587974+00:00
VNINDEX,1D,2005-06-21,1119319200,247.0,247.0,247.0,247.0,346260,1,dnse,2026-09-21T07:14:24.587974+00:00
VNINDEX,1D,2005-06-22,1119405600,247.0,247.0,247.0,247.0,323450,1,dnse,2026-09-21T07:14:24.587974+00:00
VNINDEX,1D,2005-06-23,1119492000,247.0,247.0,247.0,247.0,290220,1,dnse,2026-09-21T07:14:24.587974+00:00
VNINDEX,1D,2005-06-24,1119578400,247.0,247.0,247.0,247.0,207680,1,dnse,2026-09-21T07:14:24.587974+00:00
VNINDEX,1D,2005-06-27,1119837600,246.0,246.0,246.0,246.0,212050,1,dnse,2026-09-21T07:14:24.587974+00:00
VNINDEX,1D,2005-06-28,1119924000,245.0,245.0,245.0,245.0,250440,1,dnse,2026-09-21T07:14:24.587974+00:00
VNINDEX,1D,2005-06-29,1120010400,246.0,246.0,246.0,246.0,223690,1,dnse,2026-09-21T07:14:24.587974+00:00
VNINDEX,1D,2005-06-30,1120096800,247.0,247.0,247.0,247.0,209420,1,dnse,2026-09-21T07:14:24.587974+00:00
VNINDEX,1D,2005-07-01,1120183200,247.0,247.0,247.0,247.0,211240,1,dnse,2026-09-21T07:14:24.587974+00:00
VNINDEX,1D,2005-07-04,1120442400,248.0,248.0,248.0,248.0,208650,1,dnse,2026-09-21T07:14:24.587974+00:00
VNINDEX,1D,2005-07-05,1120528800,248.0,248.0,248.0,248.0,231080,1,dnse,2026-09-21T07:14:24.587974+00:00
VNINDEX,1D,2005-07-06,1120615200,247.0,247.0,247.0,247.0,282410,1,dnse,2026-09-21T07:14:24.587974+00:00
VNINDEX,1D,2005-07-07,1120701600,247.0,247.0,247.0,247.0,305940,1,dnse,2026-09-21T07:14:24.587974+00:00
VNINDEX,1D,2005-07-08,1120788000,248.0,248.0,248.0,248.0,237490,1,dnse,2026-09-21T07:14:24.587974+00:00
VNINDEX,1D,2005-07-11,1121047200,250.0,250.0,250.0,250.0,282310,1,dnse,2026-09-21T07:14:24.587974+00:00
VNINDEX,1D,2005-07-12,1121133600,249.0,249.0,249.0,249.0,320560,1,dnse,2026-09-21T07:14:24.587974+00:00
VNINDEX,1D,2005-07-13,1121220000,249.0,250.0,249.0,250.0,300130,1,dnse,2026-09-21T07:14:24.587974+00:00
VNINDEX,1D,2005-07-14,1121306400,249.0,249.0,249.0,249.0,268530,1,dnse,2026-09-21T07:14:24.587974+00:00
VNINDEX,1D,2005-07-15,1121392800,249.0,249.0,249.0,249.0,225820,1,dnse,2026-09-21T07:14:24.587974+00:00
VNINDEX,1D,2005-07-18,1121652000,249.0,249.0,249.0,249.0,297790,1,dnse,2026-09-21T07:14:24.587974+00:00
VNINDEX,1D,2005-07-19,1121738400,248.0,248.0,248.0,248.0,315660,1,dnse,2026-09-21T07:14:24.587974+00:00
VNINDEX,1D,2005-07-20,1121824800,248.0,248.0,248.0,248.0,241700,1,dnse,2026-09-21T07:14:24.587974+00:00
VNINDEX,1D,2005-07-21,1121911200,248.0,248.0,247.0,247.0,276230,1,dnse,2026-09-21T07:14:24.587974+00:00
VNINDEX,1D,2005-07-22,1121997600,246.0,246.0,246.0,246.0,384800,1,dnse,2026-09-21T07:14:24.587974+00:00
VNINDEX,1D,2005-07-25,1122256800,246.0,246.0,246.0,246.0,273910,1,dnse,2026-09-21T07:14:24.587974+00:00
VNINDEX,1D,2005-07-26,1122343200,246.0,246.0,246.0,246.0,267060,1,dnse,2026-09-21T07:14:24.587974+00:00
VNINDEX,1D,2005-07-27,1122429600,244.0,244.0,244.0,244.0,271670,1,dnse,2026-09-21T07:14:24.587974+00:00
VNINDEX,1D,2005-07-28,1122516000,244.0,244.0,244.0,244.0,241380,1,dnse,2026-09-21T07:14:24.587974+00:00
VNINDEX,1D,2005-07-29,1122602400,246.0,246.0,246.0,246.0,287710,1,dnse,2026-09-21T07:14:24.587974+00:00
VNINDEX,1D,2005-08-01,1122861600,245.0,245.0,245.0,245.0,314340,1,dnse,2026-09-21T07:14:24.587974+00:00
VNINDEX,1D,2005-08-02,1122948000,247.0,247.0,247.0,247.0,313870,1,dnse,2026-09-21T07:14:24.587974+00:00
VNINDEX,1D,2005-08-03,1123034400,248.0,248.0,248.0,248.0,304140,1,dnse,2026-09-21T07:14:24.587974+00:00
VNINDEX,1D,2005-08-04,1123120800,254.0,254.0,254.0,254.0,600550,1,dnse,2026-09-21T07:14:24.587974+00:00
VNINDEX,1D,2005-08-05,1123207200,251.0,251.0,251.0,251.0,320750,1,dnse,2026-09-21T07:14:24.587974+00:00
VNINDEX,1D,2005-08-08,1123466400,250.0,250.0,249.0,249.0,228170,1,dnse,2026-09-21T07:14:24.587974+00:00
VNINDEX,1D,2005-08-09,1123552800,250.0,250.0,249.0,249.0,299230,1,dnse,2026-09-21T07:14:24.587974+00:00
VNINDEX,1D,2005-08-10,1123639200,249.0,249.0,249.0,249.0,244970,1,dnse,2026-09-21T07:14:24.587974+00:00
VNINDEX,1D,2005-08-11,1123725600,249.0,249.0,249.0,249.0,301510,1,dnse,2026-09-21T07:14:24.587974+00:00
VNINDEX,1D,2005-08-12,1123812000,249.0,249.0,249.0,249.0,265650,1,dnse,2026-09-21T07:14:24.587974+00:00
VNINDEX,1D,2005-08-15,1124071200,249.0,249.0,248.0,248.0,373600,1,dnse,2026-09-21T07:14:24.587974+00:00
VNINDEX,1D,2005-08-16,1124157600,248.0,248.0,248.0,248.0,267800,1,dnse,2026-09-21T07:14:24.587974+00:00
VNINDEX,1D,2005-08-17,1124244000,247.0,247.0,247.0,247.0,317720,1,dnse,2026-09-21T07:14:24.587974+00:00
VNINDEX,1D,2005-08-18,1124330400,247.0,247.0,247.0,247.0,243580,1,dnse,2026-09-21T07:14:24.587974+00:00
VNINDEX,1D,2005-08-19,1124416800,247.0,248.0,247.0,248.0,241640,1,dnse,2026-09-21T07:14:24.587974+00:00
VNINDEX,1D,2005-08-22,1124676000,248.0,248.0,248.0,248.0,302890,1,dnse,2026-09-21T07:14:24.587974+00:00
VNINDEX,1D,2005-08-23,1124762400,248.0,248.0,248.0,248.0,245650,1,dnse,2026-09-21T07:14:24.587974+00:00
VNINDEX,1D,2005-08-24,1124848800,248.0,248.0,248.0,248.0,247390,1,dnse,2026-09-21T07:14:24.587974+00:00
VNINDEX,1D,2005-08-25,1124935200,249.0,249.0,249.0,249.0,191950,1,dnse,2026-09-21T07:14:24.587974+00:00
VNINDEX,1D,2005-08-26,1125021600,249.0,250.0,249.0,250.0,232500,1,dnse,2026-09-21T07:14:24.587974+00:00
VNINDEX,1D,2005-08-29,1125280800,251.0,254.0,251.0,254.0,355300,1,dnse,2026-09-21T07:14:24.587974+00:00
VNINDEX,1D,2005-08-30,1125367200,256.0,256.0,256.0,256.0,497490,1,dnse,2026-09-21T07:14:24.587974+00:00
VNINDEX,1D,2005-08-31,1125453600,256.0,256.0,254.0,254.0,361470,1,dnse,2026-09-21T07:14:24.587974+00:00
VNINDEX,1D,2005-09-01,1125540000,255.0,255.0,255.0,255.0,254540,1,dnse,2026-09-21T07:14:24.587974+00:00
VNINDEX,1D,2005-09-05,1125885600,255.0,256.0,255.0,256.0,306360,1,dnse,2026-09-21T07:14:24.587974+00:00
VNINDEX,1D,2005-09-06,1125972000,256.0,258.0,256.0,258.0,381050,1,dnse,2026-09-21T07:14:24.587974+00:00
VNINDEX,1D,2005-09-07,1126058400,259.0,260.0,259.0,260.0,653290,1,dnse,2026-09-21T07:14:24.587974+00:00
VNINDEX,1D,2005-09-08,1126144800,261.0,261.0,261.0,261.0,533320,1,dnse,2026-09-21T07:14:24.587974+00:00
VNINDEX,1D,2005-09-09,1126231200,260.0,260.0,260.0,260.0,621870,1,dnse,2026-09-21T07:14:24.587974+00:00
VNINDEX,1D,2005-09-12,1126490400,262.0,262.0,262.0,262.0,624400,1,dnse,2026-09-21T07:14:24.587974+00:00
VNINDEX,1D,2005-09-13,1126576800,263.0,264.0,263.0,264.0,751620,1,dnse,2026-09-21T07:14:24.587974+00:00
VNINDEX,1D,2005-09-14,1126663200,265.0,265.0,264.0,264.0,572400,1,dnse,2026-09-21T07:14:24.587974+00:00
VNINDEX,1D,2005-09-15,1126749600,265.0,265.0,265.0,265.0,653950,1,dnse,2026-09-21T07:14:24.587974+00:00
VNINDEX,1D,2005-09-16,1126836000,268.0,268.0,268.0,268.0,653610,1,dnse,2026-09-21T07:14:24.587974+00:00
VNINDEX,1D,2005-09-19,1127095200,270.0,275.0,270.0,275.0,661130,1,dnse,2026-09-21T07:14:24.587974+00:00
VNINDEX,1D,2005-09-20,1127181600,285.0,286.0,285.0,286.0,1145880,1,dnse,2026-09-21T07:14:24.587974+00:00
VNINDEX,1D,2005-09-21,1127268000,288.0,288.0,277.0,277.0,1057650,1,dnse,2026-09-21T07:14:24.587974+00:00
VNINDEX,1D,2005-09-22,1127354400,278.0,280.0,278.0,280.0,839760,1,dnse,2026-09-21T07:14:24.587974+00:00
VNINDEX,1D,2005-09-23,1127440800,281.0,281.0,278.0,278.0,887820,1,dnse,2026-09-21T07:14:24.587974+00:00
VNINDEX,1D,2005-09-26,1127700000,279.0,279.0,278.0,278.0,685630,1,dnse,2026-09-21T07:14:24.587974+00:00
VNINDEX,1D,2005-09-27,1127786400,277.0,277.0,276.0,276.0,613610,1,dnse,2026-09-21T07:14:24.587974+00:00
VNINDEX,1D,2005-09-28,1127872800,276.0,276.0,276.0,276.0,419070,1,dnse,2026-09-21T07:14:24.587974+00:00
VNINDEX,1D,2005-09-29,1127959200,276.0,276.0,276.0,276.0,385630,1,dnse,2026-09-21T07:14:24.587974+00:00
VNINDEX,1D,2005-09-30,1128045600,289.0,289.0,289.0,289.0,770500,1,dnse,2026-09-21T07:14:24.587974+00:00
VNINDEX,1D,2005-10-03,1128304800,290.0,290.0,286.0,286.0,1046040,1,dnse,2026-09-21T07:14:24.587974+00:00
VNINDEX,1D,2005-10-04,1128391200,286.0,286.0,284.0,284.0,595910,1,dnse,2026-09-21T07:14:24.587974+00:00
VNINDEX,1D,2005-10-05,1128477600,285.0,286.0,285.0,286.0,486870,1,dnse,2026-09-21T07:14:24.587974+00:00
VNINDEX,1D,2005-10-06,1128564000,287.0,288.0,287.0,288.0,578350,1,dnse,2026-09-21T07:14:24.587974+00:00
VNINDEX,1D,2005-10-07,1128650400,290.0,291.0,290.0,291.0,648630,1,dnse,2026-09-21T07:14:24.587974+00:00
VNINDEX,1D,2005-10-10,1128909600,292.0,292.0,292.0,292.0,532930,1,dnse,2026-09-21T07:14:24.587974+00:00
VNINDEX,1D,2005-10-11,1128996000,292.0,292.0,291.0,291.0,450490,1,dnse,2026-09-21T07:14:24.587974+00:00
VNINDEX,1D,2005-10-12,1129082400,292.0,292.0,292.0,292.0,410530,1,dnse,2026-09-21T07:14:24.587974+00:00
VNINDEX,1D,2005-10-13,1129168800,297.0,299.0,297.0,299.0,752410,1,dnse,2026-09-21T07:14:24.587974+00:00
VNINDEX,1D,2005-10-14,1129255200,303.0,304.0,303.0,304.0,754610,1,dnse,2026-09-21T07:14:24.587974+00:00
VNINDEX,1D,2005-10-17,1129514400,310.0,310.0,310.0,310.0,762960,1,dnse,2026-09-21T07:14:24.587974+00:00
VNINDEX,1D,2005-10-18,1129600800,311.0,311.0,307.0,307.0,869020,1,dnse,2026-09-21T07:14:24.587974+00:00
VNINDEX,1D,2005-10-19,1129687200,305.0,306.0,305.0,306.0,607200,1,dnse,2026-09-21T07:14:24.587974+00:00
VNINDEX,1D,2005-10-20,1129773600,308.0,308.0,307.0,307.0,967930,1,dnse,2026-09-21T07:14:24.587974+00:00
VNINDEX,1D,2005-10-21,1129860000,307.0,307.0,307.0,307.0,854110,1,dnse,2026-09-21T07:14:24.587974+00:00
VNINDEX,1D,2005-10-24,1130119200,307.0,307.0,307.0,307.0,773040,1,dnse,2026-09-21T07:14:24.587974+00:00
VNINDEX,1D,2005-10-25,1130205600,306.0,306.0,305.0,305.0,913200,1,dnse,2026-09-21T07:14:24.587974+00:00
VNINDEX,1D,2005-10-26,1130292000,302.0,302.0,301.0,301.0,859240,1,dnse,2026-09-21T07:14:24.587974+00:00
VNINDEX,1D,2005-10-27,1130378400,298.0,301.0,298.0,301.0,596290,1,dnse,2026-09-21T07:14:24.587974+00:00
VNINDEX,1D,2005-10-28,1130464800,305.0,305.0,305.0,305.0,647110,1,dnse,2026-09-21T07:14:24.587974+00:00
VNINDEX,1D,2005-10-31,1130724000,307.0,307.0,307.0,307.0,557660,1,dnse,2026-09-21T07:14:24.587974+00:00
VNINDEX,1D,2005-11-01,1130810400,310.0,311.0,310.0,311.0,544730,1,dnse,2026-09-21T07:14:24.587974+00:00
VNINDEX,1D,2005-11-02,1130896800,315.0,316.0,315.0,316.0,455460,1,dnse,2026-09-21T07:14:24.587974+00:00
VNINDEX,1D,2005-11-03,1130983200,322.0,323.0,322.0,323.0,730760,1,dnse,2026-09-21T07:14:24.587974+00:00
VNINDEX,1D,2005-11-04,1131069600,325.0,325.0,321.0,321.0,697980,1,dnse,2026-09-21T07:14:24.587974+00:00
VNINDEX,1D,2005-11-07,1131328800,322.0,323.0,322.0,323.0,558850,1,dnse,2026-09-21T07:14:24.587974+00:00
VNINDEX,1D,2005-11-08,1131415200,323.0,323.0,321.0,321.0,541200,1,dnse,2026-09-21T07:14:24.587974+00:00
VNINDEX,1D,2005-11-09,1131501600,321.0,321.0,321.0,321.0,468480,1,dnse,2026-09-21T07:14:24.587974+00:00
VNINDEX,1D,2005-11-10,1131588000,321.0,321.0,319.0,319.0,428940,1,dnse,2026-09-21T07:14:24.587974+00:00
VNINDEX,1D,2005-11-11,1131674400,319.0,319.0,318.0,318.0,479090,1,dnse,2026-09-21T07:14:24.587974+00:00
VNINDEX,1D,2005-11-14,1131933600,318.0,318.0,318.0,318.0,451230,1,dnse,2026-09-21T07:14:24.587974+00:00
VNINDEX,1D,2005-11-15,1132020000,318.0,318.0,317.0,317.0,402340,1,dnse,2026-09-21T07:14:24.587974+00:00
VNINDEX,1D,2005-11-16,1132106400,316.0,316.0,316.0,316.0,405320,1,dnse,2026-09-21T07:14:24.587974+00:00
VNINDEX,1D,2005-11-17,1132192800,315.0,315.0,314.0,314.0,532090,1,dnse,2026-09-21T07:14:24.587974+00:00
VNINDEX,1D,2005-11-18,1132279200,313.0,313.0,312.0,312.0,362800,1,dnse,2026-09-21T07:14:24.587974+00:00
VNINDEX,1D,2005-11-21,1132538400,313.0,313.0,312.0,312.0,295950,1,dnse,2026-09-21T07:14:24.587974+00:00
VNINDEX,1D,2005-11-22,1132624800,311.0,311.0,309.0,309.0,379080,1,dnse,2026-09-21T07:14:24.587974+00:00
VNINDEX,1D,2005-11-23,1132711200,308.0,308.0,306.0,306.0,489140,1,dnse,2026-09-21T07:14:24.587974+00:00
VNINDEX,1D,2005-11-24,1132797600,302.0,302.0,302.0,302.0,638820,1,dnse,2026-09-21T07:14:24.587974+00:00
VNINDEX,1D,2005-11-25,1132884000,307.0,309.0,307.0,309.0,473550,1,dnse,2026-09-21T07:14:24.587974+00:00
VNINDEX,1D,2005-11-28,1133143200,310.0,310.0,308.0,308.0,285250,1,dnse,2026-09-21T07:14:24.587974+00:00
VNINDEX,1D,2005-11-29,1133229600,306.0,308.0,306.0,308.0,309090,1,dnse,2026-09-21T07:14:24.587974+00:00
VNINDEX,1D,2005-11-30,1133316000,309.0,311.0,309.0,311.0,272860,1,dnse,2026-09-21T07:14:24.587974+00:00
VNINDEX,1D,2005-12-01,1133402400,311.0,312.0,311.0,312.0,266120,1,dnse,2026-09-21T07:14:24.587974+00:00
VNINDEX,1D,2005-12-02,1133488800,313.0,313.0,312.0,312.0,168030,1,dnse,2026-09-21T07:14:24.587974+00:00
VNINDEX,1D,2005-12-05,1133748000,313.0,313.0,313.0,313.0,191340,1,dnse,2026-09-21T07:14:24.587974+00:00
VNINDEX,1D,2005-12-06,1133834400,312.0,312.0,312.0,312.0,191770,1,dnse,2026-09-21T07:14:24.587974+00:00
VNINDEX,1D,2005-12-07,1133920800,312.0,312.0,312.0,312.0,347200,1,dnse,2026-09-21T07:14:24.587974+00:00
VNINDEX,1D,2005-12-08,1134007200,313.0,313.0,313.0,313.0,264710,1,dnse,2026-09-21T07:14:24.587974+00:00
VNINDEX,1D,2005-12-09,1134093600,314.0,316.0,314.0,316.0,282000,1,dnse,2026-09-21T07:14:24.587974+00:00
VNINDEX,1D,2005-12-12,1134352800,318.0,318.0,317.0,317.0,262620,1,dnse,2026-09-21T07:14:24.587974+00:00
VNINDEX,1D,2005-12-13,1134439200,317.0,317.0,317.0,317.0,348160,1,dnse,2026-09-21T07:14:24.587974+00:00
VNINDEX,1D,2005-12-14,1134525600,317.0,317.0,315.0,315.0,367260,1,dnse,2026-09-21T07:14:24.587974+00:00
VNINDEX,1D,2005-12-15,1134612000,315.0,315.0,314.0,314.0,355200,1,dnse,2026-09-21T07:14:24.587974+00:00
VNINDEX,1D,2005-12-16,1134698400,315.0,315.0,314.0,314.0,268670,1,dnse,2026-09-21T07:14:24.587974+00:00
VNINDEX,1D,2005-12-19,1134957600,314.0,314.0,312.0,312.0,352350,1,dnse,2026-09-21T07:14:24.587974+00:00
VNINDEX,1D,2005-12-20,1135044000,314.0,314.0,312.0,312.0,348710,1,dnse,2026-09-21T07:14:24.587974+00:00
VNINDEX,1D,2005-12-21,1135130400,311.0,311.0,311.0,311.0,252980,1,dnse,2026-09-21T07:14:24.587974+00:00
VNINDEX,1D,2005-12-22,1135216800,308.0,310.0,308.0,310.0,335590,1,dnse,2026-09-21T07:14:24.587974+00:00
VNINDEX,1D,2005-12-23,1135303200,310.0,310.0,309.0,309.0,209690,1,dnse,2026-09-21T07:14:24.587974+00:00
VNINDEX,1D,2005-12-26,1135562400,310.0,310.0,309.0,309.0,254980,1,dnse,2026-09-21T07:14:24.587974+00:00
VNINDEX,1D,2005-12-27,1135648800,310.0,310.0,308.0,308.0,285760,1,dnse,2026-09-21T07:14:24.587974+00:00
VNINDEX,1D,2005-12-28,1135735200,308.0,308.0,307.0,307.0,231260,1,dnse,2026-09-21T07:14:24.587974+00:00
VNINDEX,1D,2005-12-29,1135821600,307.0,309.0,307.0,309.0,288790,1,dnse,2026-09-21T07:14:24.587974+00:00
VNINDEX,1D,2005-12-30,1135908000,310.0,310.0,308.0,308.0,257890,1,dnse,2026-09-21T07:14:24.587974+00:00
VNINDEX,1D,2006-01-03,1136253600,307.0,307.0,305.0,305.0,160870,1,dnse,2026-09-21T07:14:24.587974+00:00
VNINDEX,1D,2006-01-04,1136340000,305.0,305.0,305.0,305.0,182430,1,dnse,2026-09-21T07:14:24.587974+00:00
VNINDEX,1D,2006-01-05,1136426400,306.0,307.0,306.0,307.0,207520,1,dnse,2026-09-21T07:14:24.587974+00:00
VNINDEX,1D,2006-01-06,1136512800,307.0,308.0,307.0,308.0,200120,1,dnse,2026-09-21T07:14:24.587974+00:00
VNINDEX,1D,2006-01-09,1136772000,308.0,308.0,306.0,306.0,146170,1,dnse,2026-09-21T07:14:24.587974+00:00
VNINDEX,1D,2006-01-10,1136858400,307.0,307.0,306.0,306.0,224550,1,dnse,2026-09-21T07:14:24.587974+00:00
VNINDEX,1D,2006-01-11,1136944800,306.0,306.0,305.0,305.0,234270,1,dnse,2026-09-21T07:14:24.587974+00:00
VNINDEX,1D,2006-01-12,1137031200,304.0,304.0,304.0,304.0,209390,1,dnse,2026-09-21T07:14:24.587974+00:00
VNINDEX,1D,2006-01-13,1137117600,306.0,307.0,306.0,307.0,251730,1,dnse,2026-09-21T07:14:24.587974+00:00
VNINDEX,1D,2006-01-17,1137463200,308.0,309.0,308.0,309.0,263790,1,dnse,2026-09-21T07:14:24.587974+00:00
VNINDEX,1D,2006-01-18,1137549600,310.0,310.0,310.0,310.0,289790,1,dnse,2026-09-21T07:14:24.587974+00:00
VNINDEX,1D,2006-01-19,1137636000,311.0,311.0,311.0,311.0,427850,1,dnse,2026-09-21T07:14:24.587974+00:00
VNINDEX,1D,2006-01-20,1137722400,316.0,316.0,313.0,313.0,427420,1,dnse,2026-09-21T07:14:24.587974+00:00
VNINDEX,1D,2006-01-23,1137981600,313.0,313.0,308.0,308.0,353520,1,dnse,2026-09-21T07:14:24.587974+00:00
VNINDEX,1D,2006-01-24,1138068000,308.0,308.0,307.0,307.0,315110,1,dnse,2026-09-21T07:14:24.587974+00:00
VNINDEX,1D,2006-01-25,1138154400,307.0,311.0,307.0,311.0,305740,1,dnse,2026-09-21T07:14:24.587974+00:00
VNINDEX,1D,2006-01-26,1138240800,313.0,313.0,313.0,313.0,338540,1,dnse,2026-09-21T07:14:24.587974+00:00
VNINDEX,1D,2006-01-27,1138327200,312.0,312.0,312.0,312.0,297900,1,dnse,2026-09-21T07:14:24.587974+00:00
VNINDEX,1D,2006-02-06,1139191200,314.0,314.0,313.0,313.0,274790,1,dnse,2026-09-21T07:14:24.587974+00:00
VNINDEX,1D,2006-02-07,1139277600,317.0,319.0,317.0,319.0,505260,1,dnse,2026-09-21T07:14:24.587974+00:00
VNINDEX,1D,2006-02-08,1139364000,324.0,325.0,324.0,325.0,799240,1,dnse,2026-09-21T07:14:24.587974+00:00
VNINDEX,1D,2006-02-09,1139450400,325.0,326.0,325.0,326.0,847730,1,dnse,2026-09-21T07:14:24.587974+00:00
VNINDEX,1D,2006-02-10,1139536800,323.0,325.0,323.0,325.0,503520,1,dnse,2026-09-21T07:14:24.587974+00:00
VNINDEX,1D,2006-02-13,1139796000,325.0,325.0,324.0,324.0,615520,1,dnse,2026-09-21T07:14:24.587974+00:00
VNINDEX,1D,2006-02-14,1139882400,325.0,326.0,325.0,326.0,682690,1,dnse,2026-09-21T07:14:24.587974+00:00
VNINDEX,1D,2006-02-15,1139968800,327.0,328.0,327.0,328.0,812710,1,dnse,2026-09-21T07:14:24.587974+00:00
VNINDEX,1D,2006-02-16,1140055200,331.0,331.0,331.0,331.0,996310,1,dnse,2026-09-21T07:14:24.587974+00:00
VNINDEX,1D,2006-02-17,1140141600,335.0,340.0,335.0,340.0,1154130,1,dnse,2026-09-21T07:14:24.587974+00:00
VNINDEX,1D,2006-02-20,1140400800,351.0,354.0,351.0,354.0,1120940,1,dnse,2026-09-21T07:14:24.587974+00:00
VNINDEX,1D,2006-02-21,1140487200,367.0,367.0,366.0,366.0,1464920,1,dnse,2026-09-21T07:14:24.587974+00:00
VNINDEX,1D,2006-02-22,1140573600,373.0,373.0,364.0,364.0,1470700,1,dnse,2026-09-21T07:14:24.587974+00:00
VNINDEX,1D,2006-02-23,1140660000,368.0,369.0,368.0,369.0,1009750,1,dnse,2026-09-21T07:14:24.587974+00:00
VNINDEX,1D,2006-02-24,1140746400,373.0,374.0,373.0,374.0,1071020,1,dnse,2026-09-21T07:14:24.587974+00:00
VNINDEX,1D,2006-02-27,1141005600,377.0,380.0,377.0,380.0,1366120,1,dnse,2026-09-21T07:14:24.587974+00:00
VNINDEX,1D,2006-02-28,1141092000,383.0,391.0,383.0,391.0,1309460,1,dnse,2026-09-21T07:14:24.587974+00:00
VNINDEX,1D,2006-03-01,1141178400,402.0,402.0,402.0,402.0,1490180,1,dnse,2026-09-21T07:14:24.587974+00:00
VNINDEX,1D,2006-03-02,1141264800,410.0,413.0,410.0,413.0,1540760,1,dnse,2026-09-21T07:14:24.587974+00:00
VNINDEX,1D,2006-03-03,1141351200,416.0,416.0,398.0,398.0,2383700,1,dnse,2026-09-21T07:14:24.587974+00:00
VNINDEX,1D,2006-03-06,1141610400,401.0,410.0,401.0,410.0,1680280,1,dnse,2026-09-21T07:14:24.587974+00:00
VNINDEX,1D,2006-03-07,1141696800,413.0,413.0,413.0,413.0,1407340,1,dnse,2026-09-21T07:14:24.587974+00:00
VNINDEX,1D,2006-03-08,1141783200,413.0,413.0,409.0,409.0,1606680,1,dnse,2026-09-21T07:14:24.587974+00:00
VNINDEX,1D,2006-03-09,1141869600,413.0,413.0,412.0,412.0,1277130,1,dnse,2026-09-21T07:14:24.587974+00:00
VNINDEX,1D,2006-03-10,1141956000,415.0,415.0,414.0,414.0,1502350,1,dnse,2026-09-21T07:14:24.587974+00:00
VNINDEX,1D,2006-03-13,1142215200,423.0,424.0,423.0,424.0,1810480,1,dnse,2026-09-21T07:14:24.587974+00:00
VNINDEX,1D,2006-03-14,1142301600,431.0,432.0,431.0,432.0,1696250,1,dnse,2026-09-21T07:14:24.587974+00:00
VNINDEX,1D,2006-03-15,1142388000,435.0,435.0,428.0,428.0,1730880,1,dnse,2026-09-21T07:14:24.587974+00:00
VNINDEX,1D,2006-03-16,1142474400,435.0,435.0,433.0,433.0,1630060,1,dnse,2026-09-21T07:14:24.587974+00:00
VNINDEX,1D,2006-03-17,1142560800,437.0,443.0,437.0,443.0,1613150,1,dnse,2026-09-21T07:14:24.587974+00:00
VNINDEX,1D,2006-03-20,1142820000,450.0,453.0,450.0,453.0,1976610,1,dnse,2026-09-21T07:14:24.587974+00:00
VNINDEX,1D,2006-03-21,1142906400,462.0,463.0,462.0,463.0,1976060,1,dnse,2026-09-21T07:14:24.587974+00:00
VNINDEX,1D,2006-03-22,1142992800,469.0,469.0,459.0,459.0,2284470,1,dnse,2026-09-21T07:14:24.587974+00:00
VNINDEX,1D,2006-03-23,1143079200,460.0,460.0,459.0,459.0,1822900,1,dnse,2026-09-21T07:14:24.587974+00:00
VNINDEX,1D,2006-03-24,1143165600,458.0,458.0,456.0,456.0,1578860,1,dnse,2026-09-21T07:14:24.587974+00:00
VNINDEX,1D,2006-03-27,1143424800,460.0,463.0,460.0,463.0,1600860,1,dnse,2026-09-21T07:14:24.587974+00:00
VNINDEX,1D,2006-03-28,1143511200,460.0,466.0,460.0,466.0,1596210,1,dnse,2026-09-21T07:14:24.587974+00:00
VNINDEX,1D,2006-03-29,1143597600,471.0,475.0,471.0,475.0,2048820,1,dnse,2026-09-21T07:14:24.587974+00:00
VNINDEX,1D,2006-03-30,1143684000,492.0,493.0,492.0,493.0,1893370,1,dnse,2026-09-21T07:14:24.587974+00:00
VNINDEX,1D,2006-03-31,1143770400,507.0,507.0,504.0,504.0,1872150,1,dnse,2026-09-21T07:14:24.587974+00:00
VNINDEX,1D,2006-04-03,1144029600,521.0,523.0,521.0,523.0,2035940,1,dnse,2026-09-21T07:14:24.587974+00:00
VNINDEX,1D,2006-04-04,1144116000,536.0,536.0,505.0,505.0,2569420,1,dnse,2026-09-21T07:14:24.587974+00:00
VNINDEX,1D,2006-04-05,1144202400,518.0,521.0,518.0,521.0,2055390,1,dnse,2026-09-21T07:14:24.587974+00:00
VNINDEX,1D,2006-04-06,1144288800,534.0,534.0,533.0,533.0,2276820,1,dnse,2026-09-21T07:14:24.587974+00:00
VNINDEX,1D,2006-04-07,1144375200,541.0,545.0,541.0,545.0,2090540,1,dnse,2026-09-21T07:14:24.587974+00:00
VNINDEX,1D,2006-04-10,1144634400,551.0,551.0,540.0,540.0,1928390,1,dnse,2026-09-21T07:14:24.587974+00:00
VNINDEX,1D,2006-04-11,1144720800,536.0,536.0,529.0,529.0,1986890,1,dnse,2026-09-21T07:14:24.587974+00:00
VNINDEX,1D,2006-04-12,1144807200,534.0,534.0,534.0,534.0,1990410,1,dnse,2026-09-21T07:14:24.587974+00:00
VNINDEX,1D,2006-04-13,1144893600,534.0,552.0,534.0,552.0,1886480,1,dnse,2026-09-21T07:14:24.587974+00:00
VNINDEX,1D,2006-04-14,1144980000,558.0,558.0,555.0,555.0,1784270,1,dnse,2026-09-21T07:14:24.587974+00:00
VNINDEX,1D,2006-04-17,1145239200,561.0,561.0,561.0,561.0,1854080,1,dnse,2026-09-21T07:14:24.587974+00:00
VNINDEX,1D,2006-04-18,1145325600,569.0,571.0,569.0,571.0,2274370,1,dnse,2026-09-21T07:14:24.587974+00:00
VNINDEX,1D,2006-04-19,1145412000,576.0,576.0,571.0,571.0,2200230,1,dnse,2026-09-21T07:14:24.587974+00:00
VNINDEX,1D,2006-04-20,1145498400,572.0,572.0,570.0,570.0,2509350,1,dnse,2026-09-21T07:14:24.587974+00:00
VNINDEX,1D,2006-04-21,1145584800,587.0,591.0,587.0,591.0,2727270,1,dnse,2026-09-21T07:14:24.587974+00:00
VNINDEX,1D,2006-04-24,1145844000,613.0,615.0,613.0,615.0,2284510,1,dnse,2026-09-21T07:14:24.587974+00:00
VNINDEX,1D,2006-04-25,1145930400,639.0,639.0,633.0,633.0,2328080,1,dnse,2026-09-21T07:14:24.587974+00:00
VNINDEX,1D,2006-04-26,1146016800,625.0,625.0,622.0,622.0,3062570,1,dnse,2026-09-21T07:14:24.587974+00:00
VNINDEX,1D,2006-04-27,1146103200,617.0,617.0,594.0,594.0,3366820,1,dnse,2026-09-21T07:14:24.587974+00:00
VNINDEX,1D,2006-04-28,1146189600,595.0,595.0,595.0,595.0,2945290,1,dnse,2026-09-21T07:14:24.587974+00:00
VNINDEX,1D,2006-05-03,1146621600,612.0,612.0,612.0,612.0,2123450,1,dnse,2026-09-21T07:14:24.587974+00:00
VNINDEX,1D,2006-05-04,1146708000,610.0,610.0,601.0,601.0,2447560,1,dnse,2026-09-21T07:14:24.587974+00:00
VNINDEX,1D,2006-05-05,1146794400,594.0,594.0,594.0,594.0,2352630,1,dnse,2026-09-21T07:14:24.587974+00:00
VNINDEX,1D,2006-05-08,1147053600,586.0,586.0,574.0,574.0,1321990,1,dnse,2026-09-21T07:14:24.587974+00:00
VNINDEX,1D,2006-05-09,1147140000,547.0,547.0,546.0,546.0,899310,1,dnse,2026-09-21T07:14:24.587974+00:00
VNINDEX,1D,2006-05-10,1147226400,521.0,521.0,521.0,521.0,1068830,1,dnse,2026-09-21T07:14:24.587974+00:00
VNINDEX,1D,2006-05-11,1147312800,535.0,543.0,535.0,543.0,2877310,1,dnse,2026-09-21T07:14:24.587974+00:00
VNINDEX,1D,2006-05-12,1147399200,568.0,568.0,567.0,567.0,1452030,1,dnse,2026-09-21T07:14:24.587974+00:00
VNINDEX,1D,2006-05-15,1147658400,590.0,590.0,590.0,590.0,1779040,1,dnse,2026-09-21T07:14:24.587974+00:00
VNINDEX,1D,2006-05-16,1147744800,577.0,577.0,565.0,565.0,2712830,1,dnse,2026-09-21T07:14:24.587974+00:00
VNINDEX,1D,2006-05-17,1147831200,576.0,576.0,576.0,576.0,1630410,1,dnse,2026-09-21T07:14:24.587974+00:00
VNINDEX,1D,2006-05-18,1147917600,569.0,569.0,566.0,566.0,1446910,1,dnse,2026-09-21T07:14:24.587974+00:00
VNINDEX,1D,2006-05-19,1148004000,557.0,562.0,557.0,562.0,1673210,1,dnse,2026-09-21T07:14:24.587974+00:00
VNINDEX,1D,2006-05-22,1148263200,558.0,558.0,553.0,553.0,1279500,1,dnse,2026-09-21T07:14:24.587974+00:00
VNINDEX,1D,2006-05-23,1148349600,541.0,541.0,539.0,539.0,1347640,1,dnse,2026-09-21T07:14:24.587974+00:00
VNINDEX,1D,2006-05-24,1148436000,541.0,560.0,541.0,560.0,1450480,1,dnse,2026-09-21T07:14:24.587974+00:00
VNINDEX,1D,2006-05-25,1148522400,543.0,543.0,543.0,543.0,1504750,1,dnse,2026-09-21T07:14:24.587974+00:00
VNINDEX,1D,2006-05-26,1148608800,544.0,545.0,544.0,545.0,852120,1,dnse,2026-09-21T07:14:24.587974+00:00
VNINDEX,1D,2006-05-29,1148868000,541.0,541.0,537.0,537.0,747760,1,dnse,2026-09-21T07:14:24.587974+00:00
VNINDEX,1D,2006-05-30,1148954400,526.0,526.0,526.0,526.0,1241470,1,dnse,2026-09-21T07:14:24.587974+00:00
VNINDEX,1D,2006-05-31,1149040800,531.0,539.0,531.0,539.0,1296460,1,dnse,2026-09-21T07:14:24.587974+00:00
VNINDEX,1D,2006-06-01,1149127200,539.0,539.0,535.0,535.0,1030290,1,dnse,2026-09-21T07:14:24.587974+00:00
VNINDEX,1D,2006-06-02,1149213600,538.0,540.0,538.0,540.0,940980,1,dnse,2026-09-21T07:14:24.587974+00:00
VNINDEX,1D,2006-06-05,1149472800,549.0,551.0,549.0,551.0,1010040,1,dnse,2026-09-21T07:14:24.587974+00:00
VNINDEX,1D,2006-06-06,1149559200,557.0,557.0,552.0,552.0,1480950,1,dnse,2026-09-21T07:14:24.587974+00:00
VNINDEX,1D,2006-06-07,1149645600,546.0,546.0,545.0,545.0,941920,1,dnse,2026-09-21T07:14:24.587974+00:00
VNINDEX,1D,2006-06-08,1149732000,544.0,548.0,544.0,548.0,842250,1,dnse,2026-09-21T07:14:24.587974+00:00
VNINDEX,1D,2006-06-09,1149818400,550.0,550.0,549.0,549.0,969170,1,dnse,2026-09-21T07:14:24.587974+00:00
VNINDEX,1D,2006-06-12,1150077600,547.0,547.0,546.0,546.0,572870,1,dnse,2026-09-21T07:14:24.587974+00:00
VNINDEX,1D,2006-06-13,1150164000,546.0,546.0,544.0,544.0,840350,1,dnse,2026-09-21T07:14:24.587974+00:00
VNINDEX,1D,2006-06-14,1150250400,544.0,544.0,541.0,541.0,625760,1,dnse,2026-09-21T07:14:24.587974+00:00
VNINDEX,1D,2006-06-15,1150336800,540.0,540.0,537.0,537.0,583750,1,dnse,2026-09-21T07:14:24.587974+00:00
VNINDEX,1D,2006-06-16,1150423200,529.0,529.0,524.0,524.0,1035900,1,dnse,2026-09-21T07:14:24.587974+00:00
VNINDEX,1D,2006-06-19,1150682400,522.0,523.0,519.0,519.0,631460,1,dnse,2026-09-21T07:14:24.587974+00:00
VNINDEX,1D,2006-06-20,1150768800,517.0,517.0,506.0,506.0,1003480,1,dnse,2026-09-21T07:14:24.587974+00:00
VNINDEX,1D,2006-06-21,1150855200,495.0,495.0,488.0,488.0,1714390,1,dnse,2026-09-21T07:14:24.587974+00:00
VNINDEX,1D,2006-06-22,1150941600,503.0,510.0,503.0,510.0,855700,1,dnse,2026-09-21T07:14:24.587974+00:00
VNINDEX,1D,2006-06-23,1151028000,517.0,517.0,506.0,511.0,1058740,1,dnse,2026-09-21T07:14:24.587974+00:00
VNINDEX,1D,2006-06-26,1151287200,504.0,507.0,503.0,503.0,643310,1,dnse,2026-09-21T07:14:24.587974+00:00
VNINDEX,1D,2006-06-27,1151373600,499.0,502.0,499.0,502.0,766620,1,dnse,2026-09-21T07:14:24.587974+00:00
VNINDEX,1D,2006-06-28,1151460000,503.0,506.0,503.0,506.0,665840,1,dnse,2026-09-21T07:14:24.587974+00:00
VNINDEX,1D,2006-06-29,1151546400,506.0,512.0,506.0,512.0,767890,1,dnse,2026-09-21T07:14:24.587974+00:00
VNINDEX,1D,2006-06-30,1151632800,513.0,516.0,509.0,516.0,1561770,1,dnse,2026-09-21T07:14:24.587974+00:00
VNINDEX,1D,2006-07-03,1151892000,510.0,510.0,507.0,507.0,595880,1,dnse,2026-09-21T07:14:24.587974+00:00
VNINDEX,1D,2006-07-04,1151978400,504.0,504.0,500.0,500.0,551630,1,dnse,2026-09-21T07:14:24.587974+00:00
VNINDEX,1D,2006-07-05,1152064800,498.0,500.0,498.0,500.0,514960,1,dnse,2026-09-21T07:14:24.587974+00:00
VNINDEX,1D,2006-07-06,1152151200,498.0,505.0,498.0,505.0,537820,1,dnse,2026-09-21T07:14:24.587974+00:00
VNINDEX,1D,2006-07-07,1152237600,506.0,508.0,506.0,508.0,969740,1,dnse,2026-09-21T07:14:24.587974+00:00
VNINDEX,1D,2006-07-10,1152496800,509.0,509.0,505.0,505.0,645610,1,dnse,2026-09-21T07:14:24.587974+00:00
VNINDEX,1D,2006-07-11,1152583200,506.0,507.0,504.0,504.0,645880,1,dnse,2026-09-21T07:14:24.587974+00:00
VNINDEX,1D,2006-07-12,1152669600,505.0,505.0,502.0,502.0,1382250,1,dnse,2026-09-21T07:14:24.587974+00:00
VNINDEX,1D,2006-07-13,1152756000,506.0,509.0,506.0,509.0,2253200,1,dnse,2026-09-21T07:14:24.587974+00:00
VNINDEX,1D,2006-07-14,1152842400,512.0,512.0,506.0,506.0,1567710,1,dnse,2026-09-21T07:14:24.587974+00:00
VNINDEX,1D,2006-07-17,1153101600,498.0,498.0,494.0,494.0,1854450,1,dnse,2026-09-21T07:14:24.587974+00:00
VNINDEX,1D,2006-07-18,1153188000,489.0,489.0,484.0,484.0,1465290,1,dnse,2026-09-21T07:14:24.587974+00:00
VNINDEX,1D,2006-07-19,1153274400,477.0,477.0,466.0,466.0,1779120,1,dnse,2026-09-21T07:14:24.587974+00:00
VNINDEX,1D,2006-07-20,1153360800,459.0,486.0,459.0,486.0,2138930,1,dnse,2026-09-21T07:14:24.587974+00:00
VNINDEX,1D,2006-07-21,1153447200,482.0,482.0,473.0,473.0,1351570,1,dnse,2026-09-21T07:14:24.587974+00:00
VNINDEX,1D,2006-07-24,1153706400,467.0,467.0,461.0,461.0,1192470,1,dnse,2026-09-21T07:14:24.587974+00:00
VNINDEX,1D,2006-07-25,1153792800,450.0,450.0,440.0,440.0,1620910,1,dnse,2026-09-21T07:14:24.587974+00:00
VNINDEX,1D,2006-07-26,1153879200,431.0,438.0,431.0,434.0,1779800,1,dnse,2026-09-21T07:14:24.587974+00:00
VNINDEX,1D,2006-07-27,1153965600,435.0,441.0,435.0,441.0,1532220,1,dnse,2026-09-21T07:14:24.587974+00:00
VNINDEX,1D,2006-07-28,1154052000,445.0,445.0,440.0,440.0,1394700,1,dnse,2026-09-21T07:14:24.587974+00:00
VNINDEX,1D,2006-07-31,1154311200,431.0,431.0,422.0,422.0,1093120,1,dnse,2026-09-21T07:14:24.587974+00:00
VNINDEX,1D,2006-08-01,1154397600,410.0,410.0,405.0,405.0,1337940,1,dnse,2026-09-21T07:14:24.587974+00:00
VNINDEX,1D,2006-08-02,1154484000,389.0,400.0,389.0,400.0,1769300,1,dnse,2026-09-21T07:14:24.587974+00:00
VNINDEX,1D,2006-08-03,1154570400,412.0,418.0,412.0,418.0,1758760,1,dnse,2026-09-21T07:14:24.587974+00:00
VNINDEX,1D,2006-08-04,1154656800,436.0,436.0,436.0,436.0,1830370,1,dnse,2026-09-21T07:14:24.587974+00:00
VNINDEX,1D,2006-08-07,1154916000,440.0,440.0,423.0,423.0,2073580,1,dnse,2026-09-21T07:14:24.587974+00:00
VNINDEX,1D,2006-08-08,1155002400,426.0,434.0,426.0,433.0,1181410,1,dnse,2026-09-21T07:14:24.587974+00:00
VNINDEX,1D,2006-08-09,1155088800,431.0,434.0,430.0,430.0,2380530,1,dnse,2026-09-21T07:14:24.587974+00:00
VNINDEX,1D,2006-08-10,1155175200,429.0,432.0,429.0,432.0,1194320,1,dnse,2026-09-21T07:14:24.587974+00:00
VNINDEX,1D,2006-08-11,1155261600,437.0,443.0,437.0,443.0,1878620,1,dnse,2026-09-21T07:14:24.587974+00:00
VNINDEX,1D,2006-08-14,1155520800,459.0,465.0,459.0,465.0,2114880,1,dnse,2026-09-21T07:14:24.587974+00:00
VNINDEX,1D,2006-08-15,1155607200,468.0,468.0,460.0,460.0,2652920,1,dnse,2026-09-21T07:14:24.587974+00:00
VNINDEX,1D,2006-08-16,1155693600,468.0,476.0,468.0,476.0,2920310,1,dnse,2026-09-21T07:14:24.587974+00:00
VNINDEX,1D,2006-08-17,1155780000,489.0,489.0,483.0,483.0,3236950,1,dnse,2026-09-21T07:14:24.587974+00:00
VNINDEX,1D,2006-08-18,1155866400,486.0,486.0,482.0,482.0,3258890,1,dnse,2026-09-21T07:14:24.587974+00:00
VNINDEX,1D,2006-08-21,1156125600,485.0,485.0,482.0,482.0,1793680,1,dnse,2026-09-21T07:14:24.587974+00:00
VNINDEX,1D,2006-08-22,1156212000,475.0,475.0,470.0,470.0,2537880,1,dnse,2026-09-21T07:14:24.587974+00:00
VNINDEX,1D,2006-08-23,1156298400,467.0,478.0,467.0,478.0,1817700,1,dnse,2026-09-21T07:14:24.587974+00:00
VNINDEX,1D,2006-08-24,1156384800,481.0,481.0,479.0,479.0,1684580,1,dnse,2026-09-21T07:14:24.587974+00:00
VNINDEX,1D,2006-08-25,1156471200,478.0,478.0,477.0,477.0,1266500,1,dnse,2026-09-21T07:14:24.587974+00:00
VNINDEX,1D,2006-08-28,1156730400,477.0,483.0,477.0,483.0,1606060,1,dnse,2026-09-21T07:14:24.587974+00:00
VNINDEX,1D,2006-08-29,1156816800,486.0,489.0,486.0,489.0,2162400,1,dnse,2026-09-21T07:14:24.587974+00:00
VNINDEX,1D,2006-08-30,1156903200,493.0,493.0,493.0,493.0,3101600,1,dnse,2026-09-21T07:14:24.587974+00:00
VNINDEX,1D,2006-08-31,1156989600,493.0,493.0,490.0,491.0,2107160,1,dnse,2026-09-21T07:14:24.587974+00:00
VNINDEX,1D,2006-09-01,1157076000,498.0,498.0,498.0,498.0,2931950,1,dnse,2026-09-21T07:14:24.587974+00:00
VNINDEX,1D,2006-09-05,1157421600,510.0,516.0,510.0,516.0,2807420,1,dnse,2026-09-21T07:14:24.587974+00:00
VNINDEX,1D,2006-09-06,1157508000,527.0,527.0,518.0,518.0,3713430,1,dnse,2026-09-21T07:14:24.587974+00:00
VNINDEX,1D,2006-09-07,1157594400,515.0,515.0,511.0,511.0,2804190,1,dnse,2026-09-21T07:14:24.587974+00:00
VNINDEX,1D,2006-09-08,1157680800,511.0,513.0,511.0,513.0,2550280,1,dnse,2026-09-21T07:14:24.587974+00:00
VNINDEX,1D,2006-09-11,1157940000,515.0,515.0,512.0,512.0,1899490,1,dnse,2026-09-21T07:14:24.587974+00:00
VNINDEX,1D,2006-09-12,1158026400,506.0,506.0,501.0,501.0,2318600,1,dnse,2026-09-21T07:14:24.587974+00:00
VNINDEX,1D,2006-09-13,1158112800,500.0,511.0,500.0,511.0,2104880,1,dnse,2026-09-21T07:14:24.587974+00:00
VNINDEX,1D,2006-09-14,1158199200,509.0,509.0,505.0,505.0,1953490,1,dnse,2026-09-21T07:14:24.587974+00:00
VNINDEX,1D,2006-09-15,1158285600,508.0,509.0,508.0,509.0,2453770,1,dnse,2026-09-21T07:14:24.587974+00:00
VNINDEX,1D,2006-09-18,1158544800,511.0,511.0,510.0,510.0,1892090,1,dnse,2026-09-21T07:14:24.587974+00:00
VNINDEX,1D,2006-09-19,1158631200,514.0,515.0,514.0,515.0,2669080,1,dnse,2026-09-21T07:14:24.587974+00:00
VNINDEX,1D,2006-09-20,1158717600,520.0,520.0,514.0,514.0,2637510,1,dnse,2026-09-21T07:14:24.587974+00:00
VNINDEX,1D,2006-09-21,1158804000,516.0,516.0,513.0,513.0,1798160,1,dnse,2026-09-21T07:14:24.587974+00:00
VNINDEX,1D,2006-09-22,1158890400,512.0,514.0,512.0,514.0,1814320,1,dnse,2026-09-21T07:14:24.587974+00:00
VNINDEX,1D,2006-09-25,1159149600,515.0,515.0,514.0,515.0,1921530,1,dnse,2026-09-21T07:14:24.587974+00:00
VNINDEX,1D,2006-09-26,1159236000,517.0,520.0,517.0,520.0,2390350,1,dnse,2026-09-21T07:14:24.587974+00:00
VNINDEX,1D,2006-09-27,1159322400,522.0,522.0,520.0,520.0,2518220,1,dnse,2026-09-21T07:14:24.587974+00:00
VNINDEX,1D,2006-09-28,1159408800,522.0,528.0,522.0,528.0,2470140,1,dnse,2026-09-21T07:14:24.587974+00:00
VNINDEX,1D,2006-09-29,1159495200,532.0,532.0,526.0,526.0,2590310,1,dnse,2026-09-21T07:14:24.587974+00:00
VNINDEX,1D,2006-10-02,1159754400,530.0,532.0,530.0,532.0,2113810,1,dnse,2026-09-21T07:14:24.587974+00:00
VNINDEX,1D,2006-10-03,1159840800,538.0,538.0,536.0,538.0,2503900,1,dnse,2026-09-21T07:14:24.587974+00:00
VNINDEX,1D,2006-10-04,1159927200,546.0,546.0,542.0,542.0,3273230,1,dnse,2026-09-21T07:14:24.587974+00:00
VNINDEX,1D,2006-10-05,1160013600,543.0,543.0,535.0,535.0,2316460,1,dnse,2026-09-21T07:14:24.587974+00:00
VNINDEX,1D,2006-10-06,1160100000,533.0,536.0,533.0,536.0,1874380,1,dnse,2026-09-21T07:14:24.587974+00:00
VNINDEX,1D,2006-10-09,1160359200,538.0,538.0,535.0,535.0,2077350,1,dnse,2026-09-21T07:14:24.587974+00:00
VNINDEX,1D,2006-10-10,1160445600,532.0,532.0,527.0,527.0,1923660,1,dnse,2026-09-21T07:14:24.587974+00:00
VNINDEX,1D,2006-10-11,1160532000,525.0,525.0,525.0,525.0,1990170,1,dnse,2026-09-21T07:14:24.587974+00:00
VNINDEX,1D,2006-10-12,1160618400,527.0,527.0,525.0,525.0,2060930,1,dnse,2026-09-21T07:14:24.587974+00:00
VNINDEX,1D,2006-10-13,1160704800,525.0,526.0,525.0,526.0,2085490,1,dnse,2026-09-21T07:14:24.587974+00:00
VNINDEX,1D,2006-10-16,1160964000,527.0,527.0,526.0,526.0,1867820,1,dnse,2026-09-21T07:14:24.587974+00:00
VNINDEX,1D,2006-10-17,1161050400,523.0,523.0,519.0,519.0,2816850,1,dnse,2026-09-21T07:14:24.587974+00:00
VNINDEX,1D,2006-10-18,1161136800,518.0,519.0,518.0,519.0,2191170,1,dnse,2026-09-21T07:14:24.587974+00:00
VNINDEX,1D,2006-10-19,1161223200,523.0,525.0,522.0,525.0,2016010,1,dnse,2026-09-21T07:14:24.587974+00:00
VNINDEX,1D,2006-10-20,1161309600,528.0,528.0,528.0,528.0,2016270,1,dnse,2026-09-21T07:14:24.587974+00:00
VNINDEX,1D,2006-10-23,1161568800,526.0,526.0,526.0,526.0,1451370,1,dnse,2026-09-21T07:14:24.587974+00:00
VNINDEX,1D,2006-10-24,1161655200,526.0,526.0,526.0,526.0,1428840,1,dnse,2026-09-21T07:14:24.587974+00:00
VNINDEX,1D,2006-10-25,1161741600,525.0,525.0,524.0,524.0,1338020,1,dnse,2026-09-21T07:14:24.587974+00:00
VNINDEX,1D,2006-10-26,1161828000,525.0,525.0,524.0,525.0,1408400,1,dnse,2026-09-21T07:14:24.587974+00:00
VNINDEX,1D,2006-10-27,1161914400,521.0,521.0,521.0,521.0,1676750,1,dnse,2026-09-21T07:14:24.587974+00:00
VNINDEX,1D,2006-10-30,1162173600,518.0,518.0,512.0,512.0,1643170,1,dnse,2026-09-21T07:14:24.587974+00:00
VNINDEX,1D,2006-10-31,1162260000,505.0,512.0,505.0,512.0,1972470,1,dnse,2026-09-21T07:14:24.587974+00:00
VNINDEX,1D,2006-11-01,1162346400,517.0,521.0,517.0,521.0,1361640,1,dnse,2026-09-21T07:14:24.587974+00:00
VNINDEX,1D,2006-11-02,1162432800,523.0,523.0,517.0,517.0,1471670,1,dnse,2026-09-21T07:14:24.587974+00:00
VNINDEX,1D,2006-11-03,1162519200,514.0,514.0,514.0,514.0,1104980,1,dnse,2026-09-21T07:14:24.587974+00:00
VNINDEX,1D,2006-11-06,1162778400,514.0,517.0,514.0,517.0,1054900,1,dnse,2026-09-21T07:14:24.587974+00:00
VNINDEX,1D,2006-11-07,1162864800,520.0,520.0,520.0,520.0,1733270,1,dnse,2026-09-21T07:14:24.587974+00:00
VNINDEX,1D,2006-11-08,1162951200,524.0,526.0,524.0,526.0,1918650,1,dnse,2026-09-21T07:14:24.587974+00:00
VNINDEX,1D,2006-11-09,1163037600,530.0,532.0,530.0,532.0,2105710,1,dnse,2026-09-21T07:14:24.587974+00:00
VNINDEX,1D,2006-11-10,1163124000,537.0,537.0,531.0,531.0,2029080,1,dnse,2026-09-21T07:14:24.587974+00:00
VNINDEX,1D,2006-11-13,1163383200,534.0,537.0,534.0,537.0,1857670,1,dnse,2026-09-21T07:14:24.587974+00:00
VNINDEX,1D,2006-11-14,1163469600,549.0,556.0,549.0,556.0,3231020,1,dnse,2026-09-21T07:14:24.587974+00:00
VNINDEX,1D,2006-11-15,1163556000,571.0,571.0,563.0,563.0,3562490,1,dnse,2026-09-21T07:14:24.587974+00:00
VNINDEX,1D,2006-11-16,1163642400,556.0,560.0,556.0,560.0,3016930,1,dnse,2026-09-21T07:14:24.587974+00:00
VNINDEX,1D,2006-11-17,1163728800,563.0,574.0,563.0,574.0,3392250,1,dnse,2026-09-21T07:14:24.587974+00:00
VNINDEX,1D,2006-11-20,1163988000,590.0,590.0,584.0,584.0,4435750,1,dnse,2026-09-21T07:14:24.587974+00:00
VNINDEX,1D,2006-11-21,1164074400,596.0,599.0,596.0,598.0,3032180,1,dnse,2026-09-21T07:14:24.587974+00:00
VNINDEX,1D,2006-11-22,1164160800,609.0,610.0,608.0,610.0,3437600,1,dnse,2026-09-21T07:14:24.587974+00:00
VNINDEX,1D,2006-11-23,1164247200,633.0,637.0,633.0,637.0,4259170,1,dnse,2026-09-21T07:14:24.587974+00:00
VNINDEX,1D,2006-11-24,1164333600,666.0,666.0,666.0,666.0,5752000,1,dnse,2026-09-21T07:14:24.587974+00:00
VNINDEX,1D,2006-11-27,1164592800,688.0,688.0,640.0,640.0,4792230,1,dnse,2026-09-21T07:14:24.587974+00:00
VNINDEX,1D,2006-11-28,1164679200,636.0,647.0,636.0,638.0,4263260,1,dnse,2026-09-21T07:14:24.587974+00:00
VNINDEX,1D,2006-11-29,1164765600,622.0,622.0,616.0,617.0,3489800,1,dnse,2026-09-21T07:14:24.587974+00:00
VNINDEX,1D,2006-11-30,1164852000,617.0,633.0,617.0,633.0,2669710,1,dnse,2026-09-21T07:14:24.587974+00:00
VNINDEX,1D,2006-12-01,1164938400,637.0,637.0,631.0,631.0,2919020,1,dnse,2026-09-21T07:14:24.587974+00:00
VNINDEX,1D,2006-12-04,1165197600,639.0,641.0,639.0,641.0,2154150,1,dnse,2026-09-21T07:14:24.587974+00:00
VNINDEX,1D,2006-12-05,1165284000,644.0,645.0,643.0,645.0,2638220,1,dnse,2026-09-21T07:14:24.587974+00:00
VNINDEX,1D,2006-12-06,1165370400,651.0,655.0,651.0,655.0,4053870,1,dnse,2026-09-21T07:14:24.587974+00:00
VNINDEX,1D,2006-12-07,1165456800,670.0,677.0,670.0,677.0,4094870,1,dnse,2026-09-21T07:14:24.587974+00:00
VNINDEX,1D,2006-12-08,1165543200,696.0,696.0,696.0,696.0,1202500,1,dnse,2026-09-21T07:14:24.587974+00:00
VNINDEX,1D,2006-12-11,1165802400,722.0,724.0,722.0,724.0,4995240,1,dnse,2026-09-21T07:14:24.587974+00:00
VNINDEX,1D,2006-12-12,1165888800,749.0,749.0,717.0,717.0,7021350,1,dnse,2026-09-21T07:14:24.587974+00:00
VNINDEX,1D,2006-12-13,1165975200,740.0,741.0,739.0,741.0,5411060,1,dnse,2026-09-21T07:14:24.587974+00:00
VNINDEX,1D,2006-12-14,1166061600,767.0,767.0,757.0,757.0,5802770,1,dnse,2026-09-21T07:14:24.587974+00:00
VNINDEX,1D,2006-12-15,1166148000,773.0,776.0,773.0,776.0,5859820,1,dnse,2026-09-21T07:14:24.587974+00:00
VNINDEX,1D,2006-12-18,1166407200,790.0,790.0,779.0,780.0,6597260,1,dnse,2026-09-21T07:14:24.587974+00:00
VNINDEX,1D,2006-12-19,1166493600,796.0,799.0,796.0,799.0,5341050,1,dnse,2026-09-21T07:14:24.587974+00:00
VNINDEX,1D,2006-12-20,1166580000,816.0,816.0,810.0,810.0,6643110,1,dnse,2026-09-21T07:14:24.587974+00:00
VNINDEX,1D,2006-12-21,1166666400,809.0,809.0,779.0,779.0,7178600,1,dnse,2026-09-21T07:14:24.587974+00:00
VNINDEX,1D,2006-12-22,1166752800,745.0,745.0,744.0,744.0,3808670,1,dnse,2026-09-21T07:14:24.587974+00:00
VNINDEX,1D,2006-12-25,1167012000,718.0,735.0,718.0,735.0,4044760,1,dnse,2026-09-21T07:14:24.587974+00:00
VNINDEX,1D,2006-12-26,1167098400,724.0,748.0,724.0,748.0,5317100,1,dnse,2026-09-21T07:14:24.587974+00:00
VNINDEX,1D,2006-12-27,1167184800,762.0,762.0,744.0,755.0,6146330,1,dnse,2026-09-21T07:14:24.587974+00:00
VNINDEX,1D,2006-12-28,1167271200,757.0,759.0,754.0,754.0,4750810,1,dnse,2026-09-21T07:14:24.587974+00:00
VNINDEX,1D,2006-12-29,1167357600,748.0,752.0,748.0,752.0,3737900,1,dnse,2026-09-21T07:14:24.587974+00:00
VNINDEX,1D,2007-01-02,1167703200,751.0,751.0,741.0,741.0,3693510,1,dnse,2026-09-21T07:14:24.587974+00:00
VNINDEX,1D,2007-01-03,1167789600,745.0,758.0,745.0,758.0,4130670,1,dnse,2026-09-21T07:14:24.587974+00:00
VNINDEX,1D,2007-01-04,1167876000,784.0,789.0,784.0,789.0,5532130,1,dnse,2026-09-21T07:14:24.587974+00:00
VNINDEX,1D,2007-01-05,1167962400,818.0,819.0,818.0,819.0,7384850,1,dnse,2026-09-21T07:14:24.587974+00:00
VNINDEX,1D,2007-01-08,1168221600,840.0,840.0,825.0,825.0,8073810,1,dnse,2026-09-21T07:14:24.587974+00:00
VNINDEX,1D,2007-01-09,1168308000,845.0,845.0,841.0,845.0,7047800,1,dnse,2026-09-21T07:14:24.587974+00:00
VNINDEX,1D,2007-01-10,1168394400,865.0,867.0,865.0,866.0,6069400,1,dnse,2026-09-21T07:14:24.587974+00:00
VNINDEX,1D,2007-01-11,1168480800,887.0,887.0,885.0,885.0,6893080,1,dnse,2026-09-21T07:14:24.587974+00:00
VNINDEX,1D,2007-01-12,1168567200,914.0,915.0,914.0,915.0,7248120,1,dnse,2026-09-21T07:14:24.587974+00:00
VNINDEX,1D,2007-01-15,1168826400,942.0,947.0,942.0,947.0,6166570,1,dnse,2026-09-21T07:14:24.587974+00:00
VNINDEX,1D,2007-01-16,1168912800,986.0,986.0,984.0,984.0,6933830,1,dnse,2026-09-21T07:14:24.587974+00:00
VNINDEX,1D,2007-01-17,1168999200,1013.0,1013.0,965.0,965.0,9078140,1,dnse,2026-09-21T07:14:24.587974+00:00
VNINDEX,1D,2007-01-18,1169085600,947.0,983.0,947.0,983.0,9331520,1,dnse,2026-09-21T07:14:24.587974+00:00
VNINDEX,1D,2007-01-19,1169172000,1024.0,1024.0,1023.0,1023.0,6520700,1,dnse,2026-09-21T07:14:24.587974+00:00
VNINDEX,1D,2007-01-22,1169431200,1044.0,1044.0,1028.0,1028.0,8562450,1,dnse,2026-09-21T07:14:24.587974+00:00
VNINDEX,1D,2007-01-23,1169517600,1040.0,1041.0,1040.0,1041.0,5932240,1,dnse,2026-09-21T07:14:24.587974+00:00
VNINDEX,1D,2007-01-24,1169604000,1050.0,1050.0,1016.0,1016.0,6023860,1,dnse,2026-09-21T07:14:24.587974+00:00
VNINDEX,1D,2007-01-25,1169690400,992.0,992.0,989.0,989.0,8412580,1,dnse,2026-09-21T07:14:24.587974+00:00
VNINDEX,1D,2007-01-26,1169776800,967.0,975.0,967.0,975.0,10042750,1,dnse,2026-09-21T07:14:24.587974+00:00
VNINDEX,1D,2007-01-29,1170036000,977.0,996.0,977.0,996.0,7288420,1,dnse,2026-09-21T07:14:24.587974+00:00
VNINDEX,1D,2007-01-30,1170122400,1021.0,1024.0,1021.0,1022.0,7195200,1,dnse,2026-09-21T07:14:24.587974+00:00
VNINDEX,1D,2007-01-31,1170208800,1044.0,1044.0,1041.0,1041.0,7517290,1,dnse,2026-09-21T07:14:24.587974+00:00
VNINDEX,1D,2007-02-01,1170295200,1066.0,1066.0,1049.0,1049.0,11184580,1,dnse,2026-09-21T07:14:24.587974+00:00
VNINDEX,1D,2007-02-02,1170381600,1075.0,1075.0,1075.0,1075.0,7072960,1,dnse,2026-09-21T07:14:24.587974+00:00
VNINDEX,1D,2007-02-05,1170640800,1091.0,1091.0,1059.0,1059.0,9289180,1,dnse,2026-09-21T07:14:24.587974+00:00
VNINDEX,1D,2007-02-06,1170727200,1059.0,1091.0,1059.0,1091.0,7724800,1,dnse,2026-09-21T07:14:24.587974+00:00
VNINDEX,1D,2007-02-07,1170813600,1084.0,1096.0,1084.0,1096.0,7596040,1,dnse,2026-09-21T07:14:24.587974+00:00
VNINDEX,1D,2007-02-08,1170900000,1059.0,1059.0,1053.0,1053.0,6811910,1,dnse,2026-09-21T07:14:24.587974+00:00
VNINDEX,1D,2007-02-09,1170986400,1011.0,1031.0,1010.0,1031.0,7846490,1,dnse,2026-09-21T07:14:24.587974+00:00
VNINDEX,1D,2007-02-12,1171245600,1041.0,1054.0,1041.0,1054.0,7530200,1,dnse,2026-09-21T07:14:24.587974+00:00
VNINDEX,1D,2007-02-13,1171332000,1082.0,1082.0,1074.0,1074.0,6644140,1,dnse,2026-09-21T07:14:24.587974+00:00
VNINDEX,1D,2007-02-14,1171418400,1078.0,1078.0,1073.0,1073.0,6261450,1,dnse,2026-09-21T07:14:24.587974+00:00
VNINDEX,1D,2007-02-15,1171504800,1072.0,1083.0,1072.0,1083.0,6289500,1,dnse,2026-09-21T07:14:24.587974+00:00
VNINDEX,1D,2007-02-26,1172455200,1121.0,1129.0,1121.0,1129.0,7470640,1,dnse,2026-09-21T07:14:24.587974+00:00
VNINDEX,1D,2007-02-27,1172541600,1174.0,1174.0,1167.0,1167.0,8364940,1,dnse,2026-09-21T07:14:24.587974+00:00
VNINDEX,1D,2007-02-28,1172628000,1160.0,1160.0,1136.0,1138.0,11260450,1,dnse,2026-09-21T07:14:24.587974+00:00
VNINDEX,1D,2007-03-01,1172714400,1148.0,1148.0,1123.0,1123.0,8693690,1,dnse,2026-09-21T07:14:24.587974+00:00
VNINDEX,1D,2007-03-02,1172800800,1131.0,1148.0,1131.0,1148.0,10012890,1,dnse,2026-09-21T07:14:24.587974+00:00
VNINDEX,1D,2007-03-05,1173060000,1165.0,1165.0,1159.0,1159.0,8161480,1,dnse,2026-09-21T07:14:24.587974+00:00
VNINDEX,1D,2007-03-06,1173146400,1140.0,1140.0,1133.0,1133.0,8381450,1,dnse,2026-09-21T07:14:24.587974+00:00
VNINDEX,1D,2007-03-07,1173232800,1139.0,1139.0,1132.0,1132.0,6944050,1,dnse,2026-09-21T07:14:24.587974+00:00
VNINDEX,1D,2007-03-08,1173319200,1140.0,1142.0,1139.0,1142.0,8157060,1,dnse,2026-09-21T07:14:24.587974+00:00
VNINDEX,1D,2007-03-09,1173405600,1169.0,1169.0,1156.0,1156.0,9229710,1,dnse,2026-09-21T07:14:24.587974+00:00
VNINDEX,1D,2007-03-12,1173664800,1179.0,1179.0,1171.0,1171.0,9053740,1,dnse,2026-09-21T07:14:24.587974+00:00
VNINDEX,1D,2007-03-13,1173751200,1179.0,1179.0,1154.0,1158.0,10851540,1,dnse,2026-09-21T07:14:24.587974+00:00
VNINDEX,1D,2007-03-14,1173837600,1135.0,1135.0,1114.0,1114.0,8755970,1,dnse,2026-09-21T07:14:24.587974+00:00
VNINDEX,1D,2007-03-15,1173924000,1073.0,1073.0,1066.0,1066.0,6288720,1,dnse,2026-09-21T07:14:24.587974+00:00
VNINDEX,1D,2007-03-16,1174010400,1089.0,1110.0,1089.0,1110.0,8352030,1,dnse,2026-09-21T07:14:24.587974+00:00
VNINDEX,1D,2007-03-19,1174269600,1152.0,1152.0,1133.0,1133.0,8781590,1,dnse,2026-09-21T07:14:24.587974+00:00
VNINDEX,1D,2007-03-20,1174356000,1134.0,1134.0,1117.0,1117.0,8193710,1,dnse,2026-09-21T07:14:24.587974+00:00
VNINDEX,1D,2007-03-21,1174442400,1117.0,1117.0,1112.0,1112.0,8446900,1,dnse,2026-09-21T07:14:24.587974+00:00
VNINDEX,1D,2007-03-22,1174528800,1108.0,1108.0,1100.0,1100.0,7559950,1,dnse,2026-09-21T07:14:24.587974+00:00
VNINDEX,1D,2007-03-23,1174615200,1097.0,1097.0,1091.0,1091.0,6986600,1,dnse,2026-09-21T07:14:24.587974+00:00
VNINDEX,1D,2007-03-26,1174874400,1085.0,1085.0,1071.0,1072.0,6062450,1,dnse,2026-09-21T07:14:24.587974+00:00
VNINDEX,1D,2007-03-27,1174960800,1050.0,1050.0,1034.0,1034.0,5468080,1,dnse,2026-09-21T07:14:24.587974+00:00
VNINDEX,1D,2007-03-28,1175047200,999.0,1032.0,999.0,1032.0,7309470,1,dnse,2026-09-21T07:14:24.587974+00:00
VNINDEX,1D,2007-03-29,1175133600,1050.0,1069.0,1050.0,1069.0,6852240,1,dnse,2026-09-21T07:14:24.587974+00:00
VNINDEX,1D,2007-03-30,1175220000,1091.0,1091.0,1071.0,1071.0,8359290,1,dnse,2026-09-21T07:14:24.587974+00:00
VNINDEX,1D,2007-04-02,1175479200,1059.0,1062.0,1055.0,1055.0,6785410,1,dnse,2026-09-21T07:14:24.587974+00:00
VNINDEX,1D,2007-04-03,1175565600,1031.0,1031.0,1027.0,1028.0,4217300,1,dnse,2026-09-21T07:14:24.587974+00:00
VNINDEX,1D,2007-04-04,1175652000,1031.0,1051.0,1031.0,1051.0,4504010,1,dnse,2026-09-21T07:14:24.587974+00:00
VNINDEX,1D,2007-04-05,1175738400,1059.0,1059.0,1049.0,1049.0,4562630,1,dnse,2026-09-21T07:14:24.587974+00:00
VNINDEX,1D,2007-04-06,1175824800,1034.0,1034.0,1033.0,1034.0,4032090,1,dnse,2026-09-21T07:14:24.587974+00:00
VNINDEX,1D,2007-04-09,1176084000,1041.0,1041.0,1040.0,1041.0,2979000,1,dnse,2026-09-21T07:14:24.587974+00:00
VNINDEX,1D,2007-04-10,1176170400,1045.0,1045.0,1040.0,1040.0,3795820,1,dnse,2026-09-21T07:14:24.587974+00:00
VNINDEX,1D,2007-04-11,1176256800,1037.0,1037.0,1035.0,1035.0,2734500,1,dnse,2026-09-21T07:14:24.587974+00:00
VNINDEX,1D,2007-04-12,1176343200,1031.0,1031.0,1028.0,1028.0,3650020,1,dnse,2026-09-21T07:14:24.587974+00:00
VNINDEX,1D,2007-04-13,1176429600,1026.0,1026.0,1013.0,1013.0,4166330,1,dnse,2026-09-21T07:14:24.587974+00:00
VNINDEX,1D,2007-04-16,1176688800,998.0,998.0,983.0,983.0,4711750,1,dnse,2026-09-21T07:14:24.587974+00:00
VNINDEX,1D,2007-04-17,1176775200,969.0,969.0,966.0,966.0,4775440,1,dnse,2026-09-21T07:14:24.587974+00:00
VNINDEX,1D,2007-04-18,1176861600,980.0,1001.0,980.0,1001.0,3680490,1,dnse,2026-09-21T07:14:24.587974+00:00
VNINDEX,1D,2007-04-19,1176948000,1015.0,1015.0,998.0,998.0,6484600,1,dnse,2026-09-21T07:14:24.587974+00:00
VNINDEX,1D,2007-04-20,1177034400,982.0,982.0,969.0,969.0,4305390,1,dnse,2026-09-21T07:14:24.587974+00:00
VNINDEX,1D,2007-04-23,1177293600,941.0,941.0,931.0,931.0,3412900,1,dnse,2026-09-21T07:14:24.587974+00:00
VNINDEX,1D,2007-04-24,1177380000,907.0,908.0,906.0,906.0,4345970,1,dnse,2026-09-21T07:14:24.587974+00:00
VNINDEX,1D,2007-04-25,1177466400,904.0,924.0,904.0,924.0,4410190,1,dnse,2026-09-21T07:14:24.587974+00:00
VNINDEX,1D,2007-05-02,1178071200,933.0,935.0,933.0,935.0,3997310,1,dnse,2026-09-21T07:14:24.587974+00:00
VNINDEX,1D,2007-05-03,1178157600,939.0,941.0,937.0,937.0,3204810,1,dnse,2026-09-21T07:14:24.587974+00:00
VNINDEX,1D,2007-05-04,1178244000,941.0,947.0,941.0,947.0,2695500,1,dnse,2026-09-21T07:14:24.587974+00:00
VNINDEX,1D,2007-05-07,1178503200,969.0,984.0,969.0,984.0,4465590,1,dnse,2026-09-21T07:14:24.587974+00:00
VNINDEX,1D,2007-05-08,1178589600,1017.0,1017.0,1015.0,1015.0,5431280,1,dnse,2026-09-21T07:14:24.587974+00:00
VNINDEX,1D,2007-05-09,1178676000,1030.0,1030.0,1020.0,1020.0,6030250,1,dnse,2026-09-21T07:14:24.587974+00:00
VNINDEX,1D,2007-05-10,1178762400,1026.0,1026.0,1020.0,1020.0,3842610,1,dnse,2026-09-21T07:14:24.587974+00:00
VNINDEX,1D,2007-05-11,1178848800,1022.0,1040.0,1022.0,1040.0,4251680,1,dnse,2026-09-21T07:14:24.587974+00:00
VNINDEX,1D,2007-05-14,1179108000,1062.0,1066.0,1062.0,1066.0,5233040,1,dnse,2026-09-21T07:14:24.587974+00:00
VNINDEX,1D,2007-05-15,1179194400,1069.0,1069.0,1055.0,1055.0,5565560,1,dnse,2026-09-21T07:14:24.587974+00:00
VNINDEX,1D,2007-05-16,1179280800,1052.0,1052.0,1041.0,1041.0,4738670,1,dnse,2026-09-21T07:14:24.587974+00:00
VNINDEX,1D,2007-05-17,1179367200,1039.0,1060.0,1039.0,1060.0,4965380,1,dnse,2026-09-21T07:14:24.587974+00:00
VNINDEX,1D,2007-05-18,1179453600,1063.0,1067.0,1063.0,1067.0,5430620,1,dnse,2026-09-21T07:14:24.587974+00:00
VNINDEX,1D,2007-05-21,1179712800,1078.0,1085.0,1078.0,1085.0,5458280,1,dnse,2026-09-21T07:14:24.587974+00:00
VNINDEX,1D,2007-05-22,1179799200,1103.0,1108.0,1103.0,1108.0,7138500,1,dnse,2026-09-21T07:14:24.587974+00:00
VNINDEX,1D,2007-05-23,1179885600,1128.0,1128.0,1113.0,1113.0,8006120,1,dnse,2026-09-21T07:14:24.587974+00:00
VNINDEX,1D,2007-05-24,1179972000,1102.0,1102.0,1085.0,1085.0,5775610,1,dnse,2026-09-21T07:14:24.587974+00:00
VNINDEX,1D,2007-05-25,1180058400,1074.0,1090.0,1074.0,1090.0,5820630,1,dnse,2026-09-21T07:14:24.587974+00:00
VNINDEX,1D,2007-05-28,1180317600,1113.0,1113.0,1099.0,1099.0,5650020,1,dnse,2026-09-21T07:14:24.587974+00:00
VNINDEX,1D,2007-05-29,1180404000,1103.0,1103.0,1094.0,1094.0,5961530,1,dnse,2026-09-21T07:14:24.587974+00:00
VNINDEX,1D,2007-05-30,1180490400,1081.0,1081.0,1078.0,1078.0,4697360,1,dnse,2026-09-21T07:14:24.587974+00:00
VNINDEX,1D,2007-05-31,1180576800,1088.0,1088.0,1081.0,1081.0,5168490,1,dnse,2026-09-21T07:14:24.587974+00:00
VNINDEX,1D,2007-06-01,1180663200,1086.0,1086.0,1077.0,1077.0,5187070,1,dnse,2026-09-21T07:14:24.587974+00:00
VNINDEX,1D,2007-06-04,1180922400,1074.0,1074.0,1062.0,1062.0,4764980,1,dnse,2026-09-21T07:14:24.587974+00:00
VNINDEX,1D,2007-06-05,1181008800,1052.0,1052.0,1040.0,1040.0,5462140,1,dnse,2026-09-21T07:14:24.587974+00:00
VNINDEX,1D,2007-06-06,1181095200,1040.0,1045.0,1039.0,1045.0,6158370,1,dnse,2026-09-21T07:14:24.587974+00:00
VNINDEX,1D,2007-06-07,1181181600,1058.0,1061.0,1058.0,1060.0,4865430,1,dnse,2026-09-21T07:14:24.587974+00:00
VNINDEX,1D,2007-06-08,1181268000,1067.0,1067.0,1055.0,1057.0,7527410,1,dnse,2026-09-21T07:14:24.587974+00:00
VNINDEX,1D,2007-06-11,1181527200,1042.0,1042.0,1037.0,1041.0,4957650,1,dnse,2026-09-21T07:14:24.587974+00:00
VNINDEX,1D,2007-06-12,1181613600,1035.0,1037.0,1035.0,1037.0,5085160,1,dnse,2026-09-21T07:14:24.587974+00:00
VNINDEX,1D,2007-06-13,1181700000,1036.0,1039.0,1034.0,1039.0,5546620,1,dnse,2026-09-21T07:14:24.587974+00:00
VNINDEX,1D,2007-06-14,1181786400,1044.0,1044.0,1043.0,1043.0,5896260,1,dnse,2026-09-21T07:14:24.587974+00:00
VNINDEX,1D,2007-06-15,1181872800,1051.0,1051.0,1048.0,1048.0,5318510,1,dnse,2026-09-21T07:14:24.587974+00:00
VNINDEX,1D,2007-06-18,1182132000,1046.0,1047.0,1044.0,1044.0,5665300,1,dnse,2026-09-21T07:14:24.587974+00:00
VNINDEX,1D,2007-06-19,1182218400,1048.0,1050.0,1048.0,1050.0,6054960,1,dnse,2026-09-21T07:14:24.587974+00:00
VNINDEX,1D,2007-06-20,1182304800,1051.0,1051.0,1045.0,1045.0,6392950,1,dnse,2026-09-21T07:14:24.587974+00:00
VNINDEX,1D,2007-06-21,1182391200,1044.0,1044.0,1034.0,1034.0,5177010,1,dnse,2026-09-21T07:14:24.587974+00:00
VNINDEX,1D,2007-06-22,1182477600,1031.0,1037.0,1031.0,1034.0,5305310,1,dnse,2026-09-21T07:14:24.587974+00:00
VNINDEX,1D,2007-06-25,1182736800,1048.0,1048.0,1044.0,1044.0,4397100,1,dnse,2026-09-21T07:14:24.587974+00:00
VNINDEX,1D,2007-06-26,1182823200,1064.0,1064.0,1054.0,1056.0,4983050,1,dnse,2026-09-21T07:14:24.587974+00:00
VNINDEX,1D,2007-06-27,1182909600,1057.0,1057.0,1033.0,1033.0,4316970,1,dnse,2026-09-21T07:14:24.587974+00:00
VNINDEX,1D,2007-06-28,1182996000,1024.0,1025.0,1024.0,1024.0,3977940,1,dnse,2026-09-21T07:14:24.587974+00:00
VNINDEX,1D,2007-06-29,1183082400,1021.0,1025.0,1021.0,1025.0,4008410,1,dnse,2026-09-21T07:14:24.587974+00:00
VNINDEX,1D,2007-07-02,1183341600,1016.0,1016.0,994.0,994.0,5471790,1,dnse,2026-09-21T07:14:24.587974+00:00
VNINDEX,1D,2007-07-03,1183428000,976.0,977.0,975.0,977.0,5479910,1,dnse,2026-09-21T07:14:24.587974+00:00
VNINDEX,1D,2007-07-04,1183514400,996.0,1014.0,996.0,1014.0,4746820,1,dnse,2026-09-21T07:14:24.587974+00:00
VNINDEX,1D,2007-07-05,1183600800,1014.0,1014.0,1013.0,1013.0,5218240,1,dnse,2026-09-21T07:14:24.587974+00:00
VNINDEX,1D,2007-07-06,1183687200,1008.0,1011.0,1008.0,1011.0,3482520,1,dnse,2026-09-21T07:14:24.587974+00:00
VNINDEX,1D,2007-07-09,1183946400,1004.0,1010.0,1004.0,1010.0,3773850,1,dnse,2026-09-21T07:14:24.587974+00:00
VNINDEX,1D,2007-07-10,1184032800,1015.0,1023.0,1015.0,1023.0,4656500,1,dnse,2026-09-21T07:14:24.587974+00:00
VNINDEX,1D,2007-07-11,1184119200,1032.0,1033.0,1030.0,1030.0,4754480,1,dnse,2026-09-21T07:14:24.587974+00:00
VNINDEX,1D,2007-07-12,1184205600,1026.0,1026.0,1018.0,1018.0,4243210,1,dnse,2026-09-21T07:14:24.587974+00:00
VNINDEX,1D,2007-07-13,1184292000,1011.0,1016.0,1011.0,1016.0,4211130,1,dnse,2026-09-21T07:14:24.587974+00:00
VNINDEX,1D,2007-07-16,1184551200,1005.0,1005.0,996.0,996.0,3994340,1,dnse,2026-09-21T07:14:24.587974+00:00
VNINDEX,1D,2007-07-17,1184637600,996.0,1001.0,996.0,1000.0,4000980,1,dnse,2026-09-21T07:14:24.587974+00:00
VNINDEX,1D,2007-07-18,1184724000,999.0,999.0,995.0,995.0,4025070,1,dnse,2026-09-21T07:14:24.587974+00:00
VNINDEX,1D,2007-07-19,1184810400,991.0,991.0,984.0,984.0,3531300,1,dnse,2026-09-21T07:14:24.587974+00:00
VNINDEX,1D,2007-07-20,1184896800,980.0,982.0,980.0,981.0,4692360,1,dnse,2026-09-21T07:14:24.587974+00:00
VNINDEX,1D,2007-07-24,1185242400,982.0,984.0,982.0,982.0,5067280,1,dnse,2026-09-21T07:14:24.587974+00:00
VNINDEX,1D,2007-07-25,1185328800,975.0,975.0,971.0,973.0,4496420,1,dnse,2026-09-21T07:14:24.587974+00:00
VNINDEX,1D,2007-07-26,1185415200,966.0,966.0,956.0,956.0,3432540,1,dnse,2026-09-21T07:14:24.587974+00:00
VNINDEX,1D,2007-07-27,1185501600,946.0,946.0,940.0,940.0,3392690,1,dnse,2026-09-21T07:14:24.587974+00:00
VNINDEX,1D,2007-07-30,1185760800,928.0,932.0,925.0,925.0,2204160,1,dnse,2026-09-21T07:14:24.587974+00:00
VNINDEX,1D,2007-07-31,1185847200,906.0,908.0,896.0,908.0,4511310,1,dnse,2026-09-21T07:14:24.587974+00:00
VNINDEX,1D,2007-08-01,1185933600,905.0,926.0,904.0,923.0,4813010,1,dnse,2026-09-21T07:14:24.587974+00:00
VNINDEX,1D,2007-08-02,1186020000,927.0,927.0,911.0,911.0,4692420,1,dnse,2026-09-21T07:14:24.587974+00:00
VNINDEX,1D,2007-08-03,1186106400,895.0,898.0,893.0,893.0,3803430,1,dnse,2026-09-21T07:14:24.587974+00:00
VNINDEX,1D,2007-08-06,1186365600,893.0,894.0,884.0,884.0,3231500,1,dnse,2026-09-21T07:14:24.587974+00:00
VNINDEX,1D,2007-08-07,1186452000,891.0,899.0,890.0,897.0,3517070,1,dnse,2026-09-21T07:14:24.587974+00:00
VNINDEX,1D,2007-08-08,1186538400,903.0,910.0,901.0,910.0,4070630,1,dnse,2026-09-21T07:14:24.587974+00:00
VNINDEX,1D,2007-08-09,1186624800,923.0,938.0,922.0,938.0,4646490,1,dnse,2026-09-21T07:14:24.587974+00:00
VNINDEX,1D,2007-08-10,1186711200,942.0,942.0,925.0,936.0,5382520,1,dnse,2026-09-21T07:14:24.587974+00:00
VNINDEX,1D,2007-08-13,1186970400,916.0,917.0,909.0,909.0,3245980,1,dnse,2026-09-21T07:14:24.587974+00:00
VNINDEX,1D,2007-08-14,1187056800,913.0,923.0,913.0,923.0,3588960,1,dnse,2026-09-21T07:14:24.587974+00:00
VNINDEX,1D,2007-08-15,1187143200,918.0,918.0,913.0,915.0,2999350,1,dnse,2026-09-21T07:14:24.587974+00:00
VNINDEX,1D,2007-08-16,1187229600,904.0,908.0,900.0,900.0,3582160,1,dnse,2026-09-21T07:14:24.587974+00:00
VNINDEX,1D,2007-08-17,1187316000,887.0,890.0,886.0,888.0,3822720,1,dnse,2026-09-21T07:14:24.587974+00:00
VNINDEX,1D,2007-08-20,1187575200,876.0,890.0,875.0,890.0,4452350,1,dnse,2026-09-21T07:14:24.587974+00:00
VNINDEX,1D,2007-08-21,1187661600,897.0,900.0,893.0,896.0,5507240,1,dnse,2026-09-21T07:14:24.587974+00:00
VNINDEX,1D,2007-08-22,1187748000,899.0,899.0,892.0,892.0,4204280,1,dnse,2026-09-21T07:14:24.587974+00:00
VNINDEX,1D,2007-08-23,1187834400,892.0,892.0,886.0,888.0,4871050,1,dnse,2026-09-21T07:14:24.587974+00:00
VNINDEX,1D,2007-08-24,1187920800,897.0,905.0,897.0,905.0,6780190,1,dnse,2026-09-21T07:14:24.587974+00:00
VNINDEX,1D,2007-08-27,1188180000,911.0,911.0,907.0,909.0,5587740,1,dnse,2026-09-21T07:14:24.587974+00:00
VNINDEX,1D,2007-08-28,1188266400,905.0,906.0,901.0,903.0,4675530,1,dnse,2026-09-21T07:14:24.587974+00:00
VNINDEX,1D,2007-08-29,1188352800,896.0,901.0,894.0,901.0,4838170,1,dnse,2026-09-21T07:14:24.587974+00:00
VNINDEX,1D,2007-08-30,1188439200,901.0,905.0,899.0,904.0,4098470,1,dnse,2026-09-21T07:14:24.587974+00:00
VNINDEX,1D,2007-08-31,1188525600,905.0,910.0,905.0,908.0,6264420,1,dnse,2026-09-21T07:14:24.587974+00:00
VNINDEX,1D,2007-09-04,1188871200,920.0,930.0,920.0,930.0,5673710,1,dnse,2026-09-21T07:14:24.587974+00:00
VNINDEX,1D,2007-09-05,1188957600,939.0,939.0,926.0,926.0,6789000,1,dnse,2026-09-21T07:14:24.587974+00:00
VNINDEX,1D,2007-09-06,1189044000,926.0,928.0,926.0,928.0,6233390,1,dnse,2026-09-21T07:14:24.587974+00:00
VNINDEX,1D,2007-09-07,1189130400,930.0,934.0,930.0,934.0,6208740,1,dnse,2026-09-21T07:14:24.587974+00:00
VNINDEX,1D,2007-09-10,1189389600,933.0,933.0,927.0,927.0,5534110,1,dnse,2026-09-21T07:14:24.587974+00:00
VNINDEX,1D,2007-09-11,1189476000,925.0,925.0,920.0,920.0,5771660,1,dnse,2026-09-21T07:14:24.587974+00:00
VNINDEX,1D,2007-09-12,1189562400,923.0,924.0,921.0,921.0,6332870,1,dnse,2026-09-21T07:14:24.587974+00:00
VNINDEX,1D,2007-09-13,1189648800,921.0,921.0,921.0,921.0,4870380,1,dnse,2026-09-21T07:14:24.587974+00:00
VNINDEX,1D,2007-09-14,1189735200,924.0,930.0,924.0,930.0,5115070,1,dnse,2026-09-21T07:14:24.587974+00:00
VNINDEX,1D,2007-09-17,1189994400,932.0,935.0,932.0,935.0,5543960,1,dnse,2026-09-21T07:14:24.587974+00:00
VNINDEX,1D,2007-09-18,1190080800,934.0,935.0,934.0,935.0,6276630,1,dnse,2026-09-21T07:14:24.587974+00:00
VNINDEX,1D,2007-09-19,1190167200,943.0,946.0,943.0,946.0,6464750,1,dnse,2026-09-21T07:14:24.587974+00:00
VNINDEX,1D,2007-09-20,1190253600,961.0,964.0,961.0,964.0,9618100,1,dnse,2026-09-21T07:14:24.587974+00:00
VNINDEX,1D,2007-09-21,1190340000,965.0,965.0,959.0,959.0,10347010,1,dnse,2026-09-21T07:14:24.587974+00:00
VNINDEX,1D,2007-09-24,1190599200,968.0,976.0,968.0,976.0,9424070,1,dnse,2026-09-21T07:14:24.587974+00:00
VNINDEX,1D,2007-09-25,1190685600,1006.0,1010.0,1006.0,1010.0,12021490,1,dnse,2026-09-21T07:14:24.587974+00:00
VNINDEX,1D,2007-09-26,1190772000,1030.0,1030.0,1015.0,1016.0,13588520,1,dnse,2026-09-21T07:14:24.587974+00:00
VNINDEX,1D,2007-09-27,1190858400,1012.0,1014.0,1012.0,1014.0,10897620,1,dnse,2026-09-21T07:14:24.587974+00:00
VNINDEX,1D,2007-09-28,1190944800,1031.0,1047.0,1031.0,1047.0,14138920,1,dnse,2026-09-21T07:14:24.587974+00:00
VNINDEX,1D,2007-10-01,1191204000,1073.0,1084.0,1073.0,1084.0,13331540,1,dnse,2026-09-21T07:14:24.587974+00:00
VNINDEX,1D,2007-10-02,1191290400,1097.0,1099.0,1092.0,1099.0,16073350,1,dnse,2026-09-21T07:14:24.587974+00:00
VNINDEX,1D,2007-10-03,1191376800,1099.0,1107.0,1099.0,1107.0,13407700,1,dnse,2026-09-21T07:14:24.587974+00:00
VNINDEX,1D,2007-10-04,1191463200,1108.0,1108.0,1088.0,1088.0,14169190,1,dnse,2026-09-21T07:14:24.587974+00:00
VNINDEX,1D,2007-10-05,1191549600,1087.0,1087.0,1082.0,1082.0,13753700,1,dnse,2026-09-21T07:14:24.587974+00:00
VNINDEX,1D,2007-10-08,1191808800,1085.0,1088.0,1085.0,1085.0,12581270,1,dnse,2026-09-21T07:14:24.587974+00:00
VNINDEX,1D,2007-10-09,1191895200,1093.0,1097.0,1093.0,1097.0,13341890,1,dnse,2026-09-21T07:14:24.587974+00:00
VNINDEX,1D,2007-10-10,1191981600,1111.0,1111.0,1105.0,1105.0,11789350,1,dnse,2026-09-21T07:14:24.587974+00:00
VNINDEX,1D,2007-10-11,1192068000,1107.0,1107.0,1099.0,1099.0,11307770,1,dnse,2026-09-21T07:14:24.587974+00:00
VNINDEX,1D,2007-10-12,1192154400,1098.0,1105.0,1098.0,1105.0,12763490,1,dnse,2026-09-21T07:14:24.587974+00:00
VNINDEX,1D,2007-10-15,1192413600,1104.0,1105.0,1104.0,1105.0,11317810,1,dnse,2026-09-21T07:14:24.587974+00:00
VNINDEX,1D,2007-10-16,1192500000,1107.0,1107.0,1104.0,1104.0,11844080,1,dnse,2026-09-21T07:14:24.587974+00:00
VNINDEX,1D,2007-10-17,1192586400,1106.0,1107.0,1101.0,1101.0,12719330,1,dnse,2026-09-21T07:14:24.587974+00:00
VNINDEX,1D,2007-10-18,1192672800,1095.0,1095.0,1089.0,1089.0,12882280,1,dnse,2026-09-21T07:14:24.587974+00:00
VNINDEX,1D,2007-10-19,1192759200,1078.0,1097.0,1078.0,1097.0,11134710,1,dnse,2026-09-21T07:14:24.587974+00:00
VNINDEX,1D,2007-10-22,1193018400,1092.0,1092.0,1086.0,1086.0,9799430,1,dnse,2026-09-21T07:14:24.587974+00:00
VNINDEX,1D,2007-10-23,1193104800,1079.0,1079.0,1075.0,1075.0,9980580,1,dnse,2026-09-21T07:14:24.587974+00:00
VNINDEX,1D,2007-10-24,1193191200,1080.0,1096.0,1080.0,1096.0,10044240,1,dnse,2026-09-21T07:14:24.587974+00:00
VNINDEX,1D,2007-10-25,1193277600,1103.0,1103.0,1096.0,1096.0,11323150,1,dnse,2026-09-21T07:14:24.587974+00:00
VNINDEX,1D,2007-10-26,1193364000,1095.0,1095.0,1092.0,1092.0,11370340,1,dnse,2026-09-21T07:14:24.587974+00:00
VNINDEX,1D,2007-10-29,1193623200,1078.0,1078.0,1064.0,1064.0,14098100,1,dnse,2026-09-21T07:14:24.587974+00:00
VNINDEX,1D,2007-10-30,1193709600,1068.0,1071.0,1068.0,1070.0,11226940,1,dnse,2026-09-21T07:14:24.587974+00:00
VNINDEX,1D,2007-10-31,1193796000,1066.0,1072.0,1065.0,1065.0,10967620,1,dnse,2026-09-21T07:14:24.587974+00:00
VNINDEX,1D,2007-11-01,1193882400,1074.0,1079.0,1073.0,1076.0,10069520,1,dnse,2026-09-21T07:14:24.587974+00:00
VNINDEX,1D,2007-11-02,1193968800,1075.0,1075.0,1067.0,1067.0,10449640,1,dnse,2026-09-21T07:14:24.587974+00:00
VNINDEX,1D,2007-11-05,1194228000,1045.0,1055.0,1045.0,1047.0,13976900,1,dnse,2026-09-21T07:14:24.587974+00:00
VNINDEX,1D,2007-11-06,1194314400,1037.0,1037.0,1032.0,1032.0,11111590,1,dnse,2026-09-21T07:14:24.587974+00:00
VNINDEX,1D,2007-11-07,1194400800,1026.0,1037.0,1026.0,1031.0,12822220,1,dnse,2026-09-21T07:14:24.587974+00:00
VNINDEX,1D,2007-11-08,1194487200,1032.0,1034.0,1024.0,1026.0,8231280,1,dnse,2026-09-21T07:14:24.587974+00:00
VNINDEX,1D,2007-11-09,1194573600,1012.0,1018.0,1011.0,1018.0,11505820,1,dnse,2026-09-21T07:14:24.587974+00:00
VNINDEX,1D,2007-11-12,1194832800,1012.0,1015.0,1006.0,1006.0,9424150,1,dnse,2026-09-21T07:14:24.587974+00:00
VNINDEX,1D,2007-11-13,1194919200,999.0,999.0,974.0,974.0,12839120,1,dnse,2026-09-21T07:14:24.587974+00:00
VNINDEX,1D,2007-11-14,1195005600,987.0,1008.0,987.0,994.0,12808490,1,dnse,2026-09-21T07:14:24.587974+00:00
VNINDEX,1D,2007-11-15,1195092000,1007.0,1008.0,1000.0,1003.0,12715190,1,dnse,2026-09-21T07:14:24.587974+00:00
VNINDEX,1D,2007-11-16,1195178400,996.0,1001.0,996.0,998.0,8028320,1,dnse,2026-09-21T07:14:24.587974+00:00
VNINDEX,1D,2007-11-19,1195437600,996.0,999.0,996.0,999.0,6406450,1,dnse,2026-09-21T07:14:24.587974+00:00
VNINDEX,1D,2007-11-20,1195524000,984.0,987.0,983.0,984.0,7086490,1,dnse,2026-09-21T07:14:24.587974+00:00
VNINDEX,1D,2007-11-21,1195610400,964.0,972.0,964.0,971.0,8405070,1,dnse,2026-09-21T07:14:24.587974+00:00
VNINDEX,1D,2007-11-22,1195696800,978.0,984.0,976.0,977.0,7226680,1,dnse,2026-09-21T07:14:24.587974+00:00
VNINDEX,1D,2007-11-23,1195783200,979.0,981.0,974.0,976.0,6357310,1,dnse,2026-09-21T07:14:24.587974+00:00
VNINDEX,1D,2007-11-26,1196042400,982.0,991.0,981.0,991.0,9189060,1,dnse,2026-09-21T07:14:24.587974+00:00
VNINDEX,1D,2007-11-27,1196128800,999.0,999.0,988.0,988.0,7979180,1,dnse,2026-09-21T07:14:24.587974+00:00
VNINDEX,1D,2007-11-28,1196215200,989.0,990.0,985.0,985.0,6779460,1,dnse,2026-09-21T07:14:24.587974+00:00
VNINDEX,1D,2007-11-29,1196301600,985.0,987.0,980.0,980.0,6741150,1,dnse,2026-09-21T07:14:24.587974+00:00
VNINDEX,1D,2007-11-30,1196388000,973.0,980.0,972.0,972.0,8267420,1,dnse,2026-09-21T07:14:24.587974+00:00
VNINDEX,1D,2007-12-03,1196647200,978.0,988.0,978.0,988.0,8220190,1,dnse,2026-09-21T07:14:24.587974+00:00
VNINDEX,1D,2007-12-04,1196733600,991.0,993.0,989.0,989.0,9313430,1,dnse,2026-09-21T07:14:24.587974+00:00
VNINDEX,1D,2007-12-05,1196820000,982.0,982.0,976.0,976.0,7609570,1,dnse,2026-09-21T07:14:24.587974+00:00
VNINDEX,1D,2007-12-06,1196906400,974.0,974.0,971.0,974.0,5878330,1,dnse,2026-09-21T07:14:24.587974+00:00
VNINDEX,1D,2007-12-07,1196992800,970.0,977.0,970.0,975.0,6455380,1,dnse,2026-09-21T07:14:24.587974+00:00
VNINDEX,1D,2007-12-10,1197252000,967.0,968.0,958.0,958.0,6210520,1,dnse,2026-09-21T07:14:24.587974+00:00
VNINDEX,1D,2007-12-11,1197338400,949.0,949.0,941.0,941.0,7389530,1,dnse,2026-09-21T07:14:24.587974+00:00
VNINDEX,1D,2007-12-12,1197424800,936.0,953.0,936.0,946.0,7460800,1,dnse,2026-09-21T07:14:24.587974+00:00
VNINDEX,1D,2007-12-13,1197511200,942.0,942.0,930.0,930.0,5793160,1,dnse,2026-09-21T07:14:24.587974+00:00
VNINDEX,1D,2007-12-14,1197597600,924.0,928.0,922.0,922.0,5404390,1,dnse,2026-09-21T07:14:24.587974+00:00
VNINDEX,1D,2007-12-17,1197856800,919.0,920.0,911.0,911.0,5599770,1,dnse,2026-09-21T07:14:24.587974+00:00
VNINDEX,1D,2007-12-18,1197943200,911.0,920.0,910.0,920.0,7068380,1,dnse,2026-09-21T07:14:24.587974+00:00
VNINDEX,1D,2007-12-19,1198029600,933.0,947.0,933.0,947.0,8299280,1,dnse,2026-09-21T07:14:24.587974+00:00
VNINDEX,1D,2007-12-20,1198116000,949.0,949.0,930.0,930.0,7018570,1,dnse,2026-09-21T07:14:24.587974+00:00
VNINDEX,1D,2007-12-21,1198202400,930.0,936.0,930.0,935.0,6655160,1,dnse,2026-09-21T07:14:24.587974+00:00
VNINDEX,1D,2007-12-24,1198461600,934.0,935.0,930.0,931.0,5457610,1,dnse,2026-09-21T07:14:24.587974+00:00
VNINDEX,1D,2007-12-25,1198548000,925.0,925.0,918.0,918.0,5831860,1,dnse,2026-09-21T07:14:24.587974+00:00
VNINDEX,1D,2007-12-26,1198634400,917.0,924.0,916.0,924.0,5510840,1,dnse,2026-09-21T07:14:24.587974+00:00
VNINDEX,1D,2007-12-27,1198720800,923.0,925.0,922.0,922.0,5449580,1,dnse,2026-09-21T07:14:24.587974+00:00
VNINDEX,1D,2007-12-28,1198807200,921.0,927.0,921.0,927.0,5296830,1,dnse,2026-09-21T07:14:24.587974+00:00
VNINDEX,1D,2008-01-02,1199239200,926.0,926.0,921.0,921.0,4543630,1,dnse,2026-09-21T07:14:24.587974+00:00
VNINDEX,1D,2008-01-03,1199325600,914.0,915.0,908.0,908.0,4850620,1,dnse,2026-09-21T07:14:24.587974+00:00
VNINDEX,1D,2008-01-04,1199412000,905.0,905.0,903.0,903.0,4409690,1,dnse,2026-09-21T07:14:24.587974+00:00
VNINDEX,1D,2008-01-07,1199671200,900.0,900.0,884.0,887.0,6177560,1,dnse,2026-09-21T07:14:24.587974+00:00
VNINDEX,1D,2008-01-08,1199757600,893.0,899.0,893.0,894.0,5919770,1,dnse,2026-09-21T07:14:24.587974+00:00
VNINDEX,1D,2008-01-09,1199844000,889.0,889.0,878.0,878.0,6115760,1,dnse,2026-09-21T07:14:24.587974+00:00
VNINDEX,1D,2008-01-10,1199930400,858.0,859.0,850.0,850.0,10101130,1,dnse,2026-09-21T07:14:24.587974+00:00
VNINDEX,1D,2008-01-11,1200016800,861.0,868.0,860.0,861.0,7088110,1,dnse,2026-09-21T07:14:24.587974+00:00
VNINDEX,1D,2008-01-14,1200276000,859.0,859.0,841.0,841.0,7000570,1,dnse,2026-09-21T07:14:24.587974+00:00
VNINDEX,1D,2008-01-15,1200362400,819.0,820.0,808.0,809.0,9382680,1,dnse,2026-09-21T07:14:24.587974+00:00
VNINDEX,1D,2008-01-16,1200448800,836.0,846.0,835.0,846.0,9010790,1,dnse,2026-09-21T07:14:24.587974+00:00
VNINDEX,1D,2008-01-17,1200535200,862.0,862.0,831.0,834.0,9950270,1,dnse,2026-09-21T07:14:24.587974+00:00
VNINDEX,1D,2008-01-18,1200621600,831.0,847.0,828.0,847.0,5602330,1,dnse,2026-09-21T07:14:24.587974+00:00
VNINDEX,1D,2008-01-21,1200880800,839.0,839.0,834.0,834.0,5195510,1,dnse,2026-09-21T07:14:24.587974+00:00
VNINDEX,1D,2008-01-22,1200967200,808.0,813.0,808.0,808.0,7393800,1,dnse,2026-09-21T07:14:24.587974+00:00
VNINDEX,1D,2008-01-23,1201053600,786.0,787.0,775.0,777.0,8336830,1,dnse,2026-09-21T07:14:24.587974+00:00
VNINDEX,1D,2008-01-24,1201140000,786.0,791.0,764.0,764.0,8074170,1,dnse,2026-09-21T07:14:24.587974+00:00
VNINDEX,1D,2008-01-25,1201226400,764.0,779.0,763.0,776.0,6206740,1,dnse,2026-09-21T07:14:24.587974+00:00
VNINDEX,1D,2008-01-28,1201485600,782.0,785.0,776.0,785.0,6407110,1,dnse,2026-09-21T07:14:24.587974+00:00
VNINDEX,1D,2008-01-29,1201572000,787.0,812.0,786.0,812.0,8662410,1,dnse,2026-09-21T07:14:24.587974+00:00
VNINDEX,1D,2008-01-30,1201658400,845.0,849.0,843.0,843.0,10961810,1,dnse,2026-09-21T07:14:24.587974+00:00
VNINDEX,1D,2008-01-31,1201744800,832.0,844.0,826.0,844.0,12386380,1,dnse,2026-09-21T07:14:24.587974+00:00
VNINDEX,1D,2008-02-01,1201831200,854.0,860.0,852.0,860.0,10929330,1,dnse,2026-09-21T07:14:24.587974+00:00
VNINDEX,1D,2008-02-12,1202781600,857.0,857.0,840.0,841.0,6027010,1,dnse,2026-09-21T07:14:24.587974+00:00
VNINDEX,1D,2008-02-13,1202868000,831.0,831.0,818.0,818.0,7012110,1,dnse,2026-09-21T07:14:24.587974+00:00
VNINDEX,1D,2008-02-14,1202954400,824.0,833.0,823.0,823.0,7075510,1,dnse,2026-09-21T07:14:24.587974+00:00
VNINDEX,1D,2008-02-15,1203040800,821.0,821.0,814.0,816.0,5580320,1,dnse,2026-09-21T07:14:24.587974+00:00
VNINDEX,1D,2008-02-18,1203300000,785.0,786.0,781.0,783.0,11864060,1,dnse,2026-09-21T07:14:24.587974+00:00
VNINDEX,1D,2008-02-19,1203386400,764.0,781.0,764.0,777.0,8701260,1,dnse,2026-09-21T07:14:24.587974+00:00
VNINDEX,1D,2008-02-20,1203472800,775.0,776.0,745.0,745.0,9454220,1,dnse,2026-09-21T07:14:24.587974+00:00
VNINDEX,1D,2008-02-21,1203559200,712.0,712.0,710.0,710.0,7424120,1,dnse,2026-09-21T07:14:24.587974+00:00
VNINDEX,1D,2008-02-22,1203645600,678.0,687.0,678.0,687.0,13878440,1,dnse,2026-09-21T07:14:24.587974+00:00
VNINDEX,1D,2008-02-25,1203904800,706.0,715.0,706.0,715.0,11418200,1,dnse,2026-09-21T07:14:24.587974+00:00
VNINDEX,1D,2008-02-26,1203991200,715.0,715.0,693.0,693.0,11049330,1,dnse,2026-09-21T07:14:24.587974+00:00
VNINDEX,1D,2008-02-27,1204077600,681.0,705.0,681.0,686.0,8388650,1,dnse,2026-09-21T07:14:24.587974+00:00
VNINDEX,1D,2008-02-28,1204164000,688.0,689.0,678.0,678.0,8434530,1,dnse,2026-09-21T07:14:24.587974+00:00
VNINDEX,1D,2008-02-29,1204250400,670.0,672.0,662.0,663.0,10351870,1,dnse,2026-09-21T07:14:24.587974+00:00
VNINDEX,1D,2008-03-03,1204509600,646.0,646.0,634.0,635.0,9393810,1,dnse,2026-09-21T07:14:24.587974+00:00
VNINDEX,1D,2008-03-04,1204596000,608.0,609.0,606.0,609.0,6939890,1,dnse,2026-09-21T07:14:24.587974+00:00
VNINDEX,1D,2008-03-05,1204682400,581.0,583.0,580.0,583.0,9009920,1,dnse,2026-09-21T07:14:24.587974+00:00
VNINDEX,1D,2008-03-06,1204768800,610.0,611.0,610.0,611.0,8845120,1,dnse,2026-09-21T07:14:24.587974+00:00
VNINDEX,1D,2008-03-07,1204855200,638.0,640.0,638.0,640.0,8169220,1,dnse,2026-09-21T07:14:24.587974+00:00
VNINDEX,1D,2008-03-10,1205114400,668.0,669.0,658.0,658.0,23093020,1,dnse,2026-09-21T07:14:24.587974+00:00
VNINDEX,1D,2008-03-11,1205200800,643.0,644.0,639.0,639.0,13842800,1,dnse,2026-09-21T07:14:24.587974+00:00
VNINDEX,1D,2008-03-12,1205287200,632.0,654.0,632.0,644.0,12166910,1,dnse,2026-09-21T07:14:24.587974+00:00
VNINDEX,1D,2008-03-13,1205373600,655.0,655.0,645.0,648.0,8930090,1,dnse,2026-09-21T07:14:24.587974+00:00
VNINDEX,1D,2008-03-14,1205460000,640.0,644.0,640.0,644.0,8379060,1,dnse,2026-09-21T07:14:24.587974+00:00
VNINDEX,1D,2008-03-17,1205719200,623.0,624.0,616.0,616.0,10225420,1,dnse,2026-09-21T07:14:24.587974+00:00
VNINDEX,1D,2008-03-18,1205805600,589.0,590.0,588.0,588.0,7662260,1,dnse,2026-09-21T07:14:24.587974+00:00
VNINDEX,1D,2008-03-19,1205892000,585.0,592.0,573.0,573.0,17338000,1,dnse,2026-09-21T07:14:24.587974+00:00
VNINDEX,1D,2008-03-20,1205978400,568.0,576.0,565.0,565.0,9957530,1,dnse,2026-09-21T07:14:24.587974+00:00
VNINDEX,1D,2008-03-21,1206064800,553.0,554.0,546.0,546.0,10334890,1,dnse,2026-09-21T07:14:24.587974+00:00
VNINDEX,1D,2008-03-24,1206324000,525.0,525.0,521.0,521.0,7352510,1,dnse,2026-09-21T07:14:24.587974+00:00
VNINDEX,1D,2008-03-25,1206410400,497.0,497.0,497.0,497.0,6675490,1,dnse,2026-09-21T07:14:24.587974+00:00
VNINDEX,1D,2008-03-26,1206496800,495.0,505.0,495.0,505.0,17917220,1,dnse,2026-09-21T07:14:24.587974+00:00
VNINDEX,1D,2008-03-27,1206583200,508.0,509.0,508.0,509.0,5568080,1,dnse,2026-09-21T07:14:24.587974+00:00
VNINDEX,1D,2008-03-28,1206669600,512.0,513.0,512.0,513.0,2589490,1,dnse,2026-09-21T07:14:24.587974+00:00
VNINDEX,1D,2008-03-31,1206928800,517.0,517.0,517.0,517.0,2153030,1,dnse,2026-09-21T07:14:24.587974+00:00
VNINDEX,1D,2008-04-01,1207015200,521.0,521.0,521.0,521.0,1426080,1,dnse,2026-09-21T07:14:24.587974+00:00
VNINDEX,1D,2008-04-02,1207101600,524.0,525.0,524.0,525.0,705040,1,dnse,2026-09-21T07:14:24.587974+00:00
VNINDEX,1D,2008-04-03,1207188000,528.0,529.0,528.0,529.0,829010,1,dnse,2026-09-21T07:14:24.587974+00:00
VNINDEX,1D,2008-04-04,1207274400,532.0,533.0,532.0,533.0,785120,1,dnse,2026-09-21T07:14:24.587974+00:00
VNINDEX,1D,2008-04-07,1207533600,541.0,542.0,541.0,542.0,1927800,1,dnse,2026-09-21T07:14:24.587974+00:00
VNINDEX,1D,2008-04-08,1207620000,551.0,551.0,544.0,549.0,24373260,1,dnse,2026-09-21T07:14:24.587974+00:00
VNINDEX,1D,2008-04-09,1207706400,552.0,552.0,550.0,552.0,10436750,1,dnse,2026-09-21T07:14:24.587974+00:00
VNINDEX,1D,2008-04-10,1207792800,549.0,549.0,544.0,546.0,8146560,1,dnse,2026-09-21T07:14:24.587974+00:00
VNINDEX,1D,2008-04-11,1207879200,538.0,539.0,537.0,539.0,7557750,1,dnse,2026-09-21T07:14:24.587974+00:00
VNINDEX,1D,2008-04-16,1208311200,531.0,532.0,530.0,531.0,5543290,1,dnse,2026-09-21T07:14:24.587974+00:00
VNINDEX,1D,2008-04-17,1208397600,524.0,538.0,523.0,538.0,11660700,1,dnse,2026-09-21T07:14:24.587974+00:00
VNINDEX,1D,2008-04-18,1208484000,540.0,540.0,535.0,537.0,9533570,1,dnse,2026-09-21T07:14:24.587974+00:00
VNINDEX,1D,2008-04-21,1208743200,535.0,535.0,533.0,535.0,4993620,1,dnse,2026-09-21T07:14:24.587974+00:00
VNINDEX,1D,2008-04-22,1208829600,530.0,531.0,529.0,531.0,4028030,1,dnse,2026-09-21T07:14:24.587974+00:00
VNINDEX,1D,2008-04-23,1208916000,524.0,524.0,522.0,522.0,4324350,1,dnse,2026-09-21T07:14:24.587974+00:00
VNINDEX,1D,2008-04-24,1209002400,515.0,518.0,515.0,518.0,6461260,1,dnse,2026-09-21T07:14:24.587974+00:00
VNINDEX,1D,2008-04-25,1209088800,514.0,516.0,514.0,516.0,6838240,1,dnse,2026-09-21T07:14:24.587974+00:00
VNINDEX,1D,2008-04-28,1209348000,515.0,520.0,514.0,519.0,8410120,1,dnse,2026-09-21T07:14:24.587974+00:00
VNINDEX,1D,2008-04-29,1209434400,524.0,524.0,520.0,522.0,8894480,1,dnse,2026-09-21T07:14:24.587974+00:00
VNINDEX,1D,2008-05-05,1209952800,523.0,524.0,521.0,521.0,4725790,1,dnse,2026-09-21T07:14:24.587974+00:00
VNINDEX,1D,2008-05-06,1210039200,518.0,518.0,516.0,518.0,4989110,1,dnse,2026-09-21T07:14:24.587974+00:00
VNINDEX,1D,2008-05-07,1210125600,515.0,515.0,511.0,515.0,5898390,1,dnse,2026-09-21T07:14:24.587974+00:00
VNINDEX,1D,2008-05-08,1210212000,507.0,508.0,506.0,508.0,4312830,1,dnse,2026-09-21T07:14:24.587974+00:00
VNINDEX,1D,2008-05-09,1210298400,500.0,500.0,500.0,500.0,2739340,1,dnse,2026-09-21T07:14:24.587974+00:00
VNINDEX,1D,2008-05-12,1210557600,493.0,493.0,492.0,492.0,2156610,1,dnse,2026-09-21T07:14:24.587974+00:00
VNINDEX,1D,2008-05-13,1210644000,485.0,485.0,484.0,484.0,1041790,1,dnse,2026-09-21T07:14:24.587974+00:00
VNINDEX,1D,2008-05-14,1210730400,477.0,477.0,476.0,476.0,900580,1,dnse,2026-09-21T07:14:24.587974+00:00
VNINDEX,1D,2008-05-15,1210816800,469.0,469.0,467.0,467.0,1347360,1,dnse,2026-09-21T07:14:24.587974+00:00
VNINDEX,1D,2008-05-16,1210903200,460.0,462.0,459.0,460.0,7625620,1,dnse,2026-09-21T07:14:24.587974+00:00
VNINDEX,1D,2008-05-19,1211162400,454.0,456.0,454.0,456.0,3316000,1,dnse,2026-09-21T07:14:24.587974+00:00
VNINDEX,1D,2008-05-20,1211248800,450.0,450.0,449.0,449.0,2556160,1,dnse,2026-09-21T07:14:24.587974+00:00
VNINDEX,1D,2008-05-21,1211335200,442.0,442.0,442.0,442.0,2559880,1,dnse,2026-09-21T07:14:24.587974+00:00
VNINDEX,1D,2008-05-22,1211421600,436.0,436.0,435.0,435.0,2811850,1,dnse,2026-09-21T07:14:24.587974+00:00
VNINDEX,1D,2008-05-23,1211508000,428.0,428.0,428.0,428.0,3140160,1,dnse,2026-09-21T07:14:24.587974+00:00
VNINDEX,1D,2008-05-26,1211767200,422.0,422.0,421.0,421.0,1486410,1,dnse,2026-09-21T07:14:24.587974+00:00
VNINDEX,1D,2008-05-30,1212112800,414.0,414.0,414.0,414.0,2664330,1,dnse,2026-09-21T07:14:24.587974+00:00
VNINDEX,1D,2008-06-02,1212372000,408.0,408.0,408.0,408.0,1075090,1,dnse,2026-09-21T07:14:24.587974+00:00
VNINDEX,1D,2008-06-03,1212458400,402.0,402.0,401.0,401.0,1036240,1,dnse,2026-09-21T07:14:24.587974+00:00
VNINDEX,1D,2008-06-04,1212544800,396.0,396.0,395.0,396.0,1261860,1,dnse,2026-09-21T07:14:24.587974+00:00
VNINDEX,1D,2008-06-05,1212631200,391.0,391.0,390.0,390.0,1255200,1,dnse,2026-09-21T07:14:24.587974+00:00
VNINDEX,1D,2008-06-06,1212717600,385.0,385.0,384.0,384.0,1535360,1,dnse,2026-09-21T07:14:24.587974+00:00
VNINDEX,1D,2008-06-09,1212976800,380.0,380.0,379.0,379.0,870500,1,dnse,2026-09-21T07:14:24.587974+00:00
VNINDEX,1D,2008-06-10,1213063200,374.0,374.0,373.0,373.0,1148220,1,dnse,2026-09-21T07:14:24.587974+00:00
VNINDEX,1D,2008-06-11,1213149600,368.0,371.0,368.0,370.0,10250660,1,dnse,2026-09-21T07:14:24.587974+00:00
VNINDEX,1D,2008-06-12,1213236000,369.0,371.0,368.0,371.0,6190740,1,dnse,2026-09-21T07:14:24.587974+00:00
VNINDEX,1D,2008-06-13,1213322400,371.0,374.0,371.0,373.0,9861360,1,dnse,2026-09-21T07:14:24.587974+00:00
VNINDEX,1D,2008-06-16,1213581600,376.0,379.0,376.0,378.0,11087640,1,dnse,2026-09-21T07:14:24.587974+00:00
VNINDEX,1D,2008-06-17,1213668000,384.0,385.0,384.0,385.0,7082560,1,dnse,2026-09-21T07:14:24.587974+00:00
VNINDEX,1D,2008-06-18,1213754400,389.0,389.0,381.0,382.0,21154850,1,dnse,2026-09-21T07:14:24.587974+00:00
VNINDEX,1D,2008-06-19,1213840800,373.0,373.0,373.0,373.0,5080040,1,dnse,2026-09-21T07:14:24.587974+00:00
VNINDEX,1D,2008-06-20,1213927200,365.0,366.0,364.0,366.0,6878720,1,dnse,2026-09-21T07:14:24.587974+00:00
VNINDEX,1D,2008-06-23,1214186400,367.0,370.0,367.0,369.0,9257330,1,dnse,2026-09-21T07:14:24.587974+00:00
VNINDEX,1D,2008-06-24,1214272800,373.0,376.0,373.0,376.0,6483900,1,dnse,2026-09-21T07:14:24.587974+00:00
VNINDEX,1D,2008-06-25,1214359200,382.0,384.0,382.0,384.0,6571390,1,dnse,2026-09-21T07:14:24.587974+00:00
VNINDEX,1D,2008-06-26,1214445600,393.0,393.0,383.0,386.0,13494960,1,dnse,2026-09-21T07:14:24.587974+00:00
VNINDEX,1D,2008-06-27,1214532000,385.0,393.0,385.0,393.0,7734100,1,dnse,2026-09-21T07:14:24.587974+00:00
VNINDEX,1D,2008-06-30,1214791200,395.0,399.0,395.0,399.0,6897900,1,dnse,2026-09-21T07:14:24.587974+00:00
VNINDEX,1D,2008-07-01,1214877600,406.0,410.0,406.0,410.0,8021730,1,dnse,2026-09-21T07:14:24.587974+00:00
VNINDEX,1D,2008-07-02,1214964000,418.0,420.0,417.0,419.0,12976090,1,dnse,2026-09-21T07:14:24.587974+00:00
VNINDEX,1D,2008-07-03,1215050400,429.0,430.0,429.0,430.0,8282900,1,dnse,2026-09-21T07:14:24.587974+00:00
VNINDEX,1D,2008-07-04,1215136800,441.0,441.0,440.0,440.0,9995160,1,dnse,2026-09-21T07:14:24.587974+00:00
VNINDEX,1D,2008-07-07,1215396000,448.0,448.0,432.0,436.0,24016960,1,dnse,2026-09-21T07:14:24.587974+00:00
VNINDEX,1D,2008-07-08,1215482400,427.0,437.0,426.0,437.0,14709440,1,dnse,2026-09-21T07:14:24.587974+00:00
VNINDEX,1D,2008-07-09,1215568800,439.0,441.0,439.0,440.0,14047760,1,dnse,2026-09-21T07:14:24.587974+00:00
VNINDEX,1D,2008-07-10,1215655200,444.0,447.0,444.0,447.0,12280500,1,dnse,2026-09-21T07:14:24.587974+00:00
VNINDEX,1D,2008-07-11,1215741600,454.0,457.0,454.0,457.0,11435280,1,dnse,2026-09-21T07:14:24.587974+00:00
VNINDEX,1D,2008-07-14,1216000800,466.0,468.0,466.0,468.0,7858730,1,dnse,2026-09-21T07:14:24.587974+00:00
VNINDEX,1D,2008-07-15,1216087200,480.0,480.0,479.0,480.0,9657160,1,dnse,2026-09-21T07:14:24.587974+00:00
VNINDEX,1D,2008-07-16,1216173600,487.0,487.0,477.0,487.0,33479690,1,dnse,2026-09-21T07:14:24.587974+00:00
VNINDEX,1D,2008-07-17,1216260000,493.0,493.0,490.0,490.0,12929800,1,dnse,2026-09-21T07:14:24.587974+00:00
VNINDEX,1D,2008-07-18,1216346400,480.0,487.0,480.0,483.0,25846350,1,dnse,2026-09-21T07:14:24.587974+00:00
VNINDEX,1D,2008-07-21,1216605600,473.0,473.0,470.0,471.0,14105170,1,dnse,2026-09-21T07:14:24.587974+00:00
VNINDEX,1D,2008-07-22,1216692000,461.0,461.0,458.0,458.0,1647240,1,dnse,2026-09-21T07:14:24.587974+00:00
VNINDEX,1D,2008-07-23,1216778400,451.0,451.0,446.0,446.0,1644530,1,dnse,2026-09-21T07:14:24.587974+00:00
VNINDEX,1D,2008-07-24,1216864800,436.0,441.0,434.0,436.0,22557110,1,dnse,2026-09-21T07:14:24.587974+00:00
VNINDEX,1D,2008-07-25,1216951200,428.0,429.0,427.0,429.0,8888450,1,dnse,2026-09-21T07:14:24.587974+00:00
VNINDEX,1D,2008-07-28,1217210400,426.0,435.0,426.0,435.0,13393330,1,dnse,2026-09-21T07:14:24.587974+00:00
VNINDEX,1D,2008-07-29,1217296800,443.0,445.0,443.0,444.0,13066180,1,dnse,2026-09-21T07:14:24.587974+00:00
VNINDEX,1D,2008-07-30,1217383200,448.0,448.0,447.0,448.0,19066860,1,dnse,2026-09-21T07:14:24.587974+00:00
VNINDEX,1D,2008-07-31,1217469600,447.0,451.0,445.0,451.0,12261080,1,dnse,2026-09-21T07:14:24.587974+00:00
VNINDEX,1D,2008-08-01,1217556000,447.0,450.0,446.0,447.0,11136740,1,dnse,2026-09-21T07:14:24.587974+00:00
VNINDEX,1D,2008-08-04,1217815200,439.0,441.0,438.0,439.0,11514420,1,dnse,2026-09-21T07:14:24.587974+00:00
VNINDEX,1D,2008-08-05,1217901600,430.0,430.0,429.0,430.0,9914390,1,dnse,2026-09-21T07:14:24.587974+00:00
VNINDEX,1D,2008-08-06,1217988000,431.0,437.0,431.0,437.0,15685970,1,dnse,2026-09-21T07:14:24.587974+00:00
VNINDEX,1D,2008-08-07,1218074400,447.0,447.0,439.0,439.0,16138900,1,dnse,2026-09-21T07:14:24.587974+00:00
VNINDEX,1D,2008-08-08,1218160800,442.0,444.0,439.0,444.0,13855730,1,dnse,2026-09-21T07:14:24.587974+00:00
VNINDEX,1D,2008-08-11,1218420000,455.0,455.0,454.0,455.0,13040980,1,dnse,2026-09-21T07:14:24.587974+00:00
VNINDEX,1D,2008-08-12,1218506400,464.0,465.0,456.0,460.0,21698800,1,dnse,2026-09-21T07:14:24.587974+00:00
VNINDEX,1D,2008-08-13,1218592800,460.0,465.0,457.0,464.0,19909170,1,dnse,2026-09-21T07:14:24.587974+00:00
VNINDEX,1D,2008-08-14,1218679200,470.0,476.0,470.0,476.0,18550500,1,dnse,2026-09-21T07:14:24.587974+00:00
VNINDEX,1D,2008-08-15,1218765600,489.0,489.0,489.0,489.0,8824290,1,dnse,2026-09-21T07:14:24.587974+00:00
VNINDEX,1D,2008-08-18,1219024800,504.14,508.48,504.14,508.05,18106750,1,dnse,2026-09-21T07:14:24.587974+00:00
VNINDEX,1D,2008-08-19,1219111200,521.0,521.0,507.0,512.0,32034240,1,dnse,2026-09-21T07:14:24.587974+00:00
VNINDEX,1D,2008-08-20,1219197600,498.0,515.0,498.0,508.0,30560540,1,dnse,2026-09-21T07:14:24.587974+00:00
VNINDEX,1D,2008-08-21,1219284000,513.0,526.0,511.0,526.0,23831770,1,dnse,2026-09-21T07:14:24.587974+00:00
VNINDEX,1D,2008-08-22,1219370400,536.0,537.0,527.0,527.0,21493410,1,dnse,2026-09-21T07:14:24.587974+00:00
VNINDEX,1D,2008-08-25,1219629600,545.0,548.0,543.0,548.0,18926500,1,dnse,2026-09-21T07:14:24.587974+00:00
VNINDEX,1D,2008-08-26,1219716000,568.0,569.0,562.0,562.0,15598530,1,dnse,2026-09-21T07:14:24.587974+00:00
VNINDEX,1D,2008-08-27,1219802400,569.0,576.0,562.0,562.0,28847870,1,dnse,2026-09-21T07:14:24.587974+00:00
VNINDEX,1D,2008-08-28,1219888800,550.0,551.0,547.0,548.0,35355960,1,dnse,2026-09-21T07:14:24.587974+00:00
VNINDEX,1D,2008-08-29,1219975200,533.0,539.0,531.0,539.0,30771040,1,dnse,2026-09-21T07:14:24.587974+00:00
VNINDEX,1D,2008-09-03,1220407200,553.0,559.0,553.0,555.0,16118760,1,dnse,2026-09-21T07:14:24.587974+00:00
VNINDEX,1D,2008-09-04,1220493600,557.0,559.0,550.0,559.0,28536610,1,dnse,2026-09-21T07:14:24.587974+00:00
VNINDEX,1D,2008-09-05,1220580000,551.0,553.0,547.0,547.0,19832940,1,dnse,2026-09-21T07:14:24.587974+00:00
VNINDEX,1D,2008-09-08,1220839200,528.0,536.0,527.0,533.0,34175000,1,dnse,2026-09-21T07:14:24.587974+00:00
VNINDEX,1D,2008-09-09,1220925600,533.0,542.0,525.0,525.0,28118610,1,dnse,2026-09-21T07:14:24.587974+00:00
VNINDEX,1D,2008-09-10,1221012000,530.0,530.0,509.0,514.0,26037190,1,dnse,2026-09-21T07:14:24.587974+00:00
VNINDEX,1D,2008-09-11,1221098400,499.0,500.0,497.0,497.0,15818230,1,dnse,2026-09-21T07:14:24.587974+00:00
VNINDEX,1D,2008-09-12,1221184800,477.0,479.0,475.0,476.0,14209980,1,dnse,2026-09-21T07:14:24.587974+00:00
VNINDEX,1D,2008-09-15,1221444000,470.0,493.0,470.0,477.0,28895380,1,dnse,2026-09-21T07:14:24.587974+00:00
VNINDEX,1D,2008-09-16,1221530400,466.0,466.0,456.0,456.0,15612530,1,dnse,2026-09-21T07:14:24.587974+00:00
VNINDEX,1D,2008-09-17,1221616800,436.0,439.0,436.0,437.0,13520670,1,dnse,2026-09-21T07:14:24.587974+00:00
VNINDEX,1D,2008-09-18,1221703200,417.0,419.0,417.0,419.0,9997780,1,dnse,2026-09-21T07:14:24.587974+00:00
VNINDEX,1D,2008-09-19,1221789600,434.0,439.0,434.0,439.0,23006060,1,dnse,2026-09-21T07:14:24.587974+00:00
VNINDEX,1D,2008-09-22,1222048800,460.0,460.0,460.0,460.0,7469270,1,dnse,2026-09-21T07:14:24.587974+00:00
VNINDEX,1D,2008-09-23,1222135200,456.0,475.0,453.0,466.0,37296700,1,dnse,2026-09-21T07:14:24.587974+00:00
VNINDEX,1D,2008-09-24,1222221600,461.0,466.0,455.0,455.0,12838380,1,dnse,2026-09-21T07:14:24.587974+00:00
VNINDEX,1D,2008-09-25,1222308000,459.0,470.0,459.0,470.0,17035000,1,dnse,2026-09-21T07:14:24.587974+00:00
VNINDEX,1D,2008-09-26,1222394400,490.0,490.0,476.0,484.0,21646310,1,dnse,2026-09-21T07:14:24.587974+00:00
VNINDEX,1D,2008-09-29,1222653600,477.0,487.0,472.0,479.0,18211300,1,dnse,2026-09-21T07:14:24.587974+00:00
VNINDEX,1D,2008-09-30,1222740000,457.0,457.0,457.0,457.0,4028610,1,dnse,2026-09-21T07:14:24.587974+00:00
VNINDEX,1D,2008-10-01,1222826400,463.0,464.0,448.0,454.0,18501690,1,dnse,2026-09-21T07:14:24.587974+00:00
VNINDEX,1D,2008-10-02,1222912800,466.0,467.0,454.0,460.0,14125430,1,dnse,2026-09-21T07:14:24.587974+00:00
VNINDEX,1D,2008-10-03,1222999200,449.0,457.0,449.0,452.0,10182880,1,dnse,2026-09-21T07:14:24.587974+00:00
VNINDEX,1D,2008-10-06,1223258400,437.0,437.0,432.0,434.0,13695670,1,dnse,2026-09-21T07:14:24.587974+00:00
VNINDEX,1D,2008-10-07,1223344800,414.0,415.0,414.0,414.0,9634280,1,dnse,2026-09-21T07:14:24.587974+00:00
VNINDEX,1D,2008-10-08,1223431200,397.0,402.0,397.0,401.0,14252100,1,dnse,2026-09-21T07:14:24.587974+00:00
VNINDEX,1D,2008-10-09,1223517600,390.0,410.0,390.0,398.0,20550390,1,dnse,2026-09-21T07:14:24.587974+00:00
VNINDEX,1D,2008-10-10,1223604000,379.0,382.0,379.0,379.0,15673590,1,dnse,2026-09-21T07:14:24.587974+00:00
VNINDEX,1D,2008-10-13,1223863200,378.0,381.0,371.0,372.0,12501440,1,dnse,2026-09-21T07:14:24.587974+00:00
VNINDEX,1D,2008-10-14,1223949600,382.0,389.0,382.0,389.0,8214550,1,dnse,2026-09-21T07:14:24.587974+00:00
VNINDEX,1D,2008-10-15,1224036000,400.0,400.0,389.0,397.0,23747270,1,dnse,2026-09-21T07:14:24.587974+00:00
VNINDEX,1D,2008-10-16,1224122400,380.0,388.0,380.0,385.0,12332640,1,dnse,2026-09-21T07:14:24.587974+00:00
VNINDEX,1D,2008-10-17,1224208800,386.0,386.0,382.0,383.0,10877850,1,dnse,2026-09-21T07:14:24.587974+00:00
VNINDEX,1D,2008-10-20,1224468000,377.0,378.0,371.0,371.0,10296200,1,dnse,2026-09-21T07:14:24.587974+00:00
VNINDEX,1D,2008-10-21,1224554400,380.0,380.0,373.0,380.0,14945820,1,dnse,2026-09-21T07:14:24.587974+00:00
VNINDEX,1D,2008-10-22,1224640800,370.0,375.0,370.0,375.0,9635690,1,dnse,2026-09-21T07:14:24.587974+00:00
VNINDEX,1D,2008-10-23,1224727200,361.0,363.0,359.0,360.0,12392000,1,dnse,2026-09-21T07:14:24.587974+00:00
VNINDEX,1D,2008-10-24,1224813600,347.0,348.0,345.0,345.0,11515800,1,dnse,2026-09-21T07:14:24.587974+00:00
VNINDEX,1D,2008-10-27,1225072800,329.0,330.0,329.0,329.0,11916940,1,dnse,2026-09-21T07:14:24.587974+00:00
VNINDEX,1D,2008-10-28,1225159200,314.0,323.0,314.0,323.0,15414820,1,dnse,2026-09-21T07:14:24.587974+00:00
VNINDEX,1D,2008-10-29,1225245600,337.0,337.0,329.0,332.0,19438910,1,dnse,2026-09-21T07:14:24.587974+00:00
VNINDEX,1D,2008-10-30,1225332000,330.0,337.0,328.0,337.0,15482080,1,dnse,2026-09-21T07:14:24.587974+00:00
VNINDEX,1D,2008-10-31,1225418400,343.0,347.0,343.0,347.0,11841670,1,dnse,2026-09-21T07:14:24.587974+00:00
VNINDEX,1D,2008-11-03,1225677600,349.0,351.0,344.0,348.0,15168130,1,dnse,2026-09-21T07:14:24.587974+00:00
VNINDEX,1D,2008-11-04,1225764000,349.0,363.0,349.0,361.0,17931470,1,dnse,2026-09-21T07:14:24.587974+00:00
VNINDEX,1D,2008-11-05,1225850400,378.0,378.0,377.0,378.0,14597490,1,dnse,2026-09-21T07:14:24.587974+00:00
VNINDEX,1D,2008-11-06,1225936800,372.0,388.0,370.0,380.0,28978580,1,dnse,2026-09-21T07:14:24.587974+00:00
VNINDEX,1D,2008-11-07,1226023200,366.0,372.0,365.0,366.0,16803770,1,dnse,2026-09-21T07:14:24.587974+00:00
VNINDEX,1D,2008-11-10,1226282400,368.0,372.0,366.0,366.0,14800470,1,dnse,2026-09-21T07:14:24.587974+00:00
VNINDEX,1D,2008-11-11,1226368800,356.0,357.0,351.0,352.0,13944010,1,dnse,2026-09-21T07:14:24.587974+00:00
VNINDEX,1D,2008-11-12,1226455200,339.0,342.0,339.0,342.0,11596480,1,dnse,2026-09-21T07:14:24.587974+00:00
VNINDEX,1D,2008-11-13,1226541600,335.0,348.0,335.0,346.0,13113660,1,dnse,2026-09-21T07:14:24.587974+00:00
VNINDEX,1D,2008-11-14,1226628000,357.0,357.0,352.0,352.0,13090700,1,dnse,2026-09-21T07:14:24.587974+00:00
VNINDEX,1D,2008-11-17,1226887200,347.0,349.0,345.0,345.0,8717380,1,dnse,2026-09-21T07:14:24.587974+00:00
VNINDEX,1D,2008-11-18,1226973600,339.0,342.0,338.0,341.0,9797510,1,dnse,2026-09-21T07:14:24.587974+00:00
VNINDEX,1D,2008-11-19,1227060000,343.0,343.0,337.0,337.0,8850100,1,dnse,2026-09-21T07:14:24.587974+00:00
VNINDEX,1D,2008-11-20,1227146400,327.0,329.0,325.0,326.0,13949080,1,dnse,2026-09-21T07:14:24.587974+00:00
VNINDEX,1D,2008-11-21,1227232800,315.0,322.0,315.0,319.0,15586400,1,dnse,2026-09-21T07:14:24.587974+00:00
VNINDEX,1D,2008-11-24,1227492000,323.0,323.0,317.0,317.0,11031670,1,dnse,2026-09-21T07:14:24.587974+00:00
VNINDEX,1D,2008-11-25,1227578400,320.0,320.0,318.0,320.0,10384120,1,dnse,2026-09-21T07:14:24.587974+00:00
VNINDEX,1D,2008-11-26,1227664800,318.0,318.0,312.0,312.0,9566850,1,dnse,2026-09-21T07:14:24.587974+00:00
VNINDEX,1D,2008-11-27,1227751200,309.0,310.0,304.0,304.0,12054370,1,dnse,2026-09-21T07:14:24.587974+00:00
VNINDEX,1D,2008-11-28,1227837600,311.0,315.0,311.0,315.0,11575470,1,dnse,2026-09-21T07:14:24.587974+00:00
VNINDEX,1D,2008-12-01,1228096800,313.0,317.0,310.0,315.0,9996430,1,dnse,2026-09-21T07:14:24.587974+00:00
VNINDEX,1D,2008-12-02,1228183200,306.0,308.0,306.0,307.0,7442530,1,dnse,2026-09-21T07:14:24.587974+00:00
VNINDEX,1D,2008-12-03,1228269600,308.0,308.0,304.0,306.0,7526120,1,dnse,2026-09-21T07:14:24.587974+00:00
VNINDEX,1D,2008-12-04,1228356000,306.0,311.0,306.0,309.0,9529320,1,dnse,2026-09-21T07:14:24.587974+00:00
VNINDEX,1D,2008-12-05,1228442400,304.0,304.0,299.0,300.0,9960810,1,dnse,2026-09-21T07:14:24.587974+00:00
VNINDEX,1D,2008-12-08,1228701600,292.0,292.0,288.0,289.0,9817210,1,dnse,2026-09-21T07:14:24.587974+00:00
VNINDEX,1D,2008-12-09,1228788000,286.0,293.0,286.0,293.0,8266370,1,dnse,2026-09-21T07:14:24.587974+00:00
VNINDEX,1D,2008-12-10,1228874400,290.0,290.0,287.0,287.0,6999430,1,dnse,2026-09-21T07:14:24.587974+00:00
VNINDEX,1D,2008-12-11,1228960800,286.0,289.0,284.0,289.0,7254460,1,dnse,2026-09-21T07:14:24.587974+00:00
VNINDEX,1D,2008-12-12,1229047200,296.0,300.0,295.0,300.0,11186550,1,dnse,2026-09-21T07:14:24.587974+00:00
VNINDEX,1D,2008-12-15,1229306400,308.0,308.0,304.0,308.0,9362850,1,dnse,2026-09-21T07:14:24.587974+00:00
VNINDEX,1D,2008-12-16,1229392800,306.0,306.0,296.0,296.0,11430030,1,dnse,2026-09-21T07:14:24.587974+00:00
VNINDEX,1D,2008-12-17,1229479200,295.0,302.0,293.0,301.0,10509610,1,dnse,2026-09-21T07:14:24.587974+00:00
VNINDEX,1D,2008-12-18,1229565600,301.0,306.0,300.0,306.0,10140760,1,dnse,2026-09-21T07:14:24.587974+00:00
VNINDEX,1D,2008-12-19,1229652000,305.0,310.0,305.0,307.0,10763720,1,dnse,2026-09-21T07:14:24.587974+00:00
VNINDEX,1D,2008-12-22,1229911200,314.0,315.0,310.0,310.0,10463800,1,dnse,2026-09-21T07:14:24.587974+00:00
VNINDEX,1D,2008-12-23,1229997600,304.0,305.0,302.0,304.0,11540100,1,dnse,2026-09-21T07:14:24.587974+00:00
VNINDEX,1D,2008-12-24,1230084000,299.0,304.0,299.0,304.0,8447610,1,dnse,2026-09-21T07:14:24.587974+00:00
VNINDEX,1D,2008-12-25,1230170400,304.0,304.0,302.0,302.0,6584780,1,dnse,2026-09-21T07:14:24.587974+00:00
VNINDEX,1D,2008-12-26,1230256800,301.0,304.0,300.0,304.0,7639350,1,dnse,2026-09-21T07:14:24.587974+00:00
VNINDEX,1D,2008-12-29,1230516000,306.0,309.0,306.0,309.0,7568350,1,dnse,2026-09-21T07:14:24.587974+00:00
VNINDEX,1D,2008-12-30,1230602400,311.0,316.0,310.0,316.0,13054420,1,dnse,2026-09-21T07:14:24.587974+00:00
VNINDEX,1D,2008-12-31,1230688800,319.0,319.0,314.0,316.0,13692890,1,dnse,2026-09-21T07:14:24.587974+00:00
VNINDEX,1D,2009-01-02,1230861600,312.49,313.34,312.18,313.34,5305000,1,dnse,2026-09-21T07:14:24.587974+00:00
VNINDEX,1D,2009-01-05,1231120800,308.77,311.91,308.25,311.91,7542850,1,dnse,2026-09-21T07:14:24.587974+00:00
VNINDEX,1D,2009-01-06,1231207200,312.91,315.02,312.88,314.04,11435090,1,dnse,2026-09-21T07:14:24.587974+00:00
VNINDEX,1D,2009-01-07,1231293600,320.4,322.59,319.29,319.58,14095390,1,dnse,2026-09-21T07:14:24.587974+00:00
VNINDEX,1D,2009-01-08,1231380000,315.92,318.79,313.04,314.15,12863470,1,dnse,2026-09-21T07:14:24.587974+00:00
VNINDEX,1D,2009-01-09,1231466400,313.75,313.82,312.12,313.4,7495830,1,dnse,2026-09-21T07:14:24.587974+00:00
VNINDEX,1D,2009-01-12,1231725600,311.24,312.65,310.33,312.18,5733900,1,dnse,2026-09-21T07:14:24.587974+00:00
VNINDEX,1D,2009-01-13,1231812000,308.57,309.16,306.92,307.13,7432920,1,dnse,2026-09-21T07:14:24.587974+00:00
VNINDEX,1D,2009-01-14,1231898400,306.14,310.33,306.14,307.98,6760660,1,dnse,2026-09-21T07:14:24.587974+00:00
VNINDEX,1D,2009-01-15,1231984800,304.31,305.54,304.01,304.01,5829210,1,dnse,2026-09-21T07:14:24.587974+00:00
VNINDEX,1D,2009-01-16,1232071200,305.72,307.1,305.04,306.12,6686790,1,dnse,2026-09-21T07:14:24.587974+00:00
VNINDEX,1D,2009-01-19,1232330400,305.89,306.38,304.53,304.98,4461740,1,dnse,2026-09-21T07:14:24.587974+00:00
VNINDEX,1D,2009-01-20,1232416800,303.11,303.53,302.74,302.86,5190080,1,dnse,2026-09-21T07:14:24.587974+00:00
VNINDEX,1D,2009-01-21,1232503200,300.92,301.97,300.02,300.04,4808310,1,dnse,2026-09-21T07:14:24.587974+00:00
VNINDEX,1D,2009-01-22,1232589600,300.68,302.29,300.68,301.12,4537350,1,dnse,2026-09-21T07:14:24.587974+00:00
VNINDEX,1D,2009-01-23,1232676000,300.38,303.21,300.38,303.21,4027570,1,dnse,2026-09-21T07:14:24.587974+00:00
VNINDEX,1D,2009-02-02,1233540000,301.12,301.29,297.52,297.52,4648400,1,dnse,2026-09-21T07:14:24.587974+00:00
VNINDEX,1D,2009-02-03,1233626400,291.6,292.18,288.69,288.69,8010140,1,dnse,2026-09-21T07:14:24.587974+00:00
VNINDEX,1D,2009-02-04,1233712800,286.83,290.99,286.11,286.11,5568690,1,dnse,2026-09-21T07:14:24.587974+00:00
VNINDEX,1D,2009-02-05,1233799200,284.34,284.34,277.81,277.81,7236650,1,dnse,2026-09-21T07:14:24.587974+00:00
VNINDEX,1D,2009-02-06,1233885600,279.74,281.63,277.06,281.63,7163930,1,dnse,2026-09-21T07:14:24.587974+00:00
VNINDEX,1D,2009-02-09,1234144800,285.55,287.83,284.29,287.57,5640640,1,dnse,2026-09-21T07:14:24.587974+00:00
VNINDEX,1D,2009-02-10,1234231200,282.82,283.15,281.6,282.02,5873970,1,dnse,2026-09-21T07:14:24.587974+00:00
VNINDEX,1D,2009-02-11,1234317600,275.06,276.71,274.83,276.22,7287020,1,dnse,2026-09-21T07:14:24.587974+00:00
VNINDEX,1D,2009-02-12,1234404000,275.37,277.83,275.37,276.09,8041900,1,dnse,2026-09-21T07:14:24.587974+00:00
VNINDEX,1D,2009-02-13,1234490400,274.21,275.29,274.21,274.51,5541050,1,dnse,2026-09-21T07:14:24.587974+00:00
VNINDEX,1D,2009-02-16,1234749600,274.86,274.91,272.07,272.31,5440700,1,dnse,2026-09-21T07:14:24.587974+00:00
VNINDEX,1D,2009-02-17,1234836000,268.76,269.3,263.07,263.07,9548010,1,dnse,2026-09-21T07:14:24.587974+00:00
VNINDEX,1D,2009-02-18,1234922400,255.18,256.74,254.2,255.09,10922920,1,dnse,2026-09-21T07:14:24.587974+00:00
VNINDEX,1D,2009-02-19,1235008800,257.31,258.21,253.37,254.85,9261080,1,dnse,2026-09-21T07:14:24.587974+00:00
VNINDEX,1D,2009-02-20,1235095200,252.42,252.57,250.54,252.57,7487330,1,dnse,2026-09-21T07:14:24.587974+00:00
VNINDEX,1D,2009-02-23,1235354400,247.04,247.64,243.81,244.02,9740090,1,dnse,2026-09-21T07:14:24.587974+00:00
VNINDEX,1D,2009-02-24,1235440800,236.57,236.7,234.66,235.5,10265110,1,dnse,2026-09-21T07:14:24.587974+00:00
VNINDEX,1D,2009-02-25,1235527200,241.9,244.46,241.45,244.33,9270120,1,dnse,2026-09-21T07:14:24.587974+00:00
VNINDEX,1D,2009-02-26,1235613600,241.78,242.76,237.88,242.53,12662640,1,dnse,2026-09-21T07:14:24.587974+00:00
VNINDEX,1D,2009-02-27,1235700000,239.75,246.06,239.69,245.74,8211690,1,dnse,2026-09-21T07:14:24.587974+00:00
VNINDEX,1D,2009-03-02,1235959200,244.23,247.74,244.23,247.66,7240370,1,dnse,2026-09-21T07:14:24.587974+00:00
VNINDEX,1D,2009-03-03,1236045600,241.79,242.51,240.96,241.46,8790690,1,dnse,2026-09-21T07:14:24.587974+00:00
VNINDEX,1D,2009-03-04,1236132000,243.07,245.37,242.92,244.36,7625520,1,dnse,2026-09-21T07:14:24.587974+00:00
VNINDEX,1D,2009-03-05,1236218400,249.69,249.69,246.68,246.68,8493410,1,dnse,2026-09-21T07:14:24.587974+00:00
VNINDEX,1D,2009-03-06,1236304800,244.6,245.7,243.76,245.7,7150480,1,dnse,2026-09-21T07:14:24.587974+00:00
VNINDEX,1D,2009-03-09,1236564000,246.99,247.85,246.52,247.85,8622580,1,dnse,2026-09-21T07:14:24.587974+00:00
VNINDEX,1D,2009-03-10,1236650400,249.71,251.88,248.0,251.88,11931040,1,dnse,2026-09-21T07:14:24.587974+00:00
VNINDEX,1D,2009-03-11,1236736800,258.42,258.42,255.85,255.85,17125210,1,dnse,2026-09-21T07:14:24.587974+00:00
VNINDEX,1D,2009-03-12,1236823200,251.87,254.42,249.76,251.01,19311700,1,dnse,2026-09-21T07:14:24.587974+00:00
VNINDEX,1D,2009-03-13,1236909600,252.55,253.23,251.44,251.44,11705290,1,dnse,2026-09-21T07:14:24.587974+00:00
VNINDEX,1D,2009-03-16,1237168800,252.68,254.56,252.45,254.56,10710810,1,dnse,2026-09-21T07:14:24.587974+00:00
VNINDEX,1D,2009-03-17,1237255200,257.6,263.2,257.6,263.2,20664940,1,dnse,2026-09-21T07:14:24.587974+00:00
VNINDEX,1D,2009-03-18,1237341600,273.29,273.39,272.42,273.39,25942490,1,dnse,2026-09-21T07:14:24.587974+00:00
VNINDEX,1D,2009-03-19,1237428000,272.81,276.81,267.04,267.04,31972950,1,dnse,2026-09-21T07:14:24.587974+00:00
VNINDEX,1D,2009-03-20,1237514400,264.76,269.9,264.76,266.62,16469800,1,dnse,2026-09-21T07:14:24.587974+00:00
VNINDEX,1D,2009-03-23,1237773600,264.86,265.11,260.16,260.16,15290470,1,dnse,2026-09-21T07:14:24.587974+00:00
VNINDEX,1D,2009-03-24,1237860000,271.2,271.4,269.5,270.6,20094620,1,dnse,2026-09-21T07:14:24.587974+00:00
VNINDEX,1D,2009-03-25,1237946400,270.0,278.3,269.6,277.6,26488750,1,dnse,2026-09-21T07:14:24.587974+00:00
VNINDEX,1D,2009-03-26,1238032800,285.3,286.3,283.3,286.3,25906030,1,dnse,2026-09-21T07:14:24.587974+00:00
VNINDEX,1D,2009-03-27,1238119200,287.4,292.9,287.4,287.41,34944260,1,dnse,2026-09-21T07:14:24.587974+00:00
VNINDEX,1D,2009-03-30,1238378400,281.44,287.09,281.06,282.38,23675060,1,dnse,2026-09-21T07:14:24.587974+00:00
VNINDEX,1D,2009-03-31,1238464800,278.5,280.7,276.6,280.7,22476740,1,dnse,2026-09-21T07:14:24.587974+00:00
VNINDEX,1D,2009-04-01,1238551200,282.1,289.5,282.1,289.5,19997530,1,dnse,2026-09-21T07:14:24.587974+00:00
VNINDEX,1D,2009-04-02,1238637600,294.0,297.3,292.4,297.3,28572200,1,dnse,2026-09-21T07:14:24.587974+00:00
VNINDEX,1D,2009-04-03,1238724000,306.6,310.3,306.6,310.3,38327280,1,dnse,2026-09-21T07:14:24.587974+00:00
VNINDEX,1D,2009-04-07,1239069600,313.7,322.4,309.8,322.4,41795600,1,dnse,2026-09-21T07:14:24.587974+00:00
VNINDEX,1D,2009-04-08,1239156000,316.7,328.5,313.4,313.8,54502480,1,dnse,2026-09-21T07:14:24.587974+00:00
VNINDEX,1D,2009-04-09,1239242400,316.7,316.7,310.0,311.7,34216950,1,dnse,2026-09-21T07:14:24.587974+00:00
VNINDEX,1D,2009-04-10,1239328800,323.7,325.9,323.7,325.1,26476490,1,dnse,2026-09-21T07:14:24.587974+00:00
VNINDEX,1D,2009-04-13,1239588000,334.43,340.01,334.43,340.01,23603180,1,dnse,2026-09-21T07:14:24.587974+00:00
VNINDEX,1D,2009-04-14,1239674400,344.2,347.8,339.2,347.1,52174170,1,dnse,2026-09-21T07:14:24.587974+00:00
VNINDEX,1D,2009-04-15,1239760800,344.1,347.8,338.6,339.3,60394430,1,dnse,2026-09-21T07:14:24.587974+00:00
VNINDEX,1D,2009-04-16,1239847200,346.2,346.2,339.7,343.9,43725200,1,dnse,2026-09-21T07:14:24.587974+00:00
VNINDEX,1D,2009-04-17,1239933600,341.2,341.2,329.3,334.1,67675990,1,dnse,2026-09-21T07:14:24.587974+00:00
VNINDEX,1D,2009-04-20,1240192800,334.1,334.1,318.9,318.9,17434080,1,dnse,2026-09-21T07:14:24.587974+00:00
VNINDEX,1D,2009-04-21,1240279200,309.8,312.8,305.0,312.8,26530510,1,dnse,2026-09-21T07:14:24.587974+00:00
VNINDEX,1D,2009-04-22,1240365600,313.9,323.9,313.9,321.9,51332890,1,dnse,2026-09-21T07:14:24.587974+00:00
VNINDEX,1D,2009-04-23,1240452000,320.5,324.9,315.2,315.2,28621050,1,dnse,2026-09-21T07:14:24.587974+00:00
VNINDEX,1D,2009-04-24,1240538400,308.6,309.9,304.5,309.9,28158260,1,dnse,2026-09-21T07:14:24.587974+00:00
VNINDEX,1D,2009-04-27,1240797600,315.6,316.8,311.1,313.7,20573570,1,dnse,2026-09-21T07:14:24.587974+00:00
VNINDEX,1D,2009-04-28,1240884000,310.4,315.7,310.4,315.7,21107590,1,dnse,2026-09-21T07:14:24.587974+00:00
VNINDEX,1D,2009-04-29,1240970400,315.7,321.6,315.4,321.6,25323680,1,dnse,2026-09-21T07:14:24.587974+00:00
VNINDEX,1D,2009-05-04,1241402400,336.3,336.6,336.3,336.6,12271080,1,dnse,2026-09-21T07:14:24.587974+00:00
VNINDEX,1D,2009-05-05,1241488800,352.5,352.6,351.1,351.3,25136930,1,dnse,2026-09-21T07:14:24.587974+00:00
VNINDEX,1D,2009-05-06,1241575200,355.2,357.5,348.8,350.1,77884110,1,dnse,2026-09-21T07:14:24.587974+00:00
VNINDEX,1D,2009-05-07,1241661600,358.0,364.5,358.0,363.9,41021160,1,dnse,2026-09-21T07:14:24.587974+00:00
VNINDEX,1D,2009-05-08,1241748000,363.9,370.7,363.9,366.2,47862640,1,dnse,2026-09-21T07:14:24.587974+00:00
VNINDEX,1D,2009-05-11,1242007200,371.3,376.9,370.4,373.0,42913300,1,dnse,2026-09-21T07:14:24.587974+00:00
VNINDEX,1D,2009-05-12,1242093600,374.1,382.1,371.1,382.0,43794340,1,dnse,2026-09-21T07:14:24.587974+00:00
VNINDEX,1D,2009-05-13,1242180000,381.6,386.3,378.3,378.3,50512690,1,dnse,2026-09-21T07:14:24.587974+00:00
VNINDEX,1D,2009-05-14,1242266400,373.4,376.8,368.1,376.8,52400040,1,dnse,2026-09-21T07:14:24.587974+00:00
VNINDEX,1D,2009-05-15,1242352800,379.4,390.2,379.4,390.2,49849470,1,dnse,2026-09-21T07:14:24.587974+00:00
VNINDEX,1D,2009-05-18,1242612000,390.4,395.4,390.4,390.9,49053340,1,dnse,2026-09-21T07:14:24.587974+00:00
VNINDEX,1D,2009-05-19,1242698400,399.6,404.4,399.3,400.9,49444330,1,dnse,2026-09-21T07:14:24.587974+00:00
VNINDEX,1D,2009-05-20,1242784800,402.4,412.2,402.4,410.4,56801480,1,dnse,2026-09-21T07:14:24.587974+00:00
VNINDEX,1D,2009-05-21,1242871200,410.9,416.9,410.9,412.5,58775070,1,dnse,2026-09-21T07:14:24.587974+00:00
VNINDEX,1D,2009-05-22,1242957600,408.3,410.3,400.9,404.6,69900520,1,dnse,2026-09-21T07:14:24.587974+00:00
VNINDEX,1D,2009-05-25,1243216800,409.5,422.1,409.5,421.8,43316520,1,dnse,2026-09-21T07:14:24.587974+00:00
VNINDEX,1D,2009-05-26,1243303200,425.1,429.9,424.0,425.0,53017890,1,dnse,2026-09-21T07:14:24.587974+00:00
VNINDEX,1D,2009-05-27,1243389600,426.5,431.4,423.2,425.2,56729360,1,dnse,2026-09-21T07:14:24.587974+00:00
VNINDEX,1D,2009-05-28,1243476000,421.9,421.9,414.7,415.5,46833530,1,dnse,2026-09-21T07:14:24.587974+00:00
VNINDEX,1D,2009-05-29,1243562400,419.4,420.3,409.0,411.6,47651740,1,dnse,2026-09-21T07:14:24.587974+00:00
VNINDEX,1D,2009-06-01,1243821600,418.8,427.6,418.4,426.4,40514250,1,dnse,2026-09-21T07:14:24.587974+00:00
VNINDEX,1D,2009-06-02,1243908000,436.0,446.1,436.0,440.6,50497500,1,dnse,2026-09-21T07:14:24.587974+00:00
VNINDEX,1D,2009-06-03,1243994400,443.2,447.3,442.6,444.8,55648910,1,dnse,2026-09-21T07:14:24.587974+00:00
VNINDEX,1D,2009-06-04,1244080800,446.2,458.4,446.2,458.2,58348320,1,dnse,2026-09-21T07:14:24.587974+00:00
VNINDEX,1D,2009-06-05,1244167200,464.7,479.2,464.7,478.7,43781850,1,dnse,2026-09-21T07:14:24.587974+00:00
VNINDEX,1D,2009-06-08,1244426400,489.0,501.5,489.0,501.5,27903790,1,dnse,2026-09-21T07:14:24.587974+00:00
VNINDEX,1D,2009-06-09,1244512800,503.7,514.7,503.7,512.5,75303970,1,dnse,2026-09-21T07:14:24.587974+00:00
VNINDEX,1D,2009-06-10,1244599200,509.1,510.3,494.6,497.5,100161160,1,dnse,2026-09-21T07:14:24.587974+00:00
VNINDEX,1D,2009-06-11,1244685600,499.7,514.4,499.7,511.3,62586370,1,dnse,2026-09-21T07:14:24.587974+00:00
VNINDEX,1D,2009-06-12,1244772000,520.0,525.0,509.0,510.0,64516980,1,dnse,2026-09-21T07:14:24.587974+00:00
VNINDEX,1D,2009-06-15,1245031200,506.0,506.0,487.3,493.5,72622120,1,dnse,2026-09-21T07:14:24.587974+00:00
VNINDEX,1D,2009-06-16,1245117600,477.5,477.5,471.1,472.0,44881890,1,dnse,2026-09-21T07:14:24.587974+00:00
VNINDEX,1D,2009-06-17,1245204000,465.3,472.5,455.8,472.5,67012440,1,dnse,2026-09-21T07:14:24.587974+00:00
VNINDEX,1D,2009-06-18,1245290400,476.6,487.6,474.7,479.3,55720310,1,dnse,2026-09-21T07:14:24.587974+00:00
VNINDEX,1D,2009-06-19,1245376800,485.8,486.9,472.1,475.2,48715940,1,dnse,2026-09-21T07:14:24.587974+00:00
VNINDEX,1D,2009-06-22,1245636000,462.0,464.0,456.4,458.1,40227350,1,dnse,2026-09-21T07:14:24.587974+00:00
VNINDEX,1D,2009-06-23,1245722400,442.5,442.5,437.5,438.6,29760100,1,dnse,2026-09-21T07:14:24.587974+00:00
VNINDEX,1D,2009-06-24,1245808800,440.7,457.5,440.7,456.2,50251550,1,dnse,2026-09-21T07:14:24.587974+00:00
VNINDEX,1D,2009-06-25,1245895200,471.4,471.4,453.3,453.8,51981940,1,dnse,2026-09-21T07:14:24.587974+00:00
VNINDEX,1D,2009-06-26,1245981600,453.5,461.4,453.5,461.4,36532970,1,dnse,2026-09-21T07:14:24.587974+00:00
VNINDEX,1D,2009-06-29,1246240800,462.0,466.0,459.7,460.4,27093160,1,dnse,2026-09-21T07:14:24.587974+00:00
VNINDEX,1D,2009-06-30,1246327200,462.5,462.5,447.7,448.3,37731500,1,dnse,2026-09-21T07:14:24.587974+00:00
VNINDEX,1D,2009-07-01,1246413600,439.6,439.6,429.5,430.0,41192040,1,dnse,2026-09-21T07:14:24.587974+00:00
VNINDEX,1D,2009-07-02,1246500000,427.9,436.9,422.4,433.8,40024850,1,dnse,2026-09-21T07:14:24.587974+00:00
VNINDEX,1D,2009-07-03,1246586400,425.1,435.4,425.1,435.4,26028070,1,dnse,2026-09-21T07:14:24.587974+00:00
VNINDEX,1D,2009-07-06,1246845600,442.4,454.3,442.4,454.3,30172190,1,dnse,2026-09-21T07:14:24.587974+00:00
VNINDEX,1D,2009-07-07,1246932000,450.5,455.4,447.2,447.6,34163560,1,dnse,2026-09-21T07:14:24.587974+00:00
VNINDEX,1D,2009-07-08,1247018400,443.0,449.0,440.4,446.8,31759960,1,dnse,2026-09-21T07:14:24.587974+00:00
VNINDEX,1D,2009-07-09,1247104800,450.1,452.1,445.4,446.4,26736780,1,dnse,2026-09-21T07:14:24.587974+00:00
VNINDEX,1D,2009-07-10,1247191200,445.8,446.0,437.3,438.8,33859940,1,dnse,2026-09-21T07:14:24.587974+00:00
VNINDEX,1D,2009-07-13,1247450400,435.8,435.8,426.7,426.7,29376180,1,dnse,2026-09-21T07:14:24.587974+00:00
VNINDEX,1D,2009-07-14,1247536800,425.1,425.5,415.8,418.6,31746010,1,dnse,2026-09-21T07:14:24.587974+00:00
VNINDEX,1D,2009-07-15,1247623200,424.1,430.8,424.1,427.1,21987390,1,dnse,2026-09-21T07:14:24.587974+00:00
VNINDEX,1D,2009-07-16,1247709600,438.1,440.4,432.2,433.5,29207090,1,dnse,2026-09-21T07:14:24.587974+00:00
VNINDEX,1D,2009-07-17,1247796000,431.9,431.9,427.8,428.7,23368410,1,dnse,2026-09-21T07:14:24.587974+00:00
VNINDEX,1D,2009-07-20,1248055200,415.0,415.0,411.0,413.0,28422960,1,dnse,2026-09-21T07:14:24.587974+00:00
VNINDEX,1D,2009-07-21,1248141600,413.0,418.0,412.0,416.0,25452050,1,dnse,2026-09-21T07:14:24.587974+00:00
VNINDEX,1D,2009-07-22,1248228000,423.0,423.0,419.0,419.0,19832810,1,dnse,2026-09-21T07:14:24.587974+00:00
VNINDEX,1D,2009-07-23,1248314400,418.0,434.0,417.0,434.0,24900050,1,dnse,2026-09-21T07:14:24.587974+00:00
VNINDEX,1D,2009-07-24,1248400800,445.0,455.0,445.0,455.0,26118290,1,dnse,2026-09-21T07:14:24.587974+00:00
VNINDEX,1D,2009-07-27,1248660000,462.0,470.0,460.0,470.0,60803472,1,dnse,2026-09-21T07:14:24.587974+00:00
VNINDEX,1D,2009-07-28,1248746400,467.0,473.0,463.0,463.0,60977440,1,dnse,2026-09-21T07:14:24.587974+00:00
VNINDEX,1D,2009-07-29,1248832800,464.0,470.0,458.0,458.0,35239060,1,dnse,2026-09-21T07:14:24.587974+00:00
VNINDEX,1D,2009-07-30,1248919200,452.0,455.0,445.0,452.0,31316060,1,dnse,2026-09-21T07:14:24.587974+00:00
VNINDEX,1D,2009-07-31,1249005600,458.0,467.0,458.0,467.0,38149980,1,dnse,2026-09-21T07:14:24.587974+00:00
VNINDEX,1D,2009-08-03,1249264800,467.0,473.0,465.0,468.0,34165192,1,dnse,2026-09-21T07:14:24.587974+00:00
VNINDEX,1D,2009-08-04,1249351200,475.0,478.0,473.0,477.0,45312632,1,dnse,2026-09-21T07:14:24.587974+00:00
VNINDEX,1D,2009-08-05,1249437600,474.0,481.0,472.0,481.0,40595392,1,dnse,2026-09-21T07:14:24.587974+00:00
VNINDEX,1D,2009-08-06,1249524000,482.0,491.0,481.0,481.0,59927752,1,dnse,2026-09-21T07:14:24.587974+00:00
VNINDEX,1D,2009-08-07,1249610400,480.0,483.0,479.0,481.0,41578608,1,dnse,2026-09-21T07:14:24.587974+00:00
VNINDEX,1D,2009-08-10,1249869600,486.0,492.0,484.0,491.0,46840640,1,dnse,2026-09-21T07:14:24.587974+00:00
VNINDEX,1D,2009-08-11,1249956000,491.0,495.0,490.0,494.0,49879728,1,dnse,2026-09-21T07:14:24.587974+00:00
VNINDEX,1D,2009-08-12,1250042400,499.0,502.0,497.0,497.0,63934680,1,dnse,2026-09-21T07:14:24.587974+00:00
VNINDEX,1D,2009-08-13,1250128800,502.0,507.0,502.0,504.0,69285928,1,dnse,2026-09-21T07:14:24.587974+00:00
VNINDEX,1D,2009-08-14,1250215200,504.0,509.0,503.0,507.0,55223432,1,dnse,2026-09-21T07:14:24.587974+00:00
VNINDEX,1D,2009-08-17,1250474400,505.0,509.0,500.0,500.0,43957072,1,dnse,2026-09-21T07:14:24.587974+00:00
VNINDEX,1D,2009-08-18,1250560800,497.0,502.0,495.0,500.0,47360260,1,dnse,2026-09-21T07:14:24.587974+00:00
VNINDEX,1D,2009-08-19,1250647200,505.0,508.0,503.0,508.0,44448020,1,dnse,2026-09-21T07:14:24.587974+00:00
VNINDEX,1D,2009-08-20,1250733600,514.0,515.0,510.0,514.0,59584128,1,dnse,2026-09-21T07:14:24.587974+00:00
VNINDEX,1D,2009-08-21,1250820000,522.0,530.0,519.0,519.0,82431504,1,dnse,2026-09-21T07:14:24.587974+00:00
VNINDEX,1D,2009-08-24,1251079200,522.0,529.0,522.0,528.0,56972712,1,dnse,2026-09-21T07:14:24.587974+00:00
VNINDEX,1D,2009-08-25,1251165600,532.0,532.9,527.1,528.9,61852160,1,dnse,2026-09-21T07:14:24.587974+00:00
VNINDEX,1D,2009-08-26,1251252000,530.0,533.0,526.0,526.0,51786912,1,dnse,2026-09-21T07:14:24.587974+00:00
VNINDEX,1D,2009-08-27,1251338400,527.1,529.7,523.2,527.0,48910280,1,dnse,2026-09-21T07:14:24.587974+00:00
VNINDEX,1D,2009-08-28,1251424800,533.6,536.5,530.7,536.5,55761450,1,dnse,2026-09-21T07:14:24.587974+00:00
VNINDEX,1D,2009-08-31,1251684000,541.9,547.4,541.9,546.8,70558540,1,dnse,2026-09-21T07:14:24.587974+00:00
VNINDEX,1D,2009-09-01,1251770400,545.1,549.6,542.4,547.7,71738760,1,dnse,2026-09-21T07:14:24.587974+00:00
VNINDEX,1D,2009-09-03,1251943200,541.0,548.4,539.5,540.8,67326860,1,dnse,2026-09-21T07:14:24.587974+00:00
VNINDEX,1D,2009-09-04,1252029600,543.0,544.3,528.5,528.5,78237490,1,dnse,2026-09-21T07:14:24.587974+00:00
VNINDEX,1D,2009-09-07,1252288800,528.0,528.0,513.0,525.0,59664472,1,dnse,2026-09-21T07:14:24.587974+00:00
VNINDEX,1D,2009-09-08,1252375200,530.0,538.6,529.8,537.8,47440160,1,dnse,2026-09-21T07:14:24.587974+00:00
VNINDEX,1D,2009-09-09,1252461600,539.9,542.0,536.1,536.1,54559910,1,dnse,2026-09-21T07:14:24.587974+00:00
VNINDEX,1D,2009-09-10,1252548000,535.5,541.9,535.4,540.2,52585190,1,dnse,2026-09-21T07:14:24.587974+00:00
VNINDEX,1D,2009-09-11,1252634400,549.0,549.6,547.8,548.0,62070160,1,dnse,2026-09-21T07:14:24.587974+00:00
VNINDEX,1D,2009-09-14,1252893600,551.7,559.7,551.7,556.6,63884330,1,dnse,2026-09-21T07:14:24.587974+00:00
VNINDEX,1D,2009-09-15,1252980000,558.4,562.2,553.3,556.8,70639090,1,dnse,2026-09-21T07:14:24.587974+00:00
VNINDEX,1D,2009-09-16,1253066400,560.5,562.5,557.0,557.0,67280870,1,dnse,2026-09-21T07:14:24.587974+00:00
VNINDEX,1D,2009-09-17,1253152800,559.4,564.2,553.2,561.2,73312740,1,dnse,2026-09-21T07:14:24.587974+00:00
VNINDEX,1D,2009-09-18,1253239200,561.7,571.0,561.7,571.0,64250690,1,dnse,2026-09-21T07:14:24.587974+00:00
VNINDEX,1D,2009-09-21,1253498400,578.3,581.0,578.0,578.0,66601440,1,dnse,2026-09-21T07:14:24.587974+00:00
VNINDEX,1D,2009-09-22,1253584800,578.6,585.5,577.9,582.9,74148460,1,dnse,2026-09-21T07:14:24.587974+00:00
VNINDEX,1D,2009-09-23,1253671200,587.4,594.3,582.1,582.1,90293410,1,dnse,2026-09-21T07:14:24.587974+00:00
VNINDEX,1D,2009-09-24,1253757600,576.8,583.6,572.2,574.8,71689340,1,dnse,2026-09-21T07:14:24.587974+00:00
VNINDEX,1D,2009-09-25,1253844000,574.1,582.8,574.1,582.8,75909160,1,dnse,2026-09-21T07:14:24.587974+00:00
VNINDEX,1D,2009-09-28,1254103200,585.8,590.9,582.0,582.0,74504370,1,dnse,2026-09-21T07:14:24.587974+00:00
VNINDEX,1D,2009-09-29,1254189600,582.1,587.9,581.2,582.6,83780450,1,dnse,2026-09-21T07:14:24.587974+00:00
VNINDEX,1D,2009-09-30,1254276000,583.2,586.3,578.3,580.9,73157260,1,dnse,2026-09-21T07:14:24.587974+00:00
VNINDEX,1D,2009-10-01,1254362400,581.8,581.8,569.0,569.0,63138620,1,dnse,2026-09-21T07:14:24.587974+00:00
VNINDEX,1D,2009-10-02,1254448800,553.0,556.2,544.3,549.7,75683670,1,dnse,2026-09-21T07:14:24.587974+00:00
VNINDEX,1D,2009-10-05,1254708000,553.2,556.6,543.2,549.0,45597460,1,dnse,2026-09-21T07:14:24.587974+00:00
VNINDEX,1D,2009-10-06,1254794400,554.1,557.1,550.5,552.0,42688800,1,dnse,2026-09-21T07:14:24.587974+00:00
VNINDEX,1D,2009-10-07,1254880800,560.8,569.6,560.2,566.4,44421430,1,dnse,2026-09-21T07:14:24.587974+00:00
VNINDEX,1D,2009-10-08,1254967200,570.5,571.8,566.0,571.8,50705230,1,dnse,2026-09-21T07:14:24.587974+00:00
VNINDEX,1D,2009-10-09,1255053600,575.4,582.5,575.4,582.0,68279880,1,dnse,2026-09-21T07:14:24.587974+00:00
VNINDEX,1D,2009-10-12,1255312800,588.7,595.7,587.1,594.3,73675180,1,dnse,2026-09-21T07:14:24.587974+00:00
VNINDEX,1D,2009-10-13,1255399200,594.2,597.4,589.5,589.9,83920770,1,dnse,2026-09-21T07:14:24.587974+00:00
VNINDEX,1D,2009-10-14,1255485600,590.8,605.7,590.8,605.7,83222940,1,dnse,2026-09-21T07:14:24.587974+00:00
VNINDEX,1D,2009-10-15,1255572000,612.0,626.1,612.0,617.4,104311820,1,dnse,2026-09-21T07:14:24.587974+00:00
VNINDEX,1D,2009-10-16,1255658400,616.4,619.5,609.5,609.5,120589600,1,dnse,2026-09-21T07:14:24.587974+00:00
VNINDEX,1D,2009-10-19,1255917600,609.0,612.0,605.8,607.1,84897460,1,dnse,2026-09-21T07:14:24.587974+00:00
VNINDEX,1D,2009-10-20,1256004000,615.3,617.1,613.6,616.6,84096760,1,dnse,2026-09-21T07:14:24.587974+00:00
VNINDEX,1D,2009-10-21,1256090400,617.1,622.3,614.7,618.5,89702430,1,dnse,2026-09-21T07:14:24.587974+00:00
VNINDEX,1D,2009-10-22,1256176800,619.5,625.0,619.1,624.1,91558350,1,dnse,2026-09-21T07:14:24.587974+00:00
VNINDEX,1D,2009-10-23,1256263200,626.1,633.2,615.7,615.2,132971030,1,dnse,2026-09-21T07:14:24.587974+00:00
VNINDEX,1D,2009-10-26,1256522400,615.6,623.7,608.3,609.3,83571370,1,dnse,2026-09-21T07:14:24.587974+00:00
VNINDEX,1D,2009-10-27,1256608800,602.6,602.6,590.7,596.8,91426150,1,dnse,2026-09-21T07:14:24.587974+00:00
VNINDEX,1D,2009-10-28,1256695200,603.0,604.8,596.4,599.9,65818350,1,dnse,2026-09-21T07:14:24.587974+00:00
VNINDEX,1D,2009-10-29,1256781600,584.6,585.6,575.7,581.5,81981880,1,dnse,2026-09-21T07:14:24.587974+00:00
VNINDEX,1D,2009-10-30,1256868000,590.9,594.7,583.8,587.1,65073020,1,dnse,2026-09-21T07:14:24.587974+00:00
VNINDEX,1D,2009-11-02,1257127200,565.9,565.9,560.0,561.7,59125540,1,dnse,2026-09-21T07:14:24.587974+00:00
VNINDEX,1D,2009-11-03,1257213600,557.1,557.1,539.5,539.7,60889670,1,dnse,2026-09-21T07:14:24.587974+00:00
VNINDEX,1D,2009-11-04,1257300000,537.8,550.3,533.2,537.5,57252090,1,dnse,2026-09-21T07:14:24.587974+00:00
VNINDEX,1D,2009-11-05,1257386400,545.6,556.6,542.3,555.5,54111090,1,dnse,2026-09-21T07:14:24.587974+00:00
VNINDEX,1D,2009-11-06,1257472800,565.7,569.7,554.9,554.9,56748600,1,dnse,2026-09-21T07:14:24.587974+00:00
VNINDEX,1D,2009-11-09,1257732000,544.9,547.3,534.1,534.1,45671980,1,dnse,2026-09-21T07:14:24.587974+00:00
VNINDEX,1D,2009-11-10,1257818400,534.8,535.7,520.0,524.4,49635330,1,dnse,2026-09-21T07:14:24.587974+00:00
VNINDEX,1D,2009-11-11,1257904800,526.3,537.6,523.1,537.6,41947360,1,dnse,2026-09-21T07:14:24.587974+00:00
VNINDEX,1D,2009-11-12,1257991200,541.4,550.8,540.6,546.0,48062340,1,dnse,2026-09-21T07:14:24.587974+00:00
VNINDEX,1D,2009-11-13,1258077600,540.6,549.2,536.9,548.2,45700040,1,dnse,2026-09-21T07:14:24.587974+00:00
VNINDEX,1D,2009-11-16,1258336800,551.0,554.5,545.7,545.7,45902840,1,dnse,2026-09-21T07:14:24.587974+00:00
VNINDEX,1D,2009-11-17,1258423200,549.2,550.1,543.6,547.1,49226020,1,dnse,2026-09-21T07:14:24.587974+00:00
VNINDEX,1D,2009-11-18,1258509600,547.2,553.8,544.0,553.8,49824400,1,dnse,2026-09-21T07:14:24.587974+00:00
VNINDEX,1D,2009-11-19,1258596000,547.2,553.8,544.0,560.1,60726660,1,dnse,2026-09-21T07:14:24.587974+00:00
VNINDEX,1D,2009-11-20,1258682400,558.0,562.0,554.0,556.0,50624352,1,dnse,2026-09-21T07:14:24.587974+00:00
VNINDEX,1D,2009-11-23,1258941600,552.0,553.0,537.0,537.0,47413320,1,dnse,2026-09-21T07:14:24.587974+00:00
VNINDEX,1D,2009-11-24,1259028000,535.6,538.8,526.9,527.1,42008390,1,dnse,2026-09-21T07:14:24.587974+00:00
VNINDEX,1D,2009-11-25,1259114400,519.7,519.7,503.2,503.4,60847670,1,dnse,2026-09-21T07:14:24.587974+00:00
VNINDEX,1D,2009-11-26,1259200800,495.6,495.6,479.4,482.6,36424610,1,dnse,2026-09-21T07:14:24.587974+00:00
VNINDEX,1D,2009-11-27,1259287200,464.7,503.1,461.5,490.6,65417960,1,dnse,2026-09-21T07:14:24.587974+00:00
VNINDEX,1D,2009-11-30,1259546400,494.1,506.7,494.1,504.1,34800450,1,dnse,2026-09-21T07:14:24.587974+00:00
VNINDEX,1D,2009-12-01,1259632800,513.4,518.3,512.2,514.9,39262100,1,dnse,2026-09-21T07:14:24.587974+00:00
VNINDEX,1D,2009-12-02,1259719200,507.5,514.8,499.1,499.1,51565700,1,dnse,2026-09-21T07:14:24.587974+00:00
VNINDEX,1D,2009-12-03,1259805600,494.6,502.1,485.6,494.8,40216680,1,dnse,2026-09-21T07:14:24.587974+00:00
VNINDEX,1D,2009-12-04,1259892000,499.9,500.0,493.4,495.0,32537850,1,dnse,2026-09-21T07:14:24.587974+00:00
VNINDEX,1D,2009-12-07,1260151200,495.0,499.0,492.0,499.0,25273370,1,dnse,2026-09-21T07:14:24.587974+00:00
VNINDEX,1D,2009-12-08,1260237600,494.6,496.0,485.6,488.5,30935120,1,dnse,2026-09-21T07:14:24.587974+00:00
VNINDEX,1D,2009-12-09,1260324000,473.3,474.6,468.4,470.6,44510490,1,dnse,2026-09-21T07:14:24.587974+00:00
VNINDEX,1D,2009-12-10,1260410400,474.6,474.6,458.7,458.7,36521640,1,dnse,2026-09-21T07:14:24.587974+00:00
VNINDEX,1D,2009-12-11,1260496800,450.6,452.5,442.6,444.2,37826570,1,dnse,2026-09-21T07:14:24.587974+00:00
VNINDEX,1D,2009-12-14,1260756000,449.3,460.8,447.9,458.4,39709410,1,dnse,2026-09-21T07:14:24.587974+00:00
VNINDEX,1D,2009-12-15,1260842400,458.4,463.4,454.8,459.4,28402360,1,dnse,2026-09-21T07:14:24.587974+00:00
VNINDEX,1D,2009-12-16,1260928800,452.2,452.2,440.2,442.1,32984570,1,dnse,2026-09-21T07:14:24.587974+00:00
VNINDEX,1D,2009-12-17,1261015200,432.4,436.4,427.1,434.9,34934340,1,dnse,2026-09-21T07:14:24.587974+00:00
VNINDEX,1D,2009-12-18,1261101600,440.9,449.6,440.9,443.3,49000880,1,dnse,2026-09-21T07:14:24.587974+00:00
VNINDEX,1D,2009-12-21,1261360800,457.1,461.0,452.6,461.0,31555620,1,dnse,2026-09-21T07:14:24.587974+00:00
VNINDEX,1D,2009-12-22,1261447200,468.0,470.9,462.9,465.2,42855110,1,dnse,2026-09-21T07:14:24.587974+00:00
VNINDEX,1D,2009-12-23,1261533600,464.1,471.4,463.3,470.8,34958360,1,dnse,2026-09-21T07:14:24.587974+00:00
VNINDEX,1D,2009-12-24,1261620000,469.2,479.1,464.4,479.1,43905410,1,dnse,2026-09-21T07:14:24.587974+00:00
VNINDEX,1D,2009-12-25,1261706400,487.9,495.8,487.2,495.1,50134080,1,dnse,2026-09-21T07:14:24.587974+00:00
VNINDEX,1D,2009-12-28,1261965600,490.7,499.0,485.8,492.6,44222100,1,dnse,2026-09-21T07:14:24.587974+00:00
VNINDEX,1D,2009-12-29,1262052000,487.6,493.7,483.8,484.5,41765310,1,dnse,2026-09-21T07:14:24.587974+00:00
VNINDEX,1D,2009-12-30,1262138400,483.1,495.4,483.1,495.4,50427540,1,dnse,2026-09-21T07:14:24.587974+00:00
VNINDEX,1D,2009-12-31,1262224800,502.8,504.8,494.8,494.8,58858220,1,dnse,2026-09-21T07:14:24.587974+00:00
VNINDEX,1D,2010-01-04,1262570400,501.7,517.1,501.7,517.1,42051600,1,dnse,2026-09-21T07:14:24.587974+00:00
VNINDEX,1D,2010-01-05,1262656800,538.8,539.4,530.2,532.5,66619450,1,dnse,2026-09-21T07:14:24.587974+00:00
VNINDEX,1D,2010-01-06,1262743200,527.4,538.8,526.4,534.5,64222280,1,dnse,2026-09-21T07:14:24.587974+00:00
VNINDEX,1D,2010-01-07,1262829600,536.8,540.8,530.7,533.3,66287110,1,dnse,2026-09-21T07:14:24.587974+00:00
VNINDEX,1D,2010-01-08,1262916000,541.0,544.5,520.9,520.9,76177100,1,dnse,2026-09-21T07:14:24.587974+00:00
VNINDEX,1D,2010-01-11,1263175200,522.8,524.1,512.2,515.1,42904970,1,dnse,2026-09-21T07:14:24.587974+00:00
VNINDEX,1D,2010-01-12,1263261600,511.2,516.8,498.3,498.3,50751560,1,dnse,2026-09-21T07:14:24.587974+00:00
VNINDEX,1D,2010-01-13,1263348000,495.7,508.6,485.8,508.6,52968720,1,dnse,2026-09-21T07:14:24.587974+00:00
VNINDEX,1D,2010-01-14,1263434400,516.4,517.7,509.3,512.3,33851840,1,dnse,2026-09-21T07:14:24.587974+00:00
VNINDEX,1D,2010-01-15,1263520800,509.2,512.6,503.3,505.4,36355610,1,dnse,2026-09-21T07:14:24.587974+00:00
VNINDEX,1D,2010-01-18,1263780000,499.2,499.2,487.1,487.1,39253920,1,dnse,2026-09-21T07:14:24.587974+00:00
VNINDEX,1D,2010-01-19,1263866400,489.8,498.1,489.8,495.5,32298020,1,dnse,2026-09-21T07:14:24.587974+00:00
VNINDEX,1D,2010-01-20,1263952800,498.9,499.2,489.5,489.5,30775080,1,dnse,2026-09-21T07:14:24.587974+00:00
VNINDEX,1D,2010-01-21,1264039200,482.0,489.5,477.8,478.4,38873460,1,dnse,2026-09-21T07:14:24.587974+00:00
VNINDEX,1D,2010-01-22,1264125600,474.1,481.7,471.9,477.6,27517620,1,dnse,2026-09-21T07:14:24.587974+00:00
VNINDEX,1D,2010-01-25,1264384800,476.8,481.0,476.8,480.9,19454520,1,dnse,2026-09-21T07:14:24.587974+00:00
VNINDEX,1D,2010-01-26,1264471200,490.1,497.9,490.1,497.9,32246580,1,dnse,2026-09-21T07:14:24.587974+00:00
VNINDEX,1D,2010-01-27,1264557600,496.9,498.2,486.4,486.4,32131720,1,dnse,2026-09-21T07:14:24.587974+00:00
VNINDEX,1D,2010-01-28,1264644000,484.7,487.8,481.5,481.8,20803730,1,dnse,2026-09-21T07:14:24.587974+00:00
VNINDEX,1D,2010-01-29,1264730400,481.5,484.2,477.1,482.0,24187770,1,dnse,2026-09-21T07:14:24.587974+00:00
VNINDEX,1D,2010-02-01,1264989600,482.9,487.0,481.8,487.0,20695680,1,dnse,2026-09-21T07:14:24.587974+00:00
VNINDEX,1D,2010-02-02,1265076000,489.6,490.9,486.2,487.9,24044320,1,dnse,2026-09-21T07:14:24.587974+00:00
VNINDEX,1D,2010-02-03,1265162400,490.3,495.9,490.1,495.5,24485310,1,dnse,2026-09-21T07:14:24.587974+00:00
VNINDEX,1D,2010-02-04,1265248800,496.3,504.4,496.0,503.8,34272400,1,dnse,2026-09-21T07:14:24.587974+00:00
VNINDEX,1D,2010-02-05,1265335200,495.7,501.1,491.1,493.0,31741600,1,dnse,2026-09-21T07:14:24.587974+00:00
VNINDEX,1D,2010-02-08,1265594400,488.9,491.7,487.7,491.2,19118380,1,dnse,2026-09-21T07:14:24.587974+00:00
VNINDEX,1D,2010-02-09,1265680800,487.0,488.8,482.4,482.9,21152200,1,dnse,2026-09-21T07:14:24.587974+00:00
VNINDEX,1D,2010-02-10,1265767200,486.9,491.2,486.9,490.9,15468550,1,dnse,2026-09-21T07:14:24.587974+00:00
VNINDEX,1D,2010-02-11,1265853600,493.0,500.0,491.9,499.9,18570470,1,dnse,2026-09-21T07:14:24.587974+00:00
VNINDEX,1D,2010-02-12,1265940000,505.3,508.7,504.8,507.0,22150560,1,dnse,2026-09-21T07:14:24.587974+00:00
VNINDEX,1D,2010-02-22,1266804000,513.2,513.2,507.9,510.0,19131920,1,dnse,2026-09-21T07:14:24.587974+00:00
VNINDEX,1D,2010-02-23,1266890400,504.5,504.5,496.3,496.3,24352140,1,dnse,2026-09-21T07:14:24.587974+00:00
VNINDEX,1D,2010-02-24,1266976800,492.9,494.9,490.2,494.6,24796880,1,dnse,2026-09-21T07:14:24.587974+00:00
VNINDEX,1D,2010-02-25,1267063200,497.5,500.2,493.7,495.0,26741270,1,dnse,2026-09-21T07:14:24.587974+00:00
VNINDEX,1D,2010-02-26,1267149600,494.3,496.9,492.0,496.9,31102610,1,dnse,2026-09-21T07:14:24.587974+00:00
VNINDEX,1D,2010-03-01,1267408800,502.6,505.3,502.4,503.0,32389410,1,dnse,2026-09-21T07:14:24.587974+00:00
VNINDEX,1D,2010-03-02,1267495200,504.0,505.6,500.1,501.0,34862300,1,dnse,2026-09-21T07:14:24.587974+00:00
VNINDEX,1D,2010-03-03,1267581600,505.0,507.3,502.0,507.3,36152370,1,dnse,2026-09-21T07:14:24.587974+00:00
VNINDEX,1D,2010-03-04,1267668000,510.9,516.8,510.9,511.9,47852720,1,dnse,2026-09-21T07:14:24.587974+00:00
VNINDEX,1D,2010-03-05,1267754400,512.7,514.5,509.6,513.4,44095840,1,dnse,2026-09-21T07:14:24.587974+00:00
VNINDEX,1D,2010-03-08,1268013600,517.0,522.8,517.0,521.1,53071450,1,dnse,2026-09-21T07:14:24.587974+00:00
VNINDEX,1D,2010-03-09,1268100000,520.9,527.3,520.1,527.3,60441560,1,dnse,2026-09-21T07:14:24.587974+00:00
VNINDEX,1D,2010-03-10,1268186400,526.2,529.6,522.8,525.7,55713450,1,dnse,2026-09-21T07:14:24.587974+00:00
VNINDEX,1D,2010-03-11,1268272800,526.9,529.5,524.4,524.6,50966990,1,dnse,2026-09-21T07:14:24.587974+00:00
VNINDEX,1D,2010-03-12,1268359200,528.9,531.5,526.7,531.5,53686140,1,dnse,2026-09-21T07:14:24.587974+00:00
VNINDEX,1D,2010-03-15,1268618400,538.0,538.0,531.6,531.9,54199710,1,dnse,2026-09-21T07:14:24.587974+00:00
VNINDEX,1D,2010-03-16,1268704800,526.1,529.6,516.1,516.1,64874240,1,dnse,2026-09-21T07:14:24.587974+00:00
VNINDEX,1D,2010-03-17,1268791200,519.9,520.1,510.9,510.9,49838910,1,dnse,2026-09-21T07:14:24.587974+00:00
VNINDEX,1D,2010-03-18,1268877600,515.2,519.7,510.5,519.7,44323480,1,dnse,2026-09-21T07:14:24.587974+00:00
VNINDEX,1D,2010-03-19,1268964000,520.1,521.2,516.0,516.0,53468830,1,dnse,2026-09-21T07:14:24.587974+00:00
VNINDEX,1D,2010-03-22,1269223200,515.7,517.8,511.6,511.6,39977520,1,dnse,2026-09-21T07:14:24.587974+00:00
VNINDEX,1D,2010-03-23,1269309600,512.2,513.1,506.5,506.5,44044890,1,dnse,2026-09-21T07:14:24.587974+00:00
VNINDEX,1D,2010-03-24,1269396000,511.1,512.9,508.8,512.1,43396280,1,dnse,2026-09-21T07:14:24.587974+00:00
VNINDEX,1D,2010-03-25,1269482400,507.9,508.8,502.2,503.4,50206760,1,dnse,2026-09-21T07:14:24.587974+00:00
VNINDEX,1D,2010-03-26,1269568800,505.5,506.4,501.6,505.3,47585270,1,dnse,2026-09-21T07:14:24.587974+00:00
VNINDEX,1D,2010-03-29,1269828000,506.7,509.2,504.1,505.7,35472710,1,dnse,2026-09-21T07:14:24.587974+00:00
VNINDEX,1D,2010-03-30,1269914400,504.7,506.3,500.7,500.7,47215800,1,dnse,2026-09-21T07:14:24.587974+00:00
VNINDEX,1D,2010-03-31,1270000800,501.9,504.0,499.2,499.2,45342680,1,dnse,2026-09-21T07:14:24.587974+00:00
VNINDEX,1D,2010-04-01,1270087200,500.4,508.9,500.0,508.2,41808030,1,dnse,2026-09-21T07:14:24.587974+00:00
VNINDEX,1D,2010-04-02,1270173600,510.4,513.0,508.5,510.5,39486490,1,dnse,2026-09-21T07:14:24.587974+00:00
VNINDEX,1D,2010-04-05,1270432800,514.2,516.3,513.5,514.8,41859130,1,dnse,2026-09-21T07:14:24.587974+00:00
VNINDEX,1D,2010-04-06,1270519200,517.5,520.3,515.3,515.3,66656790,1,dnse,2026-09-21T07:14:24.587974+00:00
VNINDEX,1D,2010-04-07,1270605600,516.3,517.3,512.5,515.8,48659250,1,dnse,2026-09-21T07:14:24.587974+00:00
VNINDEX,1D,2010-04-08,1270692000,515.7,519.4,514.7,515.9,54227900,1,dnse,2026-09-21T07:14:24.587974+00:00
VNINDEX,1D,2010-04-09,1270778400,517.1,519.6,516.4,517.4,59536420,1,dnse,2026-09-21T07:14:24.587974+00:00
VNINDEX,1D,2010-04-12,1271037600,522.1,523.2,519.5,519.9,52162000,1,dnse,2026-09-21T07:14:24.587974+00:00
VNINDEX,1D,2010-04-13,1271124000,521.0,523.1,518.0,518.0,50547580,1,dnse,2026-09-21T07:14:24.587974+00:00
VNINDEX,1D,2010-04-14,1271210400,518.6,518.7,515.8,516.2,42719810,1,dnse,2026-09-21T07:14:24.587974+00:00
VNINDEX,1D,2010-04-15,1271296800,521.0,521.5,518.4,521.5,50686190,1,dnse,2026-09-21T07:14:24.587974+00:00
VNINDEX,1D,2010-04-16,1271383200,523.7,524.0,521.5,522.0,59353900,1,dnse,2026-09-21T07:14:24.587974+00:00
VNINDEX,1D,2010-04-19,1271642400,521.4,521.7,516.7,516.7,57018190,1,dnse,2026-09-21T07:14:24.587974+00:00
VNINDEX,1D,2010-04-20,1271728800,517.4,519.7,515.2,515.2,54803770,1,dnse,2026-09-21T07:14:24.587974+00:00
VNINDEX,1D,2010-04-21,1271815200,517.5,520.2,517.5,519.7,53769580,1,dnse,2026-09-21T07:14:24.587974+00:00
VNINDEX,1D,2010-04-22,1271901600,521.9,531.0,521.9,529.3,77539180,1,dnse,2026-09-21T07:14:24.587974+00:00
VNINDEX,1D,2010-04-26,1272247200,531.7,535.4,531.2,531.2,63178720,1,dnse,2026-09-21T07:14:24.587974+00:00
VNINDEX,1D,2010-04-27,1272333600,532.7,536.2,531.6,535.7,54218510,1,dnse,2026-09-21T07:14:24.587974+00:00
VNINDEX,1D,2010-04-28,1272420000,536.1,539.8,536.1,539.2,58029450,1,dnse,2026-09-21T07:14:24.587974+00:00
VNINDEX,1D,2010-04-29,1272506400,541.4,542.7,541.2,542.4,72395920,1,dnse,2026-09-21T07:14:24.587974+00:00
VNINDEX,1D,2010-05-04,1272938400,544.5,550.6,544.5,549.1,86332860,1,dnse,2026-09-21T07:14:24.587974+00:00
VNINDEX,1D,2010-05-05,1273024800,548.8,551.4,546.1,548.0,82141870,1,dnse,2026-09-21T07:14:24.587974+00:00
VNINDEX,1D,2010-05-06,1273111200,549.2,551.4,547.0,549.5,78206620,1,dnse,2026-09-21T07:14:24.587974+00:00
VNINDEX,1D,2010-05-07,1273197600,548.2,548.2,536.5,542.0,105923850,1,dnse,2026-09-21T07:14:24.587974+00:00
VNINDEX,1D,2010-05-10,1273456800,541.5,541.5,532.4,534.4,76286050,1,dnse,2026-09-21T07:14:24.587974+00:00
VNINDEX,1D,2010-05-11,1273543200,537.9,539.9,532.7,534.4,65187810,1,dnse,2026-09-21T07:14:24.587974+00:00
VNINDEX,1D,2010-05-12,1273629600,527.5,527.5,519.6,519.6,65495340,1,dnse,2026-09-21T07:14:24.587974+00:00
VNINDEX,1D,2010-05-13,1273716000,521.9,524.2,516.1,518.9,54756390,1,dnse,2026-09-21T07:14:24.587974+00:00
VNINDEX,1D,2010-05-14,1273802400,522.9,523.5,520.0,520.7,41332440,1,dnse,2026-09-21T07:14:24.587974+00:00
VNINDEX,1D,2010-05-17,1274061600,521.3,521.7,509.5,511.3,51530730,1,dnse,2026-09-21T07:14:24.587974+00:00
VNINDEX,1D,2010-05-18,1274148000,510.5,510.8,505.1,508.3,41803840,1,dnse,2026-09-21T07:14:24.587974+00:00
VNINDEX,1D,2010-05-19,1274234400,503.7,504.6,494.9,494.9,56689090,1,dnse,2026-09-21T07:14:24.587974+00:00
VNINDEX,1D,2010-05-20,1274320800,481.8,503.6,481.7,503.6,53770960,1,dnse,2026-09-21T07:14:24.587974+00:00
VNINDEX,1D,2010-05-21,1274407200,484.3,490.3,482.2,483.7,57057270,1,dnse,2026-09-21T07:14:24.587974+00:00
VNINDEX,1D,2010-05-24,1274666400,485.1,489.6,479.6,486.2,38991860,1,dnse,2026-09-21T07:14:24.587974+00:00
VNINDEX,1D,2010-05-25,1274752800,484.9,490.3,482.9,486.3,41290920,1,dnse,2026-09-21T07:14:24.587974+00:00
VNINDEX,1D,2010-05-26,1274839200,491.5,492.7,488.3,492.7,37394010,1,dnse,2026-09-21T07:14:24.587974+00:00
VNINDEX,1D,2010-05-27,1274925600,491.6,497.2,489.8,497.2,37365130,1,dnse,2026-09-21T07:14:24.587974+00:00
VNINDEX,1D,2010-05-28,1275012000,509.5,513.3,506.4,513.0,56242530,1,dnse,2026-09-21T07:14:24.587974+00:00
VNINDEX,1D,2010-05-31,1275271200,510.5,513.4,506.3,507.4,39860020,1,dnse,2026-09-21T07:14:24.587974+00:00
VNINDEX,1D,2010-06-01,1275357600,505.2,509.1,503.7,508.7,35911060,1,dnse,2026-09-21T07:14:24.587974+00:00
VNINDEX,1D,2010-06-02,1275444000,505.2,511.1,504.8,510.7,37571380,1,dnse,2026-09-21T07:14:24.587974+00:00
VNINDEX,1D,2010-06-03,1275530400,516.2,516.2,511.2,511.2,44546290,1,dnse,2026-09-21T07:14:24.587974+00:00
VNINDEX,1D,2010-06-04,1275616800,511.9,513.0,508.8,510.4,45070860,1,dnse,2026-09-21T07:14:24.587974+00:00
VNINDEX,1D,2010-06-07,1275876000,498.9,502.2,495.0,496.9,49305700,1,dnse,2026-09-21T07:14:24.587974+00:00
VNINDEX,1D,2010-06-08,1275962400,494.1,498.0,493.2,497.2,36309260,1,dnse,2026-09-21T07:14:24.587974+00:00
VNINDEX,1D,2010-06-09,1276048800,500.1,502.5,497.2,497.6,31820080,1,dnse,2026-09-21T07:14:24.587974+00:00
VNINDEX,1D,2010-06-10,1276135200,497.0,500.6,495.4,500.5,30797770,1,dnse,2026-09-21T07:14:24.587974+00:00
VNINDEX,1D,2010-06-11,1276221600,505.1,506.8,504.3,504.3,38219010,1,dnse,2026-09-21T07:14:24.587974+00:00
VNINDEX,1D,2010-06-14,1276480800,506.6,509.4,506.3,508.3,39350540,1,dnse,2026-09-21T07:14:24.587974+00:00
VNINDEX,1D,2010-06-15,1276567200,509.3,510.2,506.5,508.0,44664500,1,dnse,2026-09-21T07:14:24.587974+00:00
VNINDEX,1D,2010-06-16,1276653600,510.4,513.1,510.4,510.7,47970250,1,dnse,2026-09-21T07:14:24.587974+00:00
VNINDEX,1D,2010-06-17,1276740000,510.3,511.2,508.4,510.8,44615300,1,dnse,2026-09-21T07:14:24.587974+00:00
VNINDEX,1D,2010-06-18,1276826400,511.9,514.0,509.4,511.2,50875170,1,dnse,2026-09-21T07:14:24.587974+00:00
VNINDEX,1D,2010-06-21,1277085600,515.1,515.8,514.0,514.8,46371750,1,dnse,2026-09-21T07:14:24.587974+00:00
VNINDEX,1D,2010-06-22,1277172000,512.8,515.4,511.3,512.6,74762560,1,dnse,2026-09-21T07:14:24.587974+00:00
VNINDEX,1D,2010-06-23,1277258400,510.3,514.4,508.8,512.8,44290230,1,dnse,2026-09-21T07:14:24.587974+00:00
VNINDEX,1D,2010-06-24,1277344800,513.6,515.0,511.7,511.7,50351690,1,dnse,2026-09-21T07:14:24.587974+00:00
VNINDEX,1D,2010-06-25,1277431200,506.1,509.6,505.1,505.1,50325960,1,dnse,2026-09-21T07:14:24.587974+00:00
VNINDEX,1D,2010-06-28,1277690400,505.4,507.7,505.3,507.3,41239710,1,dnse,2026-09-21T07:14:24.587974+00:00
VNINDEX,1D,2010-06-29,1277776800,509.8,511.4,509.5,510.7,41531730,1,dnse,2026-09-21T07:14:24.587974+00:00
VNINDEX,1D,2010-06-30,1277863200,501.2,507.1,501.1,507.1,47489060,1,dnse,2026-09-21T07:14:24.587974+00:00
VNINDEX,1D,2010-07-01,1277949600,504.1,506.6,503.7,504.0,40518620,1,dnse,2026-09-21T07:14:24.587974+00:00
VNINDEX,1D,2010-07-02,1278036000,505.2,505.6,502.5,503.7,37498110,1,dnse,2026-09-21T07:14:24.587974+00:00
VNINDEX,1D,2010-07-05,1278295200,505.7,507.1,504.5,506.5,35628810,1,dnse,2026-09-21T07:14:24.587974+00:00
VNINDEX,1D,2010-07-06,1278381600,505.8,505.8,500.7,500.8,45812930,1,dnse,2026-09-21T07:14:24.587974+00:00
VNINDEX,1D,2010-07-07,1278468000,502.5,503.8,496.9,496.9,39397660,1,dnse,2026-09-21T07:14:24.587974+00:00
VNINDEX,1D,2010-07-08,1278554400,502.1,502.2,498.6,498.6,36297140,1,dnse,2026-09-21T07:14:24.587974+00:00
VNINDEX,1D,2010-07-09,1278640800,499.1,501.1,499.0,499.5,28816790,1,dnse,2026-09-21T07:14:24.587974+00:00
VNINDEX,1D,2010-07-12,1278900000,499.8,500.4,497.2,499.9,28099180,1,dnse,2026-09-21T07:14:24.587974+00:00
VNINDEX,1D,2010-07-13,1278986400,505.4,509.9,502.6,509.1,43469690,1,dnse,2026-09-21T07:14:24.587974+00:00
VNINDEX,1D,2010-07-14,1279072800,512.2,512.8,507.3,507.3,49448520,1,dnse,2026-09-21T07:14:24.587974+00:00
VNINDEX,1D,2010-07-15,1279159200,505.8,507.6,505.0,505.2,38760690,1,dnse,2026-09-21T07:14:24.587974+00:00
VNINDEX,1D,2010-07-16,1279245600,505.5,507.1,504.2,506.2,43141430,1,dnse,2026-09-21T07:14:24.587974+00:00
VNINDEX,1D,2010-07-19,1279504800,504.3,506.8,503.2,506.8,40064560,1,dnse,2026-09-21T07:14:24.587974+00:00
VNINDEX,1D,2010-07-20,1279591200,507.0,507.3,505.2,506.6,42732900,1,dnse,2026-09-21T07:14:24.587974+00:00
VNINDEX,1D,2010-07-21,1279677600,507.2,507.3,505.4,505.4,44177260,1,dnse,2026-09-21T07:14:24.587974+00:00
VNINDEX,1D,2010-07-22,1279764000,503.1,503.6,500.0,500.3,45653210,1,dnse,2026-09-21T07:14:24.587974+00:00
VNINDEX,1D,2010-07-23,1279850400,502.8,502.9,499.7,500.3,36636840,1,dnse,2026-09-21T07:14:24.587974+00:00
VNINDEX,1D,2010-07-26,1280109600,501.2,501.9,498.1,498.1,39870750,1,dnse,2026-09-21T07:14:24.587974+00:00
VNINDEX,1D,2010-07-27,1280196000,499.0,501.9,497.7,497.7,41159910,1,dnse,2026-09-21T07:14:24.587974+00:00
VNINDEX,1D,2010-07-28,1280282400,497.4,497.9,491.0,491.0,39672950,1,dnse,2026-09-21T07:14:24.587974+00:00
VNINDEX,1D,2010-07-29,1280368800,488.9,492.9,488.9,491.1,35014480,1,dnse,2026-09-21T07:14:24.587974+00:00
VNINDEX,1D,2010-07-30,1280455200,491.3,495.1,491.3,493.9,39404910,1,dnse,2026-09-21T07:14:24.587974+00:00
VNINDEX,1D,2010-08-02,1280714400,494.8,495.3,491.3,491.6,34171500,1,dnse,2026-09-21T07:14:24.587974+00:00
VNINDEX,1D,2010-08-03,1280800800,493.4,496.5,491.9,491.9,38497170,1,dnse,2026-09-21T07:14:24.587974+00:00
VNINDEX,1D,2010-08-04,1280887200,490.3,490.3,484.7,486.7,34948650,1,dnse,2026-09-21T07:14:24.587974+00:00
VNINDEX,1D,2010-08-05,1280973600,488.8,489.2,485.4,486.2,31779900,1,dnse,2026-09-21T07:14:24.587974+00:00
VNINDEX,1D,2010-08-06,1281060000,485.2,485.2,482.4,482.8,30979570,1,dnse,2026-09-21T07:14:24.587974+00:00
VNINDEX,1D,2010-08-09,1281319200,482.7,482.7,472.5,472.7,39775680,1,dnse,2026-09-21T07:14:24.587974+00:00
VNINDEX,1D,2010-08-10,1281405600,468.8,469.3,458.2,461.7,48425490,1,dnse,2026-09-21T07:14:24.587974+00:00
VNINDEX,1D,2010-08-11,1281492000,463.1,465.9,458.9,463.1,33729110,1,dnse,2026-09-21T07:14:24.587974+00:00
VNINDEX,1D,2010-08-12,1281578400,457.5,458.6,448.3,448.4,46662940,1,dnse,2026-09-21T07:14:24.587974+00:00
VNINDEX,1D,2010-08-13,1281664800,441.1,452.7,441.1,452.7,38901820,1,dnse,2026-09-21T07:14:24.587974+00:00
VNINDEX,1D,2010-08-16,1281924000,458.1,464.8,456.9,464.8,36748910,1,dnse,2026-09-21T07:14:24.587974+00:00
VNINDEX,1D,2010-08-17,1282010400,461.9,463.9,457.2,463.5,31913320,1,dnse,2026-09-21T07:14:24.587974+00:00
VNINDEX,1D,2010-08-18,1282096800,461.8,462.1,453.2,455.5,34430900,1,dnse,2026-09-21T07:14:24.587974+00:00
VNINDEX,1D,2010-08-19,1282183200,454.5,455.9,450.1,452.2,25495110,1,dnse,2026-09-21T07:14:24.587974+00:00
VNINDEX,1D,2010-08-20,1282269600,452.1,454.8,444.4,454.8,31433450,1,dnse,2026-09-21T07:14:24.587974+00:00
VNINDEX,1D,2010-08-23,1282528800,453.1,453.1,447.9,447.9,20755050,1,dnse,2026-09-21T07:14:24.587974+00:00
VNINDEX,1D,2010-08-24,1282615200,441.7,441.7,433.6,434.4,42125950,1,dnse,2026-09-21T07:14:24.587974+00:00
VNINDEX,1D,2010-08-25,1282701600,427.01,428.46,421.3,423.89,48595740,1,dnse,2026-09-21T07:14:24.587974+00:00
VNINDEX,1D,2010-08-26,1282788000,425.5,429.1,421.8,427.1,37873000,1,dnse,2026-09-21T07:14:24.587974+00:00
VNINDEX,1D,2010-08-27,1282874400,423.1,431.2,421.7,429.1,30574580,1,dnse,2026-09-21T07:14:24.587974+00:00
VNINDEX,1D,2010-08-30,1283133600,439.3,445.4,439.3,444.6,32394550,1,dnse,2026-09-21T07:14:24.587974+00:00
VNINDEX,1D,2010-08-31,1283220000,447.9,455.4,445.4,455.1,52012250,1,dnse,2026-09-21T07:14:24.587974+00:00
VNINDEX,1D,2010-09-01,1283306400,456.5,458.8,451.8,458.8,44585390,1,dnse,2026-09-21T07:14:24.587974+00:00
VNINDEX,1D,2010-09-06,1283738400,463.9,464.5,463.9,466.0,53323290,1,dnse,2026-09-21T07:14:24.587974+00:00
VNINDEX,1D,2010-09-07,1283824800,463.4,467.4,458.9,460.6,51314870,1,dnse,2026-09-21T07:14:24.587974+00:00
VNINDEX,1D,2010-09-08,1283911200,454.3,458.4,453.0,458.4,52182480,1,dnse,2026-09-21T07:14:24.587974+00:00
VNINDEX,1D,2010-09-09,1283997600,462.5,465.7,459.9,463.7,45688650,1,dnse,2026-09-21T07:14:24.587974+00:00
VNINDEX,1D,2010-09-10,1284084000,463.5,464.3,451.4,451.4,51772570,1,dnse,2026-09-21T07:14:24.587974+00:00
VNINDEX,1D,2010-09-13,1284343200,449.0,452.5,442.4,447.3,43764390,1,dnse,2026-09-21T07:14:24.587974+00:00
VNINDEX,1D,2010-09-14,1284429600,451.0,451.5,448.0,449.0,34392250,1,dnse,2026-09-21T07:14:24.587974+00:00
VNINDEX,1D,2010-09-15,1284516000,449.1,450.5,444.7,448.7,33752200,1,dnse,2026-09-21T07:14:24.587974+00:00
VNINDEX,1D,2010-09-16,1284602400,445.7,450.9,445.5,449.5,28225130,1,dnse,2026-09-21T07:14:24.587974+00:00
VNINDEX,1D,2010-09-17,1284688800,451.5,453.8,450.6,457.6,46398130,1,dnse,2026-09-21T07:14:24.587974+00:00
VNINDEX,1D,2010-09-20,1284948000,462.0,462.8,457.9,457.9,48445710,1,dnse,2026-09-21T07:14:24.587974+00:00
VNINDEX,1D,2010-09-21,1285034400,457.7,457.9,453.3,453.3,55518560,1,dnse,2026-09-21T07:14:24.587974+00:00
VNINDEX,1D,2010-09-22,1285120800,453.0,455.8,453.0,453.9,29300790,1,dnse,2026-09-21T07:14:24.587974+00:00
VNINDEX,1D,2010-09-23,1285207200,451.4,453.7,447.2,450.8,43857260,1,dnse,2026-09-21T07:14:24.587974+00:00
VNINDEX,1D,2010-09-24,1285293600,449.1,452.3,448.2,449.7,32025770,1,dnse,2026-09-21T07:14:24.587974+00:00
VNINDEX,1D,2010-09-27,1285552800,451.2,452.5,449.4,450.2,32776240,1,dnse,2026-09-21T07:14:24.587974+00:00
VNINDEX,1D,2010-09-28,1285639200,452.1,455.1,452.1,455.1,34805670,1,dnse,2026-09-21T07:14:24.587974+00:00
VNINDEX,1D,2010-09-29,1285725600,458.0,458.0,452.9,452.9,29316750,1,dnse,2026-09-21T07:14:24.587974+00:00
VNINDEX,1D,2010-09-30,1285812000,452.7,454.5,451.3,454.5,30027520,1,dnse,2026-09-21T07:14:24.587974+00:00
VNINDEX,1D,2010-10-01,1285898400,454.4,455.5,451.7,451.7,27901710,1,dnse,2026-09-21T07:14:24.587974+00:00
VNINDEX,1D,2010-10-04,1286157600,452.4,452.4,444.0,445.8,45475870,1,dnse,2026-09-21T07:14:24.587974+00:00
VNINDEX,1D,2010-10-05,1286244000,440.9,451.0,440.6,451.0,31545370,1,dnse,2026-09-21T07:14:24.587974+00:00
VNINDEX,1D,2010-10-06,1286330400,452.9,460.7,452.8,460.7,33650890,1,dnse,2026-09-21T07:14:24.587974+00:00
VNINDEX,1D,2010-10-07,1286416800,462.0,467.6,460.2,462.1,34258650,1,dnse,2026-09-21T07:14:24.587974+00:00
VNINDEX,1D,2010-10-08,1286503200,462.0,467.6,460.2,459.3,28255370,1,dnse,2026-09-21T07:14:24.587974+00:00
VNINDEX,1D,2010-10-11,1286762400,457.4,461.5,456.6,459.3,19670910,1,dnse,2026-09-21T07:14:24.587974+00:00
VNINDEX,1D,2010-10-12,1286848800,457.2,459.9,453.7,454.3,25937800,1,dnse,2026-09-21T07:14:24.587974+00:00
VNINDEX,1D,2010-10-13,1286935200,453.2,457.7,452.2,457.7,21737290,1,dnse,2026-09-21T07:14:24.587974+00:00
VNINDEX,1D,2010-10-14,1287021600,459.8,460.9,457.9,458.7,21056210,1,dnse,2026-09-21T07:14:24.587974+00:00
VNINDEX,1D,2010-10-15,1287108000,457.1,458.4,455.7,458.4,22505540,1,dnse,2026-09-21T07:14:24.587974+00:00
VNINDEX,1D,2010-10-18,1287367200,458.4,459.4,456.0,457.6,19757170,1,dnse,2026-09-21T07:14:24.587974+00:00
VNINDEX,1D,2010-10-19,1287453600,458.4,459.4,451.8,454.3,31324510,1,dnse,2026-09-21T07:14:24.587974+00:00
VNINDEX,1D,2010-10-20,1287540000,450.8,451.0,441.2,442.2,36917430,1,dnse,2026-09-21T07:14:24.587974+00:00
VNINDEX,1D,2010-10-21,1287626400,442.1,445.3,440.6,445.1,26478530,1,dnse,2026-09-21T07:14:24.587974+00:00
VNINDEX,1D,2010-10-22,1287712800,444.8,446.4,441.5,445.2,24204440,1,dnse,2026-09-21T07:14:24.587974+00:00
VNINDEX,1D,2010-10-25,1287972000,444.7,448.6,443.1,448.6,23427100,1,dnse,2026-09-21T07:14:24.587974+00:00
VNINDEX,1D,2010-10-26,1288058400,450.2,458.2,450.2,455.1,30139330,1,dnse,2026-09-21T07:14:24.587974+00:00
VNINDEX,1D,2010-10-27,1288144800,455.2,455.9,448.9,450.0,23349570,1,dnse,2026-09-21T07:14:24.587974+00:00
VNINDEX,1D,2010-10-28,1288231200,448.6,451.5,448.3,450.1,20155160,1,dnse,2026-09-21T07:14:24.587974+00:00
VNINDEX,1D,2010-10-29,1288317600,450.5,452.8,450.3,452.6,22494310,1,dnse,2026-09-21T07:14:24.587974+00:00
VNINDEX,1D,2010-11-01,1288576800,451.8,451.9,449.8,451.1,18022230,1,dnse,2026-09-21T07:14:24.587974+00:00
VNINDEX,1D,2010-11-02,1288663200,448.6,448.9,445.6,446.3,23189030,1,dnse,2026-09-21T07:14:24.587974+00:00
VNINDEX,1D,2010-11-03,1288749600,445.3,445.8,442.3,444.2,22703120,1,dnse,2026-09-21T07:14:24.587974+00:00
VNINDEX,1D,2010-11-04,1288836000,444.1,449.0,444.0,449.0,23454830,1,dnse,2026-09-21T07:14:24.587974+00:00
VNINDEX,1D,2010-11-05,1288922400,452.4,457.3,450.1,457.3,29986290,1,dnse,2026-09-21T07:14:24.587974+00:00
VNINDEX,1D,2010-11-08,1289181600,457.5,458.7,454.4,457.1,27232590,1,dnse,2026-09-21T07:14:24.587974+00:00
VNINDEX,1D,2010-11-09,1289268000,455.6,455.7,449.4,449.4,30659160,1,dnse,2026-09-21T07:14:24.587974+00:00
VNINDEX,1D,2010-11-10,1289354400,447.7,451.3,447.6,451.3,21038880,1,dnse,2026-09-21T07:14:24.587974+00:00
VNINDEX,1D,2010-11-11,1289440800,451.2,451.6,446.3,446.7,23536990,1,dnse,2026-09-21T07:14:24.587974+00:00
VNINDEX,1D,2010-11-12,1289527200,444.8,446.9,436.5,441.6,38981270,1,dnse,2026-09-21T07:14:24.587974+00:00
VNINDEX,1D,2010-11-15,1289786400,440.6,443.1,432.7,433.5,26382340,1,dnse,2026-09-21T07:14:24.587974+00:00
VNINDEX,1D,2010-11-16,1289872800,431.1,431.3,425.1,426.9,30931860,1,dnse,2026-09-21T07:14:24.587974+00:00
VNINDEX,1D,2010-11-17,1289959200,426.9,430.2,424.3,425.5,25125790,1,dnse,2026-09-21T07:14:24.587974+00:00
VNINDEX,1D,2010-11-18,1290045600,427.7,432.1,427.7,430.7,26333370,1,dnse,2026-09-21T07:14:24.587974+00:00
VNINDEX,1D,2010-11-19,1290132000,434.4,434.4,426.5,426.5,24821140,1,dnse,2026-09-21T07:14:24.587974+00:00
VNINDEX,1D,2010-11-22,1290391200,422.7,426.2,420.0,426.2,23431540,1,dnse,2026-09-21T07:14:24.587974+00:00
VNINDEX,1D,2010-11-23,1290477600,426.2,430.8,426.0,430.8,22541430,1,dnse,2026-09-21T07:14:24.587974+00:00
VNINDEX,1D,2010-11-24,1290564000,430.5,434.5,428.0,434.5,25109750,1,dnse,2026-09-21T07:14:24.587974+00:00
VNINDEX,1D,2010-11-25,1290650400,434.7,440.2,434.7,439.9,31896320,1,dnse,2026-09-21T07:14:24.587974+00:00
VNINDEX,1D,2010-11-26,1290736800,441.9,443.7,437.3,439.9,32805180,1,dnse,2026-09-21T07:14:24.587974+00:00
VNINDEX,1D,2010-11-29,1290996000,437.9,446.4,436.4,446.4,30743560,1,dnse,2026-09-21T07:14:24.587974+00:00
VNINDEX,1D,2010-11-30,1291082400,450.2,456.3,450.2,451.6,62322660,1,dnse,2026-09-21T07:14:24.587974+00:00
VNINDEX,1D,2010-12-01,1291168800,451.0,453.6,448.1,449.9,45498940,1,dnse,2026-09-21T07:14:24.587974+00:00
VNINDEX,1D,2010-12-02,1291255200,450.1,457.4,448.2,457.4,60631830,1,dnse,2026-09-21T07:14:24.587974+00:00
VNINDEX,1D,2010-12-03,1291341600,462.3,467.2,462.3,464.4,68016080,1,dnse,2026-09-21T07:14:24.587974+00:00
VNINDEX,1D,2010-12-06,1291600800,467.3,468.8,462.9,465.6,85111340,1,dnse,2026-09-21T07:14:24.587974+00:00
VNINDEX,1D,2010-12-07,1291687200,461.7,466.1,460.8,460.8,81943820,1,dnse,2026-09-21T07:14:24.587974+00:00
VNINDEX,1D,2010-12-08,1291773600,459.4,461.6,452.6,452.8,68289030,1,dnse,2026-09-21T07:14:24.587974+00:00
VNINDEX,1D,2010-12-09,1291860000,450.6,460.8,450.2,460.5,57617350,1,dnse,2026-09-21T07:14:24.587974+00:00
VNINDEX,1D,2010-12-10,1291946400,464.8,473.1,462.4,473.1,72125620,1,dnse,2026-09-21T07:14:24.587974+00:00
VNINDEX,1D,2010-12-13,1292205600,485.8,490.3,485.7,490.2,77661930,1,dnse,2026-09-21T07:14:24.587974+00:00
VNINDEX,1D,2010-12-14,1292292000,493.7,496.4,480.6,489.7,122569420,1,dnse,2026-09-21T07:14:24.587974+00:00
VNINDEX,1D,2010-12-15,1292378400,492.8,497.1,491.5,493.5,85904270,1,dnse,2026-09-21T07:14:24.587974+00:00
VNINDEX,1D,2010-12-16,1292464800,484.7,489.7,479.7,480.2,73174400,1,dnse,2026-09-21T07:14:24.587974+00:00
VNINDEX,1D,2010-12-17,1292551200,483.0,485.3,476.3,485.3,69205020,1,dnse,2026-09-21T07:14:24.587974+00:00
VNINDEX,1D,2010-12-20,1292810400,487.6,488.3,478.3,478.3,62095470,1,dnse,2026-09-21T07:14:24.587974+00:00
VNINDEX,1D,2010-12-21,1292896800,471.2,483.4,470.1,481.8,61254930,1,dnse,2026-09-21T07:14:24.587974+00:00
VNINDEX,1D,2010-12-22,1292983200,488.3,488.7,481.5,481.5,52498410,1,dnse,2026-09-21T07:14:24.587974+00:00
VNINDEX,1D,2010-12-23,1293069600,481.7,481.7,475.4,475.4,50104360,1,dnse,2026-09-21T07:14:24.587974+00:00
VNINDEX,1D,2010-12-24,1293156000,474.2,477.8,470.8,472.8,36460270,1,dnse,2026-09-21T07:14:24.587974+00:00
VNINDEX,1D,2010-12-27,1293415200,475.7,476.1,469.6,473.1,31432870,1,dnse,2026-09-21T07:14:24.587974+00:00
VNINDEX,1D,2010-12-28,1293501600,471.7,479.3,471.7,479.3,46930710,1,dnse,2026-09-21T07:14:24.587974+00:00
VNINDEX,1D,2010-12-29,1293588000,480.5,481.2,476.5,478.8,47091620,1,dnse,2026-09-21T07:14:24.587974+00:00
VNINDEX,1D,2010-12-30,1293674400,477.2,481.5,477.2,481.4,37343490,1,dnse,2026-09-21T07:14:24.587974+00:00
VNINDEX,1D,2010-12-31,1293760800,480.9,485.2,480.1,484.7,38915530,1,dnse,2026-09-21T07:14:24.587974+00:00
VNINDEX,1D,2011-01-04,1294106400,485.7,487.8,481.7,486.0,27702590,1,dnse,2026-09-21T07:14:24.587974+00:00
VNINDEX,1D,2011-01-05,1294192800,487.9,487.9,481.9,481.9,31937170,1,dnse,2026-09-21T07:14:24.587974+00:00
VNINDEX,1D,2011-01-06,1294279200,480.9,483.2,479.9,482.3,27623660,1,dnse,2026-09-21T07:14:24.587974+00:00
VNINDEX,1D,2011-01-07,1294365600,482.8,483.9,481.4,481.9,27898990,1,dnse,2026-09-21T07:14:24.587974+00:00
VNINDEX,1D,2011-01-10,1294624800,483.7,485.1,479.6,481.9,31913610,1,dnse,2026-09-21T07:14:24.587974+00:00
VNINDEX,1D,2011-01-11,1294711200,478.0,480.8,475.5,477.4,33672520,1,dnse,2026-09-21T07:14:24.587974+00:00
VNINDEX,1D,2011-01-12,1294797600,480.8,481.7,477.5,478.5,25963280,1,dnse,2026-09-21T07:14:24.587974+00:00
VNINDEX,1D,2011-01-13,1294884000,480.0,485.0,479.6,484.1,24707820,1,dnse,2026-09-21T07:14:24.587974+00:00
VNINDEX,1D,2011-01-14,1294970400,487.1,490.1,486.5,489.2,35655170,1,dnse,2026-09-21T07:14:24.587974+00:00
VNINDEX,1D,2011-01-17,1295229600,492.9,498.5,492.4,495.2,38761030,1,dnse,2026-09-21T07:14:24.587974+00:00
VNINDEX,1D,2011-01-18,1295316000,497.1,501.3,496.0,497.4,36081550,1,dnse,2026-09-21T07:14:24.587974+00:00
VNINDEX,1D,2011-01-19,1295402400,504.9,507.9,503.1,505.9,37752610,1,dnse,2026-09-21T07:14:24.587974+00:00
VNINDEX,1D,2011-01-20,1295488800,510.2,514.1,510.2,512.0,34788830,1,dnse,2026-09-21T07:14:24.587974+00:00
VNINDEX,1D,2011-01-21,1295575200,518.3,521.2,518.2,519.5,42553960,1,dnse,2026-09-21T07:14:24.587974+00:00
VNINDEX,1D,2011-01-24,1295834400,525.7,525.7,509.9,509.9,33580000,1,dnse,2026-09-21T07:14:24.587974+00:00
VNINDEX,1D,2011-01-25,1295920800,504.1,506.1,501.9,502.0,31591460,1,dnse,2026-09-21T07:14:24.587974+00:00
VNINDEX,1D,2011-01-26,1296007200,498.2,502.0,498.2,501.3,18693150,1,dnse,2026-09-21T07:14:24.587974+00:00
VNINDEX,1D,2011-01-27,1296093600,501.3,503.4,498.1,502.7,25261730,1,dnse,2026-09-21T07:14:24.587974+00:00
VNINDEX,1D,2011-01-28,1296180000,502.8,511.9,502.8,510.6,34784690,1,dnse,2026-09-21T07:14:24.587974+00:00
VNINDEX,1D,2011-02-08,1297130400,515.7,521.5,515.6,520.7,23807620,1,dnse,2026-09-21T07:14:24.587974+00:00
VNINDEX,1D,2011-02-09,1297216800,528.7,529.2,522.5,522.6,30722510,1,dnse,2026-09-21T07:14:24.587974+00:00
VNINDEX,1D,2011-02-10,1297303200,523.3,526.6,519.5,520.2,29888370,1,dnse,2026-09-21T07:14:24.587974+00:00
VNINDEX,1D,2011-02-11,1297389600,522.8,522.8,516.4,520.0,32567040,1,dnse,2026-09-21T07:14:24.587974+00:00
VNINDEX,1D,2011-02-14,1297648800,520.7,522.4,514.1,514.1,32986530,1,dnse,2026-09-21T07:14:24.587974+00:00
VNINDEX,1D,2011-02-15,1297735200,509.3,518.0,509.3,517.9,32068120,1,dnse,2026-09-21T07:14:24.587974+00:00
VNINDEX,1D,2011-02-16,1297821600,520.0,520.0,513.0,513.0,27859030,1,dnse,2026-09-21T07:14:24.587974+00:00
VNINDEX,1D,2011-02-17,1297908000,510.7,511.0,505.5,509.8,33492100,1,dnse,2026-09-21T07:14:24.587974+00:00
VNINDEX,1D,2011-02-18,1297994400,509.1,510.8,502.6,503.9,35958100,1,dnse,2026-09-21T07:14:24.587974+00:00
VNINDEX,1D,2011-02-21,1298253600,497.7,497.7,481.9,483.7,47615090,1,dnse,2026-09-21T07:14:24.587974+00:00
VNINDEX,1D,2011-02-22,1298340000,467.4,471.7,467.4,470.0,48651700,1,dnse,2026-09-21T07:14:24.587974+00:00
VNINDEX,1D,2011-02-23,1298426400,469.0,474.0,466.9,470.7,34351200,1,dnse,2026-09-21T07:14:24.587974+00:00
VNINDEX,1D,2011-02-24,1298512800,462.4,462.9,455.7,461.3,39985780,1,dnse,2026-09-21T07:14:24.587974+00:00
VNINDEX,1D,2011-02-25,1298599200,460.6,468.0,458.0,467.0,24623090,1,dnse,2026-09-21T07:14:24.587974+00:00
VNINDEX,1D,2011-02-28,1298858400,467.1,474.2,461.4,461.4,29478850,1,dnse,2026-09-21T07:14:24.587974+00:00
VNINDEX,1D,2011-03-01,1298944800,458.2,466.1,458.1,466.1,20498410,1,dnse,2026-09-21T07:14:24.587974+00:00
VNINDEX,1D,2011-03-02,1299031200,464.3,466.3,453.3,457.8,44009210,1,dnse,2026-09-21T07:14:24.587974+00:00
VNINDEX,1D,2011-03-03,1299117600,449.8,457.1,449.8,452.3,28284590,1,dnse,2026-09-21T07:14:24.587974+00:00
VNINDEX,1D,2011-03-04,1299204000,454.7,459.2,452.6,459.2,25978170,1,dnse,2026-09-21T07:14:24.587974+00:00
VNINDEX,1D,2011-03-07,1299463200,465.2,468.2,464.4,468.2,21215060,1,dnse,2026-09-21T07:14:24.587974+00:00
VNINDEX,1D,2011-03-08,1299549600,471.8,477.5,471.8,475.4,24083640,1,dnse,2026-09-21T07:14:24.587974+00:00
VNINDEX,1D,2011-03-09,1299636000,474.8,475.2,466.7,470.5,25573120,1,dnse,2026-09-21T07:14:24.587974+00:00
VNINDEX,1D,2011-03-10,1299722400,467.5,482.5,467.5,482.5,33266730,1,dnse,2026-09-21T07:14:24.587974+00:00
VNINDEX,1D,2011-03-11,1299808800,490.1,496.2,490.1,495.1,38503770,1,dnse,2026-09-21T07:14:24.587974+00:00
VNINDEX,1D,2011-03-14,1300068000,492.0,493.2,479.9,479.9,42018980,1,dnse,2026-09-21T07:14:24.587974+00:00
VNINDEX,1D,2011-03-15,1300154400,470.5,476.3,468.2,468.7,30728400,1,dnse,2026-09-21T07:14:24.587974+00:00
VNINDEX,1D,2011-03-16,1300240800,467.2,470.6,461.6,463.6,28554040,1,dnse,2026-09-21T07:14:24.587974+00:00
VNINDEX,1D,2011-03-17,1300327200,461.5,468.3,457.0,460.5,32161500,1,dnse,2026-09-21T07:14:24.587974+00:00
VNINDEX,1D,2011-03-18,1300413600,459.4,461.9,454.7,461.1,45518990,1,dnse,2026-09-21T07:14:24.587974+00:00
VNINDEX,1D,2011-03-21,1300672800,467.2,469.5,464.8,468.3,35968290,1,dnse,2026-09-21T07:14:24.587974+00:00
VNINDEX,1D,2011-03-22,1300759200,470.2,471.0,464.8,464.8,31891240,1,dnse,2026-09-21T07:14:24.587974+00:00
VNINDEX,1D,2011-03-23,1300845600,464.0,468.0,464.0,467.6,27018860,1,dnse,2026-09-21T07:14:24.587974+00:00
VNINDEX,1D,2011-03-24,1300932000,465.1,468.6,461.3,461.3,25184420,1,dnse,2026-09-21T07:14:24.587974+00:00
VNINDEX,1D,2011-03-25,1301018400,461.2,462.7,457.7,457.7,24991060,1,dnse,2026-09-21T07:14:24.587974+00:00
VNINDEX,1D,2011-03-28,1301277600,458.4,463.4,456.7,459.5,20391140,1,dnse,2026-09-21T07:14:24.587974+00:00
VNINDEX,1D,2011-03-29,1301364000,460.7,462.3,456.0,457.9,27935590,1,dnse,2026-09-21T07:14:24.587974+00:00
VNINDEX,1D,2011-03-30,1301450400,455.9,460.1,454.6,460.0,24372760,1,dnse,2026-09-21T07:14:24.587974+00:00
VNINDEX,1D,2011-03-31,1301536800,462.3,465.3,460.7,461.1,21014340,1,dnse,2026-09-21T07:14:24.587974+00:00
VNINDEX,1D,2011-04-01,1301623200,460.8,463.1,458.6,459.2,19989320,1,dnse,2026-09-21T07:14:24.587974+00:00
VNINDEX,1D,2011-04-04,1301882400,460.0,460.7,457.3,457.3,19221130,1,dnse,2026-09-21T07:14:24.587974+00:00
VNINDEX,1D,2011-04-05,1301968800,458.2,459.1,454.9,457.2,17505740,1,dnse,2026-09-21T07:14:24.587974+00:00
VNINDEX,1D,2011-04-06,1302055200,458.5,464.9,458.1,464.9,23335120,1,dnse,2026-09-21T07:14:24.587974+00:00
VNINDEX,1D,2011-04-07,1302141600,464.7,465.9,462.0,463.5,22006610,1,dnse,2026-09-21T07:14:24.587974+00:00
VNINDEX,1D,2011-04-08,1302228000,462.5,464.5,462.2,464.3,17885380,1,dnse,2026-09-21T07:14:24.587974+00:00
VNINDEX,1D,2011-04-13,1302660000,464.2,464.7,461.0,461.0,15659150,1,dnse,2026-09-21T07:14:24.587974+00:00
VNINDEX,1D,2011-04-14,1302746400,459.9,462.3,459.9,460.6,18691580,1,dnse,2026-09-21T07:14:24.587974+00:00
VNINDEX,1D,2011-04-15,1302832800,462.2,463.5,460.9,461.0,22262560,1,dnse,2026-09-21T07:14:24.587974+00:00
VNINDEX,1D,2011-04-18,1303092000,458.4,459.2,454.8,455.5,22418490,1,dnse,2026-09-21T07:14:24.587974+00:00
VNINDEX,1D,2011-04-19,1303178400,453.6,457.6,453.5,453.7,16524710,1,dnse,2026-09-21T07:14:24.587974+00:00
VNINDEX,1D,2011-04-20,1303264800,454.6,458.5,454.3,458.5,16546430,1,dnse,2026-09-21T07:14:24.587974+00:00
VNINDEX,1D,2011-04-21,1303351200,458.4,462.7,458.3,460.3,17006300,1,dnse,2026-09-21T07:14:24.587974+00:00
VNINDEX,1D,2011-04-22,1303437600,460.9,462.4,454.0,456.5,21266860,1,dnse,2026-09-21T07:14:24.587974+00:00
VNINDEX,1D,2011-04-25,1303696800,459.0,467.0,459.0,465.6,21079130,1,dnse,2026-09-21T07:14:24.587974+00:00
VNINDEX,1D,2011-04-26,1303783200,463.8,468.1,461.5,461.9,19623170,1,dnse,2026-09-21T07:14:24.587974+00:00
VNINDEX,1D,2011-04-27,1303869600,466.0,469.3,463.7,469.3,19567290,1,dnse,2026-09-21T07:14:24.587974+00:00
VNINDEX,1D,2011-04-28,1303956000,472.2,474.7,472.2,472.9,16846370,1,dnse,2026-09-21T07:14:24.587974+00:00
VNINDEX,1D,2011-04-29,1304042400,477.4,481.1,477.1,480.1,18604900,1,dnse,2026-09-21T07:14:24.587974+00:00
VNINDEX,1D,2011-05-04,1304474400,483.3,488.0,482.6,486.6,16159210,1,dnse,2026-09-21T07:14:24.587974+00:00
VNINDEX,1D,2011-05-05,1304560800,486.0,487.0,476.5,479.3,16288750,1,dnse,2026-09-21T07:14:24.587974+00:00
VNINDEX,1D,2011-05-06,1304647200,472.5,473.6,470.1,472.7,14997140,1,dnse,2026-09-21T07:14:24.587974+00:00
VNINDEX,1D,2011-05-09,1304906400,469.0,477.5,467.8,477.5,16398710,1,dnse,2026-09-21T07:14:24.587974+00:00
VNINDEX,1D,2011-05-10,1304992800,479.0,481.7,478.6,481.3,14589400,1,dnse,2026-09-21T07:14:24.587974+00:00
VNINDEX,1D,2011-05-11,1305079200,479.1,483.7,479.1,483.2,15499200,1,dnse,2026-09-21T07:14:24.587974+00:00
VNINDEX,1D,2011-05-12,1305165600,483.1,484.7,480.1,482.1,14798160,1,dnse,2026-09-21T07:14:24.587974+00:00
VNINDEX,1D,2011-05-13,1305252000,482.0,482.5,478.6,479.7,16906020,1,dnse,2026-09-21T07:14:24.587974+00:00
VNINDEX,1D,2011-05-16,1305511200,479.0,481.5,471.5,471.5,18741240,1,dnse,2026-09-21T07:14:24.587974+00:00
VNINDEX,1D,2011-05-17,1305597600,471.5,474.6,464.4,464.4,20824430,1,dnse,2026-09-21T07:14:24.587974+00:00
VNINDEX,1D,2011-05-18,1305684000,458.4,459.2,451.5,454.9,25478660,1,dnse,2026-09-21T07:14:24.587974+00:00
VNINDEX,1D,2011-05-19,1305770400,450.9,456.5,444.9,444.9,20677330,1,dnse,2026-09-21T07:14:24.587974+00:00
VNINDEX,1D,2011-05-20,1305856800,444.9,444.9,432.2,432.9,24896000,1,dnse,2026-09-21T07:14:24.587974+00:00
VNINDEX,1D,2011-05-23,1306116000,430.5,430.5,416.1,417.8,28805780,1,dnse,2026-09-21T07:14:24.587974+00:00
VNINDEX,1D,2011-05-24,1306202400,407.2,407.6,402.1,402.6,32695470,1,dnse,2026-09-21T07:14:24.587974+00:00
VNINDEX,1D,2011-05-25,1306288800,388.6,389.9,385.7,386.4,28703320,1,dnse,2026-09-21T07:14:24.587974+00:00
VNINDEX,1D,2011-05-26,1306375200,386.4,398.0,371.0,398.0,41625890,1,dnse,2026-09-21T07:14:24.587974+00:00
VNINDEX,1D,2011-05-27,1306461600,406.8,410.8,405.8,410.8,26609500,1,dnse,2026-09-21T07:14:24.587974+00:00
VNINDEX,1D,2011-05-30,1306720800,417.1,417.4,412.0,412.1,24198710,1,dnse,2026-09-21T07:14:24.587974+00:00
VNINDEX,1D,2011-05-31,1306807200,415.0,421.4,414.9,421.4,19763890,1,dnse,2026-09-21T07:14:24.587974+00:00
VNINDEX,1D,2011-06-01,1306893600,423.0,435.7,420.9,435.7,28167240,1,dnse,2026-09-21T07:14:24.587974+00:00
VNINDEX,1D,2011-06-02,1306980000,446.7,450.6,446.0,450.6,31454970,1,dnse,2026-09-21T07:14:24.587974+00:00
VNINDEX,1D,2011-06-03,1307066400,461.9,461.9,436.5,443.4,44203980,1,dnse,2026-09-21T07:14:24.587974+00:00
VNINDEX,1D,2011-06-06,1307325600,435.0,436.9,430.2,433.8,18826220,1,dnse,2026-09-21T07:14:24.587974+00:00
VNINDEX,1D,2011-06-07,1307412000,443.1,448.4,441.4,443.7,29655170,1,dnse,2026-09-21T07:14:24.587974+00:00
VNINDEX,1D,2011-06-08,1307498400,445.4,447.0,436.2,439.6,32255700,1,dnse,2026-09-21T07:14:24.587974+00:00
VNINDEX,1D,2011-06-09,1307584800,439.8,444.1,437.9,444.0,26247260,1,dnse,2026-09-21T07:14:24.587974+00:00
VNINDEX,1D,2011-06-10,1307671200,446.5,451.8,445.0,445.0,38338750,1,dnse,2026-09-21T07:14:24.587974+00:00
VNINDEX,1D,2011-06-13,1307930400,443.5,446.1,442.0,442.7,33418190,1,dnse,2026-09-21T07:14:24.587974+00:00
VNINDEX,1D,2011-06-14,1308016800,441.1,452.6,440.6,441.5,55335130,1,dnse,2026-09-21T07:14:24.587974+00:00
VNINDEX,1D,2011-06-15,1308103200,442.9,443.4,436.2,441.5,40589410,1,dnse,2026-09-21T07:14:24.587974+00:00
VNINDEX,1D,2011-06-16,1308189600,439.6,445.7,438.5,445.2,31584930,1,dnse,2026-09-21T07:14:24.587974+00:00
VNINDEX,1D,2011-06-17,1308276000,445.9,447.0,438.6,438.9,45206070,1,dnse,2026-09-21T07:14:24.587974+00:00
VNINDEX,1D,2011-06-20,1308535200,438.1,440.2,431.6,431.6,32334480,1,dnse,2026-09-21T07:14:24.587974+00:00
VNINDEX,1D,2011-06-21,1308621600,432.8,442.7,432.8,442.7,24798840,1,dnse,2026-09-21T07:14:24.587974+00:00
VNINDEX,1D,2011-06-22,1308708000,444.3,445.5,439.3,439.6,21760520,1,dnse,2026-09-21T07:14:24.587974+00:00
VNINDEX,1D,2011-06-23,1308794400,436.9,440.5,434.4,434.8,17521100,1,dnse,2026-09-21T07:14:24.587974+00:00
VNINDEX,1D,2011-06-24,1308880800,436.2,436.2,432.8,433.4,17481110,1,dnse,2026-09-21T07:14:24.587974+00:00
VNINDEX,1D,2011-06-27,1309140000,437.0,438.5,433.6,434.3,17300580,1,dnse,2026-09-21T07:14:24.587974+00:00
VNINDEX,1D,2011-06-28,1309226400,432.3,432.3,432.3,432.3,19028520,1,dnse,2026-09-21T07:14:24.587974+00:00
VNINDEX,1D,2011-06-29,1309312800,433.1,434.9,430.9,434.6,17262650,1,dnse,2026-09-21T07:14:24.587974+00:00
VNINDEX,1D,2011-06-30,1309399200,434.6,435.6,432.2,432.5,16659940,1,dnse,2026-09-21T07:14:24.587974+00:00
VNINDEX,1D,2011-07-01,1309485600,432.5,432.5,424.3,425.3,21711420,1,dnse,2026-09-21T07:14:24.587974+00:00
VNINDEX,1D,2011-07-04,1309744800,425.0,426.2,423.4,425.4,15307620,1,dnse,2026-09-21T07:14:24.587974+00:00
VNINDEX,1D,2011-07-05,1309831200,425.4,434.1,425.4,431.0,19330750,1,dnse,2026-09-21T07:14:24.587974+00:00
VNINDEX,1D,2011-07-06,1309917600,431.0,432.8,427.8,428.3,13494500,1,dnse,2026-09-21T07:14:24.587974+00:00
VNINDEX,1D,2011-07-07,1310004000,428.3,431.0,426.5,430.0,14604310,1,dnse,2026-09-21T07:14:24.587974+00:00
VNINDEX,1D,2011-07-08,1310090400,430.0,431.4,428.8,430.3,15893240,1,dnse,2026-09-21T07:14:24.587974+00:00
VNINDEX,1D,2011-07-11,1310349600,430.3,430.3,425.1,425.1,15228610,1,dnse,2026-09-21T07:14:24.587974+00:00
VNINDEX,1D,2011-07-12,1310436000,425.1,425.1,416.9,417.3,17964450,1,dnse,2026-09-21T07:14:24.587974+00:00
VNINDEX,1D,2011-07-13,1310522400,422.2,422.7,417.6,418.2,17168620,1,dnse,2026-09-21T07:14:24.587974+00:00
VNINDEX,1D,2011-07-14,1310608800,418.1,419.6,414.3,418.9,15529830,1,dnse,2026-09-21T07:14:24.587974+00:00
VNINDEX,1D,2011-07-15,1310695200,419.8,419.8,412.5,414.7,17129510,1,dnse,2026-09-21T07:14:24.587974+00:00
VNINDEX,1D,2011-07-18,1310954400,412.9,415.8,411.2,415.8,15462900,1,dnse,2026-09-21T07:14:24.587974+00:00
VNINDEX,1D,2011-07-19,1311040800,415.8,415.4,409.2,410.1,12890860,1,dnse,2026-09-21T07:14:24.587974+00:00
VNINDEX,1D,2011-07-20,1311127200,410.1,416.8,410.1,416.8,16222870,1,dnse,2026-09-21T07:14:24.587974+00:00
VNINDEX,1D,2011-07-21,1311213600,416.8,417.1,412.2,413.1,15311670,1,dnse,2026-09-21T07:14:24.587974+00:00
VNINDEX,1D,2011-07-22,1311300000,413.06,413.06,408.96,409.2,12651350,1,dnse,2026-09-21T07:14:24.587974+00:00
VNINDEX,1D,2011-07-25,1311559200,409.2,410.38,407.58,409.36,10512550,1,dnse,2026-09-21T07:14:24.587974+00:00
VNINDEX,1D,2011-07-26,1311645600,408.9,410.8,407.3,409.4,14611410,1,dnse,2026-09-21T07:14:24.587974+00:00
VNINDEX,1D,2011-07-27,1311732000,409.54,409.81,406.45,409.4,13990820,1,dnse,2026-09-21T07:14:24.587974+00:00
VNINDEX,1D,2011-07-28,1311818400,409.2,411.4,408.2,408.4,14569930,1,dnse,2026-09-21T07:14:24.587974+00:00
VNINDEX,1D,2011-07-29,1311904800,407.58,409.04,402.2,405.7,15606540,1,dnse,2026-09-21T07:14:24.587974+00:00
VNINDEX,1D,2011-08-01,1312164000,404.84,404.91,400.49,401.95,15828610,1,dnse,2026-09-21T07:14:24.587974+00:00
VNINDEX,1D,2011-08-02,1312250400,398.92,400.11,396.23,396.55,19056510,1,dnse,2026-09-21T07:14:24.587974+00:00
VNINDEX,1D,2011-08-03,1312336800,393.6,394.15,388.79,391.47,21451520,1,dnse,2026-09-21T07:14:24.587974+00:00
VNINDEX,1D,2011-08-04,1312423200,392.93,398.74,392.92,396.05,22740560,1,dnse,2026-09-21T07:14:24.587974+00:00
VNINDEX,1D,2011-08-05,1312509600,394.83,399.68,394.83,397.66,19998550,1,dnse,2026-09-21T07:14:24.587974+00:00
VNINDEX,1D,2011-08-08,1312768800,399.2,400.69,395.1,396.4,19929670,1,dnse,2026-09-21T07:14:24.587974+00:00
VNINDEX,1D,2011-08-09,1312855200,388.78,388.82,385.76,387.7,31784690,1,dnse,2026-09-21T07:14:24.587974+00:00
VNINDEX,1D,2011-08-10,1312941600,388.6,390.9,385.3,386.0,19474270,1,dnse,2026-09-21T07:14:24.587974+00:00
VNINDEX,1D,2011-08-11,1313028000,381.0,386.0,379.8,384.4,15699460,1,dnse,2026-09-21T07:14:24.587974+00:00
VNINDEX,1D,2011-08-12,1313114400,385.16,387.13,383.58,383.92,13694020,1,dnse,2026-09-21T07:14:24.587974+00:00
VNINDEX,1D,2011-08-15,1313373600,384.5,385.0,383.4,384.32,12784520,1,dnse,2026-09-21T07:14:24.587974+00:00
VNINDEX,1D,2011-08-16,1313460000,383.66,388.48,383.66,386.48,13602570,1,dnse,2026-09-21T07:14:24.587974+00:00
VNINDEX,1D,2011-08-17,1313546400,387.65,393.46,387.65,393.46,21505730,1,dnse,2026-09-21T07:14:24.587974+00:00
VNINDEX,1D,2011-08-18,1313632800,398.21,402.89,397.7,402.89,27398650,1,dnse,2026-09-21T07:14:24.587974+00:00
VNINDEX,1D,2011-08-19,1313719200,399.98,400.76,396.2,400.76,21476780,1,dnse,2026-09-21T07:14:24.587974+00:00
VNINDEX,1D,2011-08-22,1313978400,401.87,406.75,401.87,406.03,27931820,1,dnse,2026-09-21T07:14:24.587974+00:00
VNINDEX,1D,2011-08-23,1314064800,405.19,405.19,401.23,401.28,25500990,1,dnse,2026-09-21T07:14:24.587974+00:00
VNINDEX,1D,2011-08-24,1314151200,403.21,406.29,396.68,396.68,25328760,1,dnse,2026-09-21T07:14:24.587974+00:00
VNINDEX,1D,2011-08-25,1314237600,398.46,402.19,397.93,401.65,22937350,1,dnse,2026-09-21T07:14:24.587974+00:00
VNINDEX,1D,2011-08-26,1314324000,403.2,406.0,401.7,404.4,23144300,1,dnse,2026-09-21T07:14:24.587974+00:00
VNINDEX,1D,2011-08-29,1314583200,405.89,413.37,405.26,413.37,32266490,1,dnse,2026-09-21T07:14:24.587974+00:00
VNINDEX,1D,2011-08-30,1314669600,421.81,423.01,416.84,419.26,39535740,1,dnse,2026-09-21T07:14:24.587974+00:00
VNINDEX,1D,2011-08-31,1314756000,421.45,426.29,417.79,425.43,40622520,1,dnse,2026-09-21T07:14:24.587974+00:00
VNINDEX,1D,2011-09-01,1314842400,429.49,435.29,429.31,435.29,47176370,1,dnse,2026-09-21T07:14:24.587974+00:00
VNINDEX,1D,2011-09-05,1315188000,438.35,439.82,432.07,435.73,49711930,1,dnse,2026-09-21T07:14:24.587974+00:00
VNINDEX,1D,2011-09-06,1315274400,434.02,437.58,430.82,436.16,37092010,1,dnse,2026-09-21T07:14:24.587974+00:00
VNINDEX,1D,2011-09-07,1315360800,444.4,445.72,440.44,443.99,41854450,1,dnse,2026-09-21T07:14:24.587974+00:00
VNINDEX,1D,2011-09-08,1315447200,450.4,457.41,449.97,453.26,55809690,1,dnse,2026-09-21T07:14:24.587974+00:00
VNINDEX,1D,2011-09-09,1315533600,452.94,460.17,452.33,459.92,42499540,1,dnse,2026-09-21T07:14:24.587974+00:00
VNINDEX,1D,2011-09-12,1315792800,461.14,465.41,460.49,462.93,45092230,1,dnse,2026-09-21T07:14:24.587974+00:00
VNINDEX,1D,2011-09-13,1315879200,469.5,471.07,466.69,469.4,62235100,1,dnse,2026-09-21T07:14:24.587974+00:00
VNINDEX,1D,2011-09-14,1315965600,469.33,475.45,466.99,466.99,73281320,1,dnse,2026-09-21T07:14:24.587974+00:00
VNINDEX,1D,2011-09-15,1316052000,462.72,470.9,461.31,470.67,56292580,1,dnse,2026-09-21T07:14:24.587974+00:00
VNINDEX,1D,2011-09-16,1316138400,470.87,473.56,457.11,457.11,51789700,1,dnse,2026-09-21T07:14:24.587974+00:00
VNINDEX,1D,2011-09-19,1316397600,450.21,461.68,449.5,461.68,37011670,1,dnse,2026-09-21T07:14:24.587974+00:00
VNINDEX,1D,2011-09-20,1316484000,459.32,459.32,454.17,454.37,38785810,1,dnse,2026-09-21T07:14:24.587974+00:00
VNINDEX,1D,2011-09-21,1316570400,451.99,454.48,446.65,447.57,37266820,1,dnse,2026-09-21T07:14:24.587974+00:00
VNINDEX,1D,2011-09-22,1316656800,443.3,449.3,441.67,449.26,36814710,1,dnse,2026-09-21T07:14:24.587974+00:00
VNINDEX,1D,2011-09-23,1316743200,439.61,442.14,438.58,440.3,32491970,1,dnse,2026-09-21T07:14:24.587974+00:00
VNINDEX,1D,2011-09-26,1317002400,436.63,444.4,431.78,434.43,27404550,1,dnse,2026-09-21T07:14:24.587974+00:00
VNINDEX,1D,2011-09-27,1317088800,434.02,440.95,431.86,437.47,30068540,1,dnse,2026-09-21T07:14:24.587974+00:00
VNINDEX,1D,2011-09-28,1317175200,441.53,442.53,433.97,433.97,32160640,1,dnse,2026-09-21T07:14:24.587974+00:00
VNINDEX,1D,2011-09-29,1317261600,431.8,433.38,425.02,428.08,56543580,1,dnse,2026-09-21T07:14:24.587974+00:00
VNINDEX,1D,2011-09-30,1317348000,426.13,433.09,424.64,427.6,29289990,1,dnse,2026-09-21T07:14:24.587974+00:00
VNINDEX,1D,2011-10-03,1317607200,426.43,428.28,422.12,422.12,26605920,1,dnse,2026-09-21T07:14:24.587974+00:00
VNINDEX,1D,2011-10-04,1317693600,417.46,420.46,415.35,418.18,27141370,1,dnse,2026-09-21T07:14:24.587974+00:00
VNINDEX,1D,2011-10-05,1317780000,420.74,422.71,415.85,417.21,34989030,1,dnse,2026-09-21T07:14:24.587974+00:00
VNINDEX,1D,2011-10-06,1317866400,417.94,423.08,417.94,421.3,30463810,1,dnse,2026-09-21T07:14:24.587974+00:00
VNINDEX,1D,2011-10-07,1317952800,423.46,423.74,417.96,417.96,27044370,1,dnse,2026-09-21T07:14:24.587974+00:00
VNINDEX,1D,2011-10-10,1318212000,416.77,421.52,415.73,419.66,20138130,1,dnse,2026-09-21T07:14:24.587974+00:00
VNINDEX,1D,2011-10-11,1318298400,421.0,421.29,417.35,417.73,23093700,1,dnse,2026-09-21T07:14:24.587974+00:00
VNINDEX,1D,2011-10-12,1318384800,414.41,415.37,409.3,410.91,32519160,1,dnse,2026-09-21T07:14:24.587974+00:00
VNINDEX,1D,2011-10-13,1318471200,411.17,413.71,407.61,412.59,24413930,1,dnse,2026-09-21T07:14:24.587974+00:00
VNINDEX,1D,2011-10-14,1318557600,413.12,415.62,412.59,414.49,19965800,1,dnse,2026-09-21T07:14:24.587974+00:00
VNINDEX,1D,2011-10-17,1318816800,415.52,415.52,410.33,410.84,20921590,1,dnse,2026-09-21T07:14:24.587974+00:00
VNINDEX,1D,2011-10-18,1318903200,407.44,408.11,404.32,404.32,21473490,1,dnse,2026-09-21T07:14:24.587974+00:00
VNINDEX,1D,2011-10-19,1318989600,404.32,407.02,399.08,401.15,19786910,1,dnse,2026-09-21T07:14:24.587974+00:00
VNINDEX,1D,2011-10-20,1319076000,402.86,404.85,401.62,403.73,13655790,1,dnse,2026-09-21T07:14:24.587974+00:00
VNINDEX,1D,2011-10-21,1319162400,405.44,411.79,405.44,411.03,22498990,1,dnse,2026-09-21T07:14:24.587974+00:00
VNINDEX,1D,2011-10-24,1319421600,415.9,418.34,414.46,414.46,19773030,1,dnse,2026-09-21T07:14:24.587974+00:00
VNINDEX,1D,2011-10-25,1319508000,416.06,417.07,409.38,409.38,17956640,1,dnse,2026-09-21T07:14:24.587974+00:00
VNINDEX,1D,2011-10-26,1319594400,410.42,413.66,410.35,412.1,18505100,1,dnse,2026-09-21T07:14:24.587974+00:00
VNINDEX,1D,2011-10-27,1319680800,414.63,415.59,412.79,414.75,18063250,1,dnse,2026-09-21T07:14:24.587974+00:00
VNINDEX,1D,2011-10-28,1319767200,418.83,422.45,415.52,422.07,36267220,1,dnse,2026-09-21T07:14:24.587974+00:00
VNINDEX,1D,2011-10-31,1320026400,418.83,428.86,420.81,420.81,35210550,1,dnse,2026-09-21T07:14:24.587974+00:00
VNINDEX,1D,2011-11-01,1320112800,418.77,419.16,412.6,413.82,27176620,1,dnse,2026-09-21T07:14:24.587974+00:00
VNINDEX,1D,2011-11-02,1320199200,410.02,412.06,407.07,407.79,24418500,1,dnse,2026-09-21T07:14:24.587974+00:00
VNINDEX,1D,2011-11-03,1320285600,408.18,410.48,405.72,408.44,21944380,1,dnse,2026-09-21T07:14:24.587974+00:00
VNINDEX,1D,2011-11-04,1320372000,411.22,412.79,410.37,410.57,21569560,1,dnse,2026-09-21T07:14:24.587974+00:00
VNINDEX,1D,2011-11-07,1320631200,409.78,413.94,408.66,410.52,25581440,1,dnse,2026-09-21T07:14:24.587974+00:00
VNINDEX,1D,2011-11-08,1320717600,408.36,409.76,405.17,408.6,21847320,1,dnse,2026-09-21T07:14:24.587974+00:00
VNINDEX,1D,2011-11-09,1320804000,409.19,410.21,404.18,405.19,17097170,1,dnse,2026-09-21T07:14:24.587974+00:00
VNINDEX,1D,2011-11-10,1320890400,402.47,402.47,399.29,401.03,20710210,1,dnse,2026-09-21T07:14:24.587974+00:00
VNINDEX,1D,2011-11-11,1320976800,399.67,403.4,396.3,396.3,21875250,1,dnse,2026-09-21T07:14:24.587974+00:00
VNINDEX,1D,2011-11-14,1321236000,397.52,397.7,389.04,391.74,27130240,1,dnse,2026-09-21T07:14:24.587974+00:00
VNINDEX,1D,2011-11-15,1321322400,391.63,393.46,386.47,387.87,26963620,1,dnse,2026-09-21T07:14:24.587974+00:00
VNINDEX,1D,2011-11-16,1321408800,389.25,392.98,388.51,390.89,25943180,1,dnse,2026-09-21T07:14:24.587974+00:00
VNINDEX,1D,2011-11-17,1321495200,390.91,392.23,385.86,385.86,21918840,1,dnse,2026-09-21T07:14:24.587974+00:00
VNINDEX,1D,2011-11-18,1321581600,383.14,383.45,377.46,379.62,27391450,1,dnse,2026-09-21T07:14:24.587974+00:00
VNINDEX,1D,2011-11-21,1321840800,380.4,382.71,377.92,379.14,18436530,1,dnse,2026-09-21T07:14:24.587974+00:00
VNINDEX,1D,2011-11-22,1321927200,377.46,382.62,375.93,381.76,22470270,1,dnse,2026-09-21T07:14:24.587974+00:00
VNINDEX,1D,2011-11-23,1322013600,385.15,388.57,384.84,388.57,21175900,1,dnse,2026-09-21T07:14:24.587974+00:00
VNINDEX,1D,2011-11-24,1322100000,387.26,389.29,381.78,381.78,19812290,1,dnse,2026-09-21T07:14:24.587974+00:00
VNINDEX,1D,2011-11-25,1322186400,381.78,383.74,379.38,383.35,17064240,1,dnse,2026-09-21T07:14:24.587974+00:00
VNINDEX,1D,2011-11-28,1322445600,386.04,388.98,383.05,383.31,23924210,1,dnse,2026-09-21T07:14:24.587974+00:00
VNINDEX,1D,2011-11-29,1322532000,385.78,386.55,382.9,382.9,17443900,1,dnse,2026-09-21T07:14:24.587974+00:00
VNINDEX,1D,2011-11-30,1322618400,381.88,382.62,378.78,380.69,21187010,1,dnse,2026-09-21T07:14:24.587974+00:00
VNINDEX,1D,2011-12-01,1322704800,380.47,382.87,377.03,380.1,17643450,1,dnse,2026-09-21T07:14:24.587974+00:00
VNINDEX,1D,2011-12-02,1322791200,380.92,383.88,380.36,383.88,19808870,1,dnse,2026-09-21T07:14:24.587974+00:00
VNINDEX,1D,2011-12-05,1323050400,385.82,391.71,385.82,391.19,31626940,1,dnse,2026-09-21T07:14:24.587974+00:00
VNINDEX,1D,2011-12-06,1323136800,393.92,396.29,390.2,390.2,33816160,1,dnse,2026-09-21T07:14:24.587974+00:00
VNINDEX,1D,2011-12-07,1323223200,389.15,389.69,386.71,387.21,25848200,1,dnse,2026-09-21T07:14:24.587974+00:00
VNINDEX,1D,2011-12-08,1323309600,387.02,388.35,381.63,381.63,24726570,1,dnse,2026-09-21T07:14:24.587974+00:00
VNINDEX,1D,2011-12-09,1323396000,381.28,382.13,375.67,377.16,26815380,1,dnse,2026-09-21T07:14:24.587974+00:00
VNINDEX,1D,2011-12-12,1323655200,376.97,378.82,373.89,375.3,25025490,1,dnse,2026-09-21T07:14:24.587974+00:00
VNINDEX,1D,2011-12-13,1323741600,374.11,377.17,371.75,371.75,24121800,1,dnse,2026-09-21T07:14:24.587974+00:00
VNINDEX,1D,2011-12-14,1323828000,371.75,374.42,366.64,367.55,32579780,1,dnse,2026-09-21T07:14:24.587974+00:00
VNINDEX,1D,2011-12-15,1323914400,364.14,365.09,360.16,364.48,33685980,1,dnse,2026-09-21T07:14:24.587974+00:00
VNINDEX,1D,2011-12-16,1324000800,364.37,369.65,363.8,366.03,31830080,1,dnse,2026-09-21T07:14:24.587974+00:00
VNINDEX,1D,2011-12-19,1324260000,365.71,367.95,364.73,367.4,20977830,1,dnse,2026-09-21T07:14:24.587974+00:00
VNINDEX,1D,2011-12-20,1324346400,365.5,369.09,363.22,365.67,21369910,1,dnse,2026-09-21T07:14:24.587974+00:00
VNINDEX,1D,2011-12-21,1324432800,368.8,369.48,366.96,367.72,23306380,1,dnse,2026-09-21T07:14:24.587974+00:00
VNINDEX,1D,2011-12-22,1324519200,366.68,366.78,359.12,360.37,31386790,1,dnse,2026-09-21T07:14:24.587974+00:00
VNINDEX,1D,2011-12-23,1324605600,352.48,356.97,352.21,356.21,21736880,1,dnse,2026-09-21T07:14:24.587974+00:00
VNINDEX,1D,2011-12-26,1324864800,356.15,356.15,349.7,352.68,19421120,1,dnse,2026-09-21T07:14:24.587974+00:00
VNINDEX,1D,2011-12-27,1324951200,348.42,348.83,346.48,347.8,26464690,1,dnse,2026-09-21T07:14:24.587974+00:00
VNINDEX,1D,2011-12-28,1325037600,347.59,351.34,347.17,350.66,26615560,1,dnse,2026-09-21T07:14:24.587974+00:00
VNINDEX,1D,2011-12-29,1325124000,349.06,350.51,347.39,350.51,21775300,1,dnse,2026-09-21T07:14:24.587974+00:00
VNINDEX,1D,2011-12-30,1325210400,351.83,352.46,348.3,351.55,26441080,1,dnse,2026-09-21T07:14:24.587974+00:00
VNINDEX,1D,2012-01-03,1325556000,351.37,354.02,349.31,350.0,13737030,1,dnse,2026-09-21T07:14:24.587974+00:00
VNINDEX,1D,2012-01-04,1325642400,349.22,349.92,348.24,348.84,19643360,1,dnse,2026-09-21T07:14:24.587974+00:00
VNINDEX,1D,2012-01-05,1325728800,346.42,347.13,340.94,340.94,17221570,1,dnse,2026-09-21T07:14:24.587974+00:00
VNINDEX,1D,2012-01-06,1325815200,340.19,340.19,336.49,336.73,19779270,1,dnse,2026-09-21T07:14:24.587974+00:00
VNINDEX,1D,2012-01-09,1326074400,334.93,339.32,332.28,339.32,19198950,1,dnse,2026-09-21T07:14:24.587974+00:00
VNINDEX,1D,2012-01-10,1326160800,336.84,345.25,336.84,344.68,24725890,1,dnse,2026-09-21T07:14:24.587974+00:00
VNINDEX,1D,2012-01-11,1326247200,347.98,349.45,346.71,347.43,20793880,1,dnse,2026-09-21T07:14:24.587974+00:00
VNINDEX,1D,2012-01-12,1326333600,347.78,349.44,347.22,348.11,18662540,1,dnse,2026-09-21T07:14:24.587974+00:00
VNINDEX,1D,2012-01-13,1326420000,349.31,354.33,349.31,354.33,16398250,1,dnse,2026-09-21T07:14:24.587974+00:00
VNINDEX,1D,2012-01-16,1326679200,356.77,360.08,355.97,357.87,20302930,1,dnse,2026-09-21T07:14:24.587974+00:00
VNINDEX,1D,2012-01-17,1326765600,357.52,363.5,357.1,358.86,16112970,1,dnse,2026-09-21T07:14:24.587974+00:00
VNINDEX,1D,2012-01-18,1326852000,360.81,363.3,360.47,362.66,13022720,1,dnse,2026-09-21T07:14:24.587974+00:00
VNINDEX,1D,2012-01-19,1326938400,363.15,373.43,363.04,373.43,19593160,1,dnse,2026-09-21T07:14:24.587974+00:00
VNINDEX,1D,2012-01-20,1327024800,378.07,378.07,373.0,373.0,20282210,1,dnse,2026-09-21T07:14:24.587974+00:00
VNINDEX,1D,2012-01-30,1327888800,375.1,384.94,373.1,384.94,18491240,1,dnse,2026-09-21T07:14:24.587974+00:00
VNINDEX,1D,2012-01-31,1327975200,390.43,393.92,387.97,387.97,37141730,1,dnse,2026-09-21T07:14:24.587974+00:00
VNINDEX,1D,2012-02-01,1328061600,388.7,390.67,383.05,390.67,30800590,1,dnse,2026-09-21T07:14:24.587974+00:00
VNINDEX,1D,2012-02-02,1328148000,393.89,401.61,393.82,401.61,39209510,1,dnse,2026-09-21T07:14:24.587974+00:00
VNINDEX,1D,2012-02-03,1328234400,408.95,411.38,401.74,401.74,55293290,1,dnse,2026-09-21T07:14:24.587974+00:00
VNINDEX,1D,2012-02-06,1328493600,402.36,402.38,394.91,399.73,28639550,1,dnse,2026-09-21T07:14:24.587974+00:00
VNINDEX,1D,2012-02-07,1328580000,400.43,402.5,396.02,401.08,32063940,1,dnse,2026-09-21T07:14:24.587974+00:00
VNINDEX,1D,2012-02-08,1328666400,403.74,409.74,401.51,409.53,41644860,1,dnse,2026-09-21T07:14:24.587974+00:00
VNINDEX,1D,2012-02-09,1328752800,412.98,414.6,409.18,411.39,41021360,1,dnse,2026-09-21T07:14:24.587974+00:00
VNINDEX,1D,2012-02-10,1328839200,410.11,409.97,403.65,405.02,45896610,1,dnse,2026-09-21T07:14:24.587974+00:00
VNINDEX,1D,2012-02-13,1329098400,402.37,405.02,395.54,395.54,28103480,1,dnse,2026-09-21T07:14:24.587974+00:00
VNINDEX,1D,2012-02-14,1329184800,391.08,400.26,391.08,400.26,28107570,1,dnse,2026-09-21T07:14:24.587974+00:00
VNINDEX,1D,2012-02-15,1329271200,398.61,400.66,394.38,397.41,29091950,1,dnse,2026-09-21T07:14:24.587974+00:00
VNINDEX,1D,2012-02-16,1329357600,395.2,398.44,393.66,396.51,31249860,1,dnse,2026-09-21T07:14:24.587974+00:00
VNINDEX,1D,2012-02-17,1329444000,397.98,403.3,397.98,403.3,29820360,1,dnse,2026-09-21T07:14:24.587974+00:00
VNINDEX,1D,2012-02-20,1329703200,409.83,414.5,408.98,413.98,42285070,1,dnse,2026-09-21T07:14:24.587974+00:00
VNINDEX,1D,2012-02-21,1329789600,421.81,422.19,410.32,410.91,56654590,1,dnse,2026-09-21T07:14:24.587974+00:00
VNINDEX,1D,2012-02-22,1329876000,410.63,418.41,410.63,418.41,47041290,1,dnse,2026-09-21T07:14:24.587974+00:00
VNINDEX,1D,2012-02-23,1329962400,419.49,423.89,416.45,423.89,60216010,1,dnse,2026-09-21T07:14:24.587974+00:00
VNINDEX,1D,2012-02-24,1330048800,427.1,429.42,423.43,423.43,68663910,1,dnse,2026-09-21T07:14:24.587974+00:00
VNINDEX,1D,2012-02-27,1330308000,426.03,430.75,425.66,428.41,61428800,1,dnse,2026-09-21T07:14:24.587974+00:00
VNINDEX,1D,2012-02-28,1330394400,429.26,431.11,421.65,422.22,84449500,1,dnse,2026-09-21T07:14:24.587974+00:00
VNINDEX,1D,2012-02-29,1330480800,420.02,423.64,418.01,423.64,68926990,1,dnse,2026-09-21T07:14:24.587974+00:00
VNINDEX,1D,2012-03-01,1330567200,426.48,427.95,422.65,427.95,58982220,1,dnse,2026-09-21T07:14:24.587974+00:00
VNINDEX,1D,2012-03-02,1330653600,432.32,439.6,431.79,439.6,74979590,1,dnse,2026-09-21T07:14:24.587974+00:00
VNINDEX,1D,2012-03-05,1330912800,448.66,459.8,448.66,457.21,65544530,1,dnse,2026-09-21T07:14:24.587974+00:00
VNINDEX,1D,2012-03-06,1330999200,465.63,468.15,444.99,445.0,143229740,1,dnse,2026-09-21T07:14:24.587974+00:00
VNINDEX,1D,2012-03-07,1331085600,442.74,444.25,433.69,444.02,97945750,1,dnse,2026-09-21T07:14:24.587974+00:00
VNINDEX,1D,2012-03-08,1331172000,436.44,443.5,431.66,431.66,83407280,1,dnse,2026-09-21T07:14:24.587974+00:00
VNINDEX,1D,2012-03-09,1331258400,429.2,435.27,424.43,432.11,71638930,1,dnse,2026-09-21T07:14:24.587974+00:00
VNINDEX,1D,2012-03-12,1331517600,429.83,432.61,423.43,428.02,68550570,1,dnse,2026-09-21T07:14:24.587974+00:00
VNINDEX,1D,2012-03-13,1331604000,429.73,433.66,427.76,429.39,58475180,1,dnse,2026-09-21T07:14:24.587974+00:00
VNINDEX,1D,2012-03-14,1331690400,435.73,437.23,429.22,433.86,59926960,1,dnse,2026-09-21T07:14:24.587974+00:00
VNINDEX,1D,2012-03-15,1331776800,433.47,442.55,430.39,441.85,88589620,1,dnse,2026-09-21T07:14:24.587974+00:00
VNINDEX,1D,2012-03-16,1331863200,449.66,450.32,438.52,438.52,105559940,1,dnse,2026-09-21T07:14:24.587974+00:00
VNINDEX,1D,2012-03-19,1332122400,435.82,440.92,433.6,438.07,51449420,1,dnse,2026-09-21T07:14:24.587974+00:00
VNINDEX,1D,2012-03-20,1332208800,435.2,441.73,435.2,440.29,56347500,1,dnse,2026-09-21T07:14:24.587974+00:00
VNINDEX,1D,2012-03-21,1332295200,443.43,450.25,443.13,445.77,95897710,1,dnse,2026-09-21T07:14:24.587974+00:00
VNINDEX,1D,2012-03-22,1332381600,442.77,448.92,442.44,445.67,76080350,1,dnse,2026-09-21T07:14:24.587974+00:00
VNINDEX,1D,2012-03-23,1332468000,448.93,455.16,448.85,454.1,85360500,1,dnse,2026-09-21T07:14:24.587974+00:00
VNINDEX,1D,2012-03-26,1332727200,458.21,459.26,451.46,459.26,89726030,1,dnse,2026-09-21T07:14:24.587974+00:00
VNINDEX,1D,2012-03-27,1332813600,459.3,445.9,445.9,445.9,115772320,1,dnse,2026-09-21T07:14:24.587974+00:00
VNINDEX,1D,2012-03-28,1332900000,443.2,447.14,437.05,446.32,76397450,1,dnse,2026-09-21T07:14:24.587974+00:00
VNINDEX,1D,2012-03-29,1332986400,449.01,449.01,439.47,439.63,71130040,1,dnse,2026-09-21T07:14:24.587974+00:00
VNINDEX,1D,2012-03-30,1333072800,442.57,443.74,437.62,441.03,61661800,1,dnse,2026-09-21T07:14:24.587974+00:00
VNINDEX,1D,2012-04-03,1333418400,440.95,446.14,440.23,445.77,54047250,1,dnse,2026-09-21T07:14:24.587974+00:00
VNINDEX,1D,2012-04-04,1333504800,446.02,447.02,439.27,439.77,48957860,1,dnse,2026-09-21T07:14:24.587974+00:00
VNINDEX,1D,2012-04-05,1333591200,439.0,445.8,436.67,444.93,55823460,1,dnse,2026-09-21T07:14:24.587974+00:00
VNINDEX,1D,2012-04-06,1333677600,447.08,450.23,445.87,447.44,69734180,1,dnse,2026-09-21T07:14:24.587974+00:00
VNINDEX,1D,2012-04-09,1333936800,450.55,452.06,448.17,450.73,63077480,1,dnse,2026-09-21T07:14:24.587974+00:00
VNINDEX,1D,2012-04-10,1334023200,451.01,455.86,448.91,450.85,80453480,1,dnse,2026-09-21T07:14:24.587974+00:00
VNINDEX,1D,2012-04-11,1334109600,457.56,458.74,452.69,458.74,88529490,1,dnse,2026-09-21T07:14:24.587974+00:00
VNINDEX,1D,2012-04-12,1334196000,462.22,468.14,460.79,465.26,97343440,1,dnse,2026-09-21T07:14:24.587974+00:00
VNINDEX,1D,2012-04-13,1334282400,467.48,468.38,462.52,462.52,118538940,1,dnse,2026-09-21T07:14:24.587974+00:00
VNINDEX,1D,2012-04-16,1334541600,465.06,470.7,461.76,468.26,81922440,1,dnse,2026-09-21T07:14:24.587974+00:00
VNINDEX,1D,2012-04-17,1334628000,471.54,474.92,467.58,472.84,95743250,1,dnse,2026-09-21T07:14:24.587974+00:00
VNINDEX,1D,2012-04-18,1334714400,475.1,478.87,471.36,472.16,119699530,1,dnse,2026-09-21T07:14:24.587974+00:00
VNINDEX,1D,2012-04-19,1334800800,470.81,473.31,465.29,467.08,119923140,1,dnse,2026-09-21T07:14:24.587974+00:00
VNINDEX,1D,2012-04-20,1334887200,467.4,470.5,462.91,465.72,82431400,1,dnse,2026-09-21T07:14:24.587974+00:00
VNINDEX,1D,2012-04-23,1335146400,466.8,469.2,464.61,465.17,60229240,1,dnse,2026-09-21T07:14:24.587974+00:00
VNINDEX,1D,2012-04-24,1335232800,465.67,466.23,460.6,465.65,69115350,1,dnse,2026-09-21T07:14:24.587974+00:00
VNINDEX,1D,2012-04-25,1335319200,471.39,473.22,468.89,472.87,83805110,1,dnse,2026-09-21T07:14:24.587974+00:00
VNINDEX,1D,2012-04-26,1335405600,472.82,475.44,470.21,470.21,89707640,1,dnse,2026-09-21T07:14:24.587974+00:00
VNINDEX,1D,2012-04-27,1335492000,473.43,475.22,470.43,473.77,80076110,1,dnse,2026-09-21T07:14:24.587974+00:00
VNINDEX,1D,2012-05-02,1335924000,476.02,478.44,471.07,472.46,114881780,1,dnse,2026-09-21T07:14:24.587974+00:00
VNINDEX,1D,2012-05-03,1336010400,470.54,473.07,465.0,468.8,100543120,1,dnse,2026-09-21T07:14:24.587974+00:00
VNINDEX,1D,2012-05-04,1336096800,470.53,477.72,470.53,476.32,97867600,1,dnse,2026-09-21T07:14:24.587974+00:00
VNINDEX,1D,2012-05-07,1336356000,481.95,486.31,481.05,486.31,92050850,1,dnse,2026-09-21T07:14:24.587974+00:00
VNINDEX,1D,2012-05-08,1336442400,488.6,492.44,486.25,488.07,126988850,1,dnse,2026-09-21T07:14:24.587974+00:00
VNINDEX,1D,2012-05-09,1336528800,488.19,490.49,485.33,487.62,109813000,1,dnse,2026-09-21T07:14:24.587974+00:00
VNINDEX,1D,2012-05-10,1336615200,490.03,491.35,482.68,486.07,124478310,1,dnse,2026-09-21T07:14:24.587974+00:00
VNINDEX,1D,2012-05-11,1336701600,487.68,488.13,479.87,480.1,110416050,1,dnse,2026-09-21T07:14:24.587974+00:00
VNINDEX,1D,2012-05-14,1336960800,477.73,483.15,469.69,469.69,88313720,1,dnse,2026-09-21T07:14:24.587974+00:00
VNINDEX,1D,2012-05-15,1337047200,462.97,467.63,455.47,455.65,91695260,1,dnse,2026-09-21T07:14:24.587974+00:00
VNINDEX,1D,2012-05-16,1337133600,455.75,458.57,446.38,449.91,83065900,1,dnse,2026-09-21T07:14:24.587974+00:00
VNINDEX,1D,2012-05-17,1337220000,449.77,453.72,442.58,442.58,69652870,1,dnse,2026-09-21T07:14:24.587974+00:00
VNINDEX,1D,2012-05-18,1337306400,439.69,440.24,430.29,434.95,76373980,1,dnse,2026-09-21T07:14:24.587974+00:00
VNINDEX,1D,2012-05-21,1337565600,438.53,448.19,437.72,448.02,63857490,1,dnse,2026-09-21T07:14:24.587974+00:00
VNINDEX,1D,2012-05-22,1337652000,451.32,453.7,446.84,447.94,60518060,1,dnse,2026-09-21T07:14:24.587974+00:00
VNINDEX,1D,2012-05-23,1337738400,443.6,446.2,436.75,436.75,56528440,1,dnse,2026-09-21T07:14:24.587974+00:00
VNINDEX,1D,2012-05-24,1337824800,431.39,435.59,425.65,426.92,52125440,1,dnse,2026-09-21T07:14:24.587974+00:00
VNINDEX,1D,2012-05-25,1337911200,432.62,438.42,431.01,437.38,57164750,1,dnse,2026-09-21T07:14:24.587974+00:00
VNINDEX,1D,2012-05-28,1338170400,443.24,443.24,433.42,435.48,64208990,1,dnse,2026-09-21T07:14:24.587974+00:00
VNINDEX,1D,2012-05-29,1338256800,431.75,432.91,429.11,431.44,45872090,1,dnse,2026-09-21T07:14:24.587974+00:00
VNINDEX,1D,2012-05-30,1338343200,433.29,437.31,432.39,435.34,43279360,1,dnse,2026-09-21T07:14:24.587974+00:00
VNINDEX,1D,2012-05-31,1338429600,431.84,433.94,428.52,429.2,45434610,1,dnse,2026-09-21T07:14:24.587974+00:00
VNINDEX,1D,2012-06-01,1338516000,430.75,432.27,427.98,428.8,40392570,1,dnse,2026-09-21T07:14:24.587974+00:00
VNINDEX,1D,2012-06-04,1338775200,426.91,427.58,416.65,416.65,62960500,1,dnse,2026-09-21T07:14:24.587974+00:00
VNINDEX,1D,2012-06-05,1338861600,413.96,421.02,413.58,421.02,44526700,1,dnse,2026-09-21T07:14:24.587974+00:00
VNINDEX,1D,2012-06-06,1338948000,421.09,427.17,420.81,426.39,43021960,1,dnse,2026-09-21T07:14:24.587974+00:00
VNINDEX,1D,2012-06-07,1339034400,431.14,436.68,428.61,434.41,63449670,1,dnse,2026-09-21T07:14:24.587974+00:00
VNINDEX,1D,2012-06-08,1339120800,439.02,441.46,432.9,432.9,80032950,1,dnse,2026-09-21T07:14:24.587974+00:00
VNINDEX,1D,2012-06-11,1339380000,432.15,435.86,430.28,432.5,53036630,1,dnse,2026-09-21T07:14:24.587974+00:00
VNINDEX,1D,2012-06-12,1339466400,432.89,432.89,428.04,428.16,51907140,1,dnse,2026-09-21T07:14:24.587974+00:00
VNINDEX,1D,2012-06-13,1339552800,429.73,429.73,424.86,427.61,45700390,1,dnse,2026-09-21T07:14:24.587974+00:00
VNINDEX,1D,2012-06-14,1339639200,425.74,428.59,424.05,425.28,42057240,1,dnse,2026-09-21T07:14:24.587974+00:00
VNINDEX,1D,2012-06-15,1339725600,425.62,433.09,425.62,433.09,69270580,1,dnse,2026-09-21T07:14:24.587974+00:00
VNINDEX,1D,2012-06-18,1339984800,436.89,439.29,433.75,435.59,56097120,1,dnse,2026-09-21T07:14:24.587974+00:00
VNINDEX,1D,2012-06-19,1340071200,434.04,435.11,430.23,431.08,38876330,1,dnse,2026-09-21T07:14:24.587974+00:00
VNINDEX,1D,2012-06-20,1340157600,431.8,434.16,429.2,432.89,29000070,1,dnse,2026-09-21T07:14:24.587974+00:00
VNINDEX,1D,2012-06-21,1340244000,432.27,433.49,430.83,431.14,37060530,1,dnse,2026-09-21T07:14:24.587974+00:00
VNINDEX,1D,2012-06-22,1340330400,429.95,430.19,426.5,427.17,48829270,1,dnse,2026-09-21T07:14:24.587974+00:00
VNINDEX,1D,2012-06-25,1340589600,426.54,429.81,422.95,424.12,46962430,1,dnse,2026-09-21T07:14:24.587974+00:00
VNINDEX,1D,2012-06-26,1340676000,421.17,421.76,417.92,419.19,45757250,1,dnse,2026-09-21T07:14:24.587974+00:00
VNINDEX,1D,2012-06-27,1340762400,419.78,422.17,418.04,418.04,38165550,1,dnse,2026-09-21T07:14:24.587974+00:00
VNINDEX,1D,2012-06-28,1340848800,418.74,418.78,415.34,418.16,34918150,1,dnse,2026-09-21T07:14:24.587974+00:00
VNINDEX,1D,2012-06-29,1340935200,420.76,422.37,418.49,422.37,28907980,1,dnse,2026-09-21T07:14:24.587974+00:00
VNINDEX,1D,2012-07-02,1341194400,421.94,424.95,418.18,419.3,29566340,1,dnse,2026-09-21T07:14:24.587974+00:00
VNINDEX,1D,2012-07-03,1341280800,416.47,417.21,411.86,413.09,39604310,1,dnse,2026-09-21T07:14:24.587974+00:00
VNINDEX,1D,2012-07-04,1341367200,413.41,416.03,410.73,410.73,26185920,1,dnse,2026-09-21T07:14:24.587974+00:00
VNINDEX,1D,2012-07-05,1341453600,410.85,413.83,408.43,413.83,28260180,1,dnse,2026-09-21T07:14:24.587974+00:00
VNINDEX,1D,2012-07-06,1341540000,414.01,417.97,413.53,415.44,35761520,1,dnse,2026-09-21T07:14:24.587974+00:00
VNINDEX,1D,2012-07-09,1341799200,413.59,414.39,407.51,408.12,28468730,1,dnse,2026-09-21T07:14:24.587974+00:00
VNINDEX,1D,2012-07-10,1341885600,406.4,409.86,405.39,405.39,23787430,1,dnse,2026-09-21T07:14:24.587974+00:00
VNINDEX,1D,2012-07-11,1341972000,405.29,408.21,405.07,407.28,19661230,1,dnse,2026-09-21T07:14:24.587974+00:00
VNINDEX,1D,2012-07-12,1342058400,406.5,409.7,406.18,408.72,24196650,1,dnse,2026-09-21T07:14:24.587974+00:00
VNINDEX,1D,2012-07-13,1342144800,409.85,416.98,409.85,416.98,52081490,1,dnse,2026-09-21T07:14:24.587974+00:00
VNINDEX,1D,2012-07-16,1342404000,417.54,418.78,413.28,413.98,39131160,1,dnse,2026-09-21T07:14:24.587974+00:00
VNINDEX,1D,2012-07-17,1342490400,411.72,418.43,411.72,417.55,35729970,1,dnse,2026-09-21T07:14:24.587974+00:00
VNINDEX,1D,2012-07-18,1342576800,418.19,419.91,416.1,418.83,37431400,1,dnse,2026-09-21T07:14:24.587974+00:00
VNINDEX,1D,2012-07-19,1342663200,417.77,428.38,417.77,428.38,72870070,1,dnse,2026-09-21T07:14:24.587974+00:00
VNINDEX,1D,2012-07-20,1342749600,432.1,432.46,424.47,424.47,66737540,1,dnse,2026-09-21T07:14:24.587974+00:00
VNINDEX,1D,2012-07-23,1343008800,423.31,426.13,421.42,421.99,46579310,1,dnse,2026-09-21T07:14:24.587974+00:00
VNINDEX,1D,2012-07-24,1343095200,420.19,420.62,414.6,415.63,41476390,1,dnse,2026-09-21T07:14:24.587974+00:00
VNINDEX,1D,2012-07-25,1343181600,412.94,415.71,412.56,412.91,39084070,1,dnse,2026-09-21T07:14:24.587974+00:00
VNINDEX,1D,2012-07-26,1343268000,413.78,416.63,412.89,414.8,29726580,1,dnse,2026-09-21T07:14:24.587974+00:00
VNINDEX,1D,2012-07-27,1343354400,416.43,417.68,412.47,413.16,34240000,1,dnse,2026-09-21T07:14:24.587974+00:00
VNINDEX,1D,2012-07-30,1343613600,410.57,415.31,410.08,415.0,23591670,1,dnse,2026-09-21T07:14:24.587974+00:00
VNINDEX,1D,2012-07-31,1343700000,415.7,416.57,414.22,414.48,20631280,1,dnse,2026-09-21T07:14:24.587974+00:00
VNINDEX,1D,2012-08-01,1343786400,413.73,413.99,410.54,412.55,25901000,1,dnse,2026-09-21T07:14:24.587974+00:00
VNINDEX,1D,2012-08-02,1343872800,414.23,417.96,414.23,416.1,18712110,1,dnse,2026-09-21T07:14:24.587974+00:00
VNINDEX,1D,2012-08-03,1343959200,417.63,419.26,417.09,418.21,21684750,1,dnse,2026-09-21T07:14:24.587974+00:00
VNINDEX,1D,2012-08-06,1344218400,419.29,423.77,419.29,423.16,39532210,1,dnse,2026-09-21T07:14:24.587974+00:00
VNINDEX,1D,2012-08-07,1344304800,423.72,425.46,422.44,422.5,29412940,1,dnse,2026-09-21T07:14:24.587974+00:00
VNINDEX,1D,2012-08-08,1344391200,422.74,424.52,421.31,423.57,22369090,1,dnse,2026-09-21T07:14:24.587974+00:00
VNINDEX,1D,2012-08-09,1344477600,424.43,428.21,424.43,426.98,37482300,1,dnse,2026-09-21T07:14:24.587974+00:00
VNINDEX,1D,2012-08-10,1344564000,427.49,427.93,425.06,425.56,31538750,1,dnse,2026-09-21T07:14:24.587974+00:00
VNINDEX,1D,2012-08-13,1344823200,423.79,426.38,423.44,426.17,23477000,1,dnse,2026-09-21T07:14:24.587974+00:00
VNINDEX,1D,2012-08-14,1344909600,425.79,430.89,425.79,429.47,44659470,1,dnse,2026-09-21T07:14:24.587974+00:00
VNINDEX,1D,2012-08-15,1344996000,429.96,432.44,429.96,430.77,31649990,1,dnse,2026-09-21T07:14:24.587974+00:00
VNINDEX,1D,2012-08-16,1345082400,431.58,433.63,429.43,430.83,24219370,1,dnse,2026-09-21T07:14:24.587974+00:00
VNINDEX,1D,2012-08-17,1345168800,432.31,434.72,431.56,433.45,32943250,1,dnse,2026-09-21T07:14:24.587974+00:00
VNINDEX,1D,2012-08-20,1345428000,435.33,437.61,434.92,437.28,32299370,1,dnse,2026-09-21T07:14:24.587974+00:00
VNINDEX,1D,2012-08-21,1345514400,430.79,430.79,416.23,416.84,61664400,1,dnse,2026-09-21T07:14:24.587974+00:00
VNINDEX,1D,2012-08-22,1345600800,404.22,413.42,404.17,410.23,67225530,1,dnse,2026-09-21T07:14:24.587974+00:00
VNINDEX,1D,2012-08-23,1345687200,400.03,400.07,391.54,392.82,37075710,1,dnse,2026-09-21T07:14:24.587974+00:00
VNINDEX,1D,2012-08-24,1345773600,379.45,402.22,378.17,399.72,88370910,1,dnse,2026-09-21T07:14:24.587974+00:00
VNINDEX,1D,2012-08-27,1346032800,395.37,399.72,385.05,386.19,39922570,1,dnse,2026-09-21T07:14:24.587974+00:00
VNINDEX,1D,2012-08-28,1346119200,381.06,386.05,379.61,385.78,36811080,1,dnse,2026-09-21T07:14:24.587974+00:00
VNINDEX,1D,2012-08-29,1346205600,389.85,394.04,389.85,393.06,35739900,1,dnse,2026-09-21T07:14:24.587974+00:00
VNINDEX,1D,2012-08-30,1346292000,394.9,399.44,393.37,397.25,35280940,1,dnse,2026-09-21T07:14:24.587974+00:00
VNINDEX,1D,2012-08-31,1346378400,396.88,398.19,394.35,396.02,26853510,1,dnse,2026-09-21T07:14:24.587974+00:00
VNINDEX,1D,2012-09-04,1346724000,397.37,403.25,397.37,402.08,23083200,1,dnse,2026-09-21T07:14:24.587974+00:00
VNINDEX,1D,2012-09-05,1346810400,402.56,404.87,396.31,398.92,38133340,1,dnse,2026-09-21T07:14:24.587974+00:00
VNINDEX,1D,2012-09-06,1346896800,396.41,398.77,393.41,393.41,27130310,1,dnse,2026-09-21T07:14:24.587974+00:00
VNINDEX,1D,2012-09-07,1346983200,395.25,397.51,392.56,397.51,29329820,1,dnse,2026-09-21T07:14:24.587974+00:00
VNINDEX,1D,2012-09-10,1347242400,395.72,396.27,386.19,388.88,40663290,1,dnse,2026-09-21T07:14:24.587974+00:00
VNINDEX,1D,2012-09-11,1347328800,383.87,388.02,383.87,386.62,33882860,1,dnse,2026-09-21T07:14:24.587974+00:00
VNINDEX,1D,2012-09-12,1347415200,387.03,390.3,387.03,388.35,29879350,1,dnse,2026-09-21T07:14:24.587974+00:00
VNINDEX,1D,2012-09-13,1347501600,388.55,391.36,387.68,391.36,28938490,1,dnse,2026-09-21T07:14:24.587974+00:00
VNINDEX,1D,2012-09-14,1347588000,398.13,400.09,395.14,398.87,42312440,1,dnse,2026-09-21T07:14:24.587974+00:00
VNINDEX,1D,2012-09-17,1347847200,400.55,405.27,400.07,401.75,30647860,1,dnse,2026-09-21T07:14:24.587974+00:00
VNINDEX,1D,2012-09-18,1347933600,403.48,405.05,392.98,394.51,39909580,1,dnse,2026-09-21T07:14:24.587974+00:00
VNINDEX,1D,2012-09-19,1348020000,391.05,396.17,390.89,394.55,37098740,1,dnse,2026-09-21T07:14:24.587974+00:00
VNINDEX,1D,2012-09-20,1348106400,393.05,393.42,385.9,389.28,41727780,1,dnse,2026-09-21T07:14:24.587974+00:00
VNINDEX,1D,2012-09-21,1348192800,391.0,395.55,391.0,395.48,49705410,1,dnse,2026-09-21T07:14:24.587974+00:00
VNINDEX,1D,2012-09-24,1348452000,392.16,394.54,390.08,390.37,23023940,1,dnse,2026-09-21T07:14:24.587974+00:00
VNINDEX,1D,2012-09-25,1348538400,391.17,394.06,390.14,391.77,20374330,1,dnse,2026-09-21T07:14:24.587974+00:00
VNINDEX,1D,2012-09-26,1348624800,392.51,397.86,392.51,395.12,22135450,1,dnse,2026-09-21T07:14:24.587974+00:00
VNINDEX,1D,2012-09-27,1348711200,395.66,396.67,391.34,393.34,23303850,1,dnse,2026-09-21T07:14:24.587974+00:00
VNINDEX,1D,2012-09-28,1348797600,392.11,393.91,390.99,392.57,21087270,1,dnse,2026-09-21T07:14:24.587974+00:00
VNINDEX,1D,2012-10-01,1349056800,391.74,391.86,386.42,386.55,27156800,1,dnse,2026-09-21T07:14:24.587974+00:00
VNINDEX,1D,2012-10-02,1349143200,386.78,387.62,384.2,384.32,25540110,1,dnse,2026-09-21T07:14:24.587974+00:00
VNINDEX,1D,2012-10-03,1349229600,385.61,387.6,383.07,385.37,26431310,1,dnse,2026-09-21T07:14:24.587974+00:00
VNINDEX,1D,2012-10-04,1349316000,385.68,386.66,383.62,384.51,20410900,1,dnse,2026-09-21T07:14:24.587974+00:00
VNINDEX,1D,2012-10-05,1349402400,384.78,388.16,384.65,388.16,23961840,1,dnse,2026-09-21T07:14:24.587974+00:00
VNINDEX,1D,2012-10-08,1349661600,387.83,393.45,387.83,393.45,32959790,1,dnse,2026-09-21T07:14:24.587974+00:00
VNINDEX,1D,2012-10-09,1349748000,394.36,394.87,392.26,393.67,33817860,1,dnse,2026-09-21T07:14:24.587974+00:00
VNINDEX,1D,2012-10-10,1349834400,392.38,394.66,391.75,394.66,36353960,1,dnse,2026-09-21T07:14:24.587974+00:00
VNINDEX,1D,2012-10-11,1349920800,395.32,397.55,393.87,394.19,40188670,1,dnse,2026-09-21T07:14:24.587974+00:00
VNINDEX,1D,2012-10-12,1350007200,394.17,395.01,392.26,392.54,40912910,1,dnse,2026-09-21T07:14:24.587974+00:00
VNINDEX,1D,2012-10-15,1350266400,392.88,394.19,390.72,391.56,35599600,1,dnse,2026-09-21T07:14:24.587974+00:00
VNINDEX,1D,2012-10-16,1350352800,392.6,399.22,392.6,399.22,38610190,1,dnse,2026-09-21T07:14:24.587974+00:00
VNINDEX,1D,2012-10-17,1350439200,399.73,400.97,395.91,397.02,34001760,1,dnse,2026-09-21T07:14:24.587974+00:00
VNINDEX,1D,2012-10-18,1350525600,395.94,399.55,395.94,398.51,33648950,1,dnse,2026-09-21T07:14:24.587974+00:00
VNINDEX,1D,2012-10-19,1350612000,399.52,400.46,394.98,398.23,48971260,1,dnse,2026-09-21T07:14:24.587974+00:00
VNINDEX,1D,2012-10-22,1350871200,397.77,398.34,394.69,397.0,29878260,1,dnse,2026-09-21T07:14:24.587974+00:00
VNINDEX,1D,2012-10-23,1350957600,397.27,399.22,395.89,397.71,24240560,1,dnse,2026-09-21T07:14:24.587974+00:00
VNINDEX,1D,2012-10-24,1351044000,397.69,398.43,395.24,395.45,23435510,1,dnse,2026-09-21T07:14:24.587974+00:00
VNINDEX,1D,2012-10-25,1351130400,393.79,394.54,389.92,389.92,29179710,1,dnse,2026-09-21T07:14:24.587974+00:00
VNINDEX,1D,2012-10-26,1351216800,390.05,393.13,389.5,391.7,20270490,1,dnse,2026-09-21T07:14:24.587974+00:00
VNINDEX,1D,2012-10-29,1351476000,390.96,392.6,390.63,391.36,17333440,1,dnse,2026-09-21T07:14:24.587974+00:00
VNINDEX,1D,2012-10-30,1351562400,391.13,392.17,389.64,389.86,19725250,1,dnse,2026-09-21T07:14:24.587974+00:00
VNINDEX,1D,2012-10-31,1351648800,388.5,390.05,387.39,388.42,19971150,1,dnse,2026-09-21T07:14:24.587974+00:00
VNINDEX,1D,2012-11-01,1351735200,388.1,389.74,387.95,387.95,23091350,1,dnse,2026-09-21T07:14:24.587974+00:00
VNINDEX,1D,2012-11-02,1351821600,378.74,380.33,374.98,375.26,51024090,1,dnse,2026-09-21T07:14:24.587974+00:00
VNINDEX,1D,2012-11-05,1352080800,372.39,378.45,372.39,377.27,27392320,1,dnse,2026-09-21T07:14:24.587974+00:00
VNINDEX,1D,2012-11-06,1352167200,377.27,379.05,375.12,376.95,21859910,1,dnse,2026-09-21T07:14:24.587974+00:00
VNINDEX,1D,2012-11-07,1352253600,377.83,381.22,375.75,380.9,27064820,1,dnse,2026-09-21T07:14:24.587974+00:00
VNINDEX,1D,2012-11-08,1352340000,380.32,385.6,380.13,385.6,20853300,1,dnse,2026-09-21T07:14:24.587974+00:00
VNINDEX,1D,2012-11-09,1352426400,385.61,386.79,383.72,386.71,23169930,1,dnse,2026-09-21T07:14:24.587974+00:00
VNINDEX,1D,2012-11-12,1352685600,385.66,388.94,385.72,388.62,32872920,1,dnse,2026-09-21T07:14:24.587974+00:00
VNINDEX,1D,2012-11-13,1352772000,387.52,388.43,385.15,385.22,27887200,1,dnse,2026-09-21T07:14:24.587974+00:00
VNINDEX,1D,2012-11-14,1352858400,384.74,389.4,384.61,387.71,22054410,1,dnse,2026-09-21T07:14:24.587974+00:00
VNINDEX,1D,2012-11-15,1352944800,389.84,390.65,386.6,386.91,24204300,1,dnse,2026-09-21T07:14:24.587974+00:00
VNINDEX,1D,2012-11-16,1353031200,385.83,386.25,383.16,385.71,18280560,1,dnse,2026-09-21T07:14:24.587974+00:00
VNINDEX,1D,2012-11-19,1353290400,384.83,386.22,382.42,383.32,18508160,1,dnse,2026-09-21T07:14:24.587974+00:00
VNINDEX,1D,2012-11-20,1353376800,383.23,385.37,381.84,385.1,20945930,1,dnse,2026-09-21T07:14:24.587974+00:00
VNINDEX,1D,2012-11-21,1353463200,385.18,385.8,382.72,383.87,19043880,1,dnse,2026-09-21T07:14:24.587974+00:00
VNINDEX,1D,2012-11-22,1353549600,383.44,384.1,382.57,383.22,14762810,1,dnse,2026-09-21T07:14:24.587974+00:00
VNINDEX,1D,2012-11-23,1353636000,383.22,384.25,381.14,381.71,18588540,1,dnse,2026-09-21T07:14:24.587974+00:00
VNINDEX,1D,2012-11-26,1353895200,382.43,382.62,377.82,377.9,19424070,1,dnse,2026-09-21T07:14:24.587974+00:00
VNINDEX,1D,2012-11-27,1353981600,377.77,378.62,376.08,376.89,14100000,1,dnse,2026-09-21T07:14:24.587974+00:00
VNINDEX,1D,2012-11-28,1354068000,376.13,377.32,374.15,375.79,16208860,1,dnse,2026-09-21T07:14:24.587974+00:00
VNINDEX,1D,2012-11-29,1354154400,377.45,378.62,376.93,378.2,14745550,1,dnse,2026-09-21T07:14:24.587974+00:00
VNINDEX,1D,2012-11-30,1354240800,380.01,380.18,377.52,377.82,16525680,1,dnse,2026-09-21T07:14:24.587974+00:00
VNINDEX,1D,2012-12-03,1354500000,377.94,379.27,375.78,379.27,17188480,1,dnse,2026-09-21T07:14:24.587974+00:00
VNINDEX,1D,2012-12-04,1354586400,379.02,382.1,377.89,382.1,23715390,1,dnse,2026-09-21T07:14:24.587974+00:00
VNINDEX,1D,2012-12-05,1354672800,383.18,387.05,382.1,385.69,35832910,1,dnse,2026-09-21T07:14:24.587974+00:00
VNINDEX,1D,2012-12-06,1354759200,385.59,386.62,384.53,385.69,26784560,1,dnse,2026-09-21T07:14:24.587974+00:00
VNINDEX,1D,2012-12-07,1354845600,386.44,386.6,383.8,383.8,26109500,1,dnse,2026-09-21T07:14:24.587974+00:00
VNINDEX,1D,2012-12-10,1355104800,384.84,387.67,383.53,386.69,38296950,1,dnse,2026-09-21T07:14:24.587974+00:00
VNINDEX,1D,2012-12-11,1355191200,386.25,389.37,385.81,389.37,35197200,1,dnse,2026-09-21T07:14:24.587974+00:00
VNINDEX,1D,2012-12-12,1355277600,388.41,393.13,386.46,391.08,45925850,1,dnse,2026-09-21T07:14:24.587974+00:00
VNINDEX,1D,2012-12-13,1355364000,393.04,393.81,390.57,391.19,41652240,1,dnse,2026-09-21T07:14:24.587974+00:00
VNINDEX,1D,2012-12-14,1355450400,392.23,394.61,392.05,392.21,35228470,1,dnse,2026-09-21T07:14:24.587974+00:00
VNINDEX,1D,2012-12-17,1355709600,391.37,395.3,391.31,393.63,44543430,1,dnse,2026-09-21T07:14:24.587974+00:00
VNINDEX,1D,2012-12-18,1355796000,396.21,396.45,392.34,393.39,44355940,1,dnse,2026-09-21T07:14:24.587974+00:00
VNINDEX,1D,2012-12-19,1355882400,395.84,398.59,395.34,398.59,64520540,1,dnse,2026-09-21T07:14:24.587974+00:00
VNINDEX,1D,2012-12-20,1355968800,399.13,400.71,397.86,399.68,61282060,1,dnse,2026-09-21T07:14:24.587974+00:00
VNINDEX,1D,2012-12-21,1356055200,397.49,400.27,394.27,396.78,61459550,1,dnse,2026-09-21T07:14:24.587974+00:00
VNINDEX,1D,2012-12-24,1356314400,397.25,400.22,396.57,399.71,37347230,1,dnse,2026-09-21T07:14:24.587974+00:00
VNINDEX,1D,2012-12-25,1356400800,401.01,401.72,398.09,401.34,43120810,1,dnse,2026-09-21T07:14:24.587974+00:00
VNINDEX,1D,2012-12-26,1356487200,399.43,406.1,398.31,406.1,52980150,1,dnse,2026-09-21T07:14:24.587974+00:00
VNINDEX,1D,2012-12-27,1356573600,408.32,410.68,406.58,409.97,69702680,1,dnse,2026-09-21T07:14:24.587974+00:00
VNINDEX,1D,2012-12-28,1356660000,409.49,413.73,408.32,413.73,54265930,1,dnse,2026-09-21T07:14:24.587974+00:00
VNINDEX,1D,2013-01-02,1357092000,415.5,419.05,414.41,418.35,60311180,1,dnse,2026-09-21T07:14:24.587974+00:00
VNINDEX,1D,2013-01-03,1357178400,420.68,420.68,413.68,419.27,96108870,1,dnse,2026-09-21T07:14:24.587974+00:00
VNINDEX,1D,2013-01-04,1357264800,418.75,426.48,417.5,426.06,62614690,1,dnse,2026-09-21T07:14:24.587974+00:00
VNINDEX,1D,2013-01-07,1357524000,428.84,434.64,426.86,434.19,75004280,1,dnse,2026-09-21T07:14:24.587974+00:00
VNINDEX,1D,2013-01-08,1357610400,437.25,447.16,437.15,447.16,81496290,1,dnse,2026-09-21T07:14:24.587974+00:00
VNINDEX,1D,2013-01-09,1357696800,447.16,457.75,442.26,448.77,131421730,1,dnse,2026-09-21T07:14:24.587974+00:00
VNINDEX,1D,2013-01-10,1357783200,447.99,460.12,444.08,460.12,69049730,1,dnse,2026-09-21T07:14:24.587974+00:00
VNINDEX,1D,2013-01-11,1357869600,468.39,469.16,461.74,462.69,71735970,1,dnse,2026-09-21T07:14:24.587974+00:00
VNINDEX,1D,2013-01-14,1358128800,458.08,462.08,455.51,458.97,66848260,1,dnse,2026-09-21T07:14:24.587974+00:00
VNINDEX,1D,2013-01-15,1358215200,459.13,461.42,455.93,461.42,85189720,1,dnse,2026-09-21T07:14:24.587974+00:00
VNINDEX,1D,2013-01-16,1358301600,462.17,470.34,462.17,465.25,93433920,1,dnse,2026-09-21T07:14:24.587974+00:00
VNINDEX,1D,2013-01-17,1358388000,465.66,466.55,456.76,456.76,93851780,1,dnse,2026-09-21T07:14:24.587974+00:00
VNINDEX,1D,2013-01-18,1358474400,458.0,459.82,450.28,454.16,80290320,1,dnse,2026-09-21T07:14:24.587974+00:00
VNINDEX,1D,2013-01-21,1358733600,453.91,456.34,447.79,447.79,52791190,1,dnse,2026-09-21T07:14:24.587974+00:00
VNINDEX,1D,2013-01-22,1358820000,449.04,450.8,441.24,442.85,65199100,1,dnse,2026-09-21T07:14:24.587974+00:00
VNINDEX,1D,2013-01-23,1358906400,443.96,447.79,440.48,443.37,47085470,1,dnse,2026-09-21T07:14:24.587974+00:00
VNINDEX,1D,2013-01-24,1358992800,444.34,452.4,444.19,452.4,46685140,1,dnse,2026-09-21T07:14:24.587974+00:00
VNINDEX,1D,2013-01-25,1359079200,455.25,468.09,455.25,468.09,80711500,1,dnse,2026-09-21T07:14:24.587974+00:00
VNINDEX,1D,2013-01-28,1359338400,474.27,485.67,474.27,479.6,103940640,1,dnse,2026-09-21T07:14:24.587974+00:00
VNINDEX,1D,2013-01-29,1359424800,477.6,484.34,476.33,484.01,83689610,1,dnse,2026-09-21T07:14:24.587974+00:00
VNINDEX,1D,2013-01-30,1359511200,485.72,490.89,482.76,487.6,81816460,1,dnse,2026-09-21T07:14:24.587974+00:00
VNINDEX,1D,2013-01-31,1359597600,484.04,485.19,479.79,479.79,77448750,1,dnse,2026-09-21T07:14:24.587974+00:00
VNINDEX,1D,2013-02-01,1359684000,473.81,483.42,473.23,483.42,57696770,1,dnse,2026-09-21T07:14:24.587974+00:00
VNINDEX,1D,2013-02-04,1359943200,486.74,488.96,482.38,482.38,50205730,1,dnse,2026-09-21T07:14:24.587974+00:00
VNINDEX,1D,2013-02-05,1360029600,481.59,482.56,477.36,477.36,53187860,1,dnse,2026-09-21T07:14:24.587974+00:00
VNINDEX,1D,2013-02-06,1360116000,479.62,488.62,479.62,488.36,61098630,1,dnse,2026-09-21T07:14:24.587974+00:00
VNINDEX,1D,2013-02-07,1360202400,492.56,493.72,488.03,490.62,66319750,1,dnse,2026-09-21T07:14:24.587974+00:00
VNINDEX,1D,2013-02-08,1360288800,491.85,495.72,489.64,494.03,58838750,1,dnse,2026-09-21T07:14:24.587974+00:00
VNINDEX,1D,2013-02-18,1361152800,491.85,497.87,489.64,493.95,67678930,1,dnse,2026-09-21T07:14:24.587974+00:00
VNINDEX,1D,2013-02-19,1361239200,493.4,495.39,490.33,490.78,101269460,1,dnse,2026-09-21T07:14:24.587974+00:00
VNINDEX,1D,2013-02-20,1361325600,487.99,495.82,487.68,494.83,75889000,1,dnse,2026-09-21T07:14:24.587974+00:00
VNINDEX,1D,2013-02-21,1361412000,494.83,497.7,476.73,476.73,121293570,1,dnse,2026-09-21T07:14:24.587974+00:00
VNINDEX,1D,2013-02-22,1361498400,482.85,487.11,470.23,477.69,105270730,1,dnse,2026-09-21T07:14:24.587974+00:00
VNINDEX,1D,2013-02-25,1361757600,481.32,483.97,478.3,483.69,46608020,1,dnse,2026-09-21T07:14:24.587974+00:00
VNINDEX,1D,2013-02-26,1361844000,482.5,482.5,463.64,465.05,90251400,1,dnse,2026-09-21T07:14:24.587974+00:00
VNINDEX,1D,2013-02-27,1361930400,466.14,467.5,459.64,465.72,68059040,1,dnse,2026-09-21T07:14:24.587974+00:00
VNINDEX,1D,2013-02-28,1362016800,469.77,476.41,465.72,474.56,50678370,1,dnse,2026-09-21T07:14:24.587974+00:00
VNINDEX,1D,2013-03-01,1362103200,475.46,480.39,475.46,477.15,48407200,1,dnse,2026-09-21T07:14:24.587974+00:00
VNINDEX,1D,2013-03-04,1362362400,477.15,479.06,468.74,468.74,64774600,1,dnse,2026-09-21T07:14:24.587974+00:00
VNINDEX,1D,2013-03-05,1362448800,467.36,467.84,461.61,462.12,57356100,1,dnse,2026-09-21T07:14:24.587974+00:00
VNINDEX,1D,2013-03-06,1362535200,466.95,471.09,464.19,471.09,32511220,1,dnse,2026-09-21T07:14:24.587974+00:00
VNINDEX,1D,2013-03-07,1362621600,470.73,472.54,466.63,466.63,41308530,1,dnse,2026-09-21T07:14:24.587974+00:00
VNINDEX,1D,2013-03-08,1362708000,469.38,471.75,468.1,470.68,30142850,1,dnse,2026-09-21T07:14:24.587974+00:00
VNINDEX,1D,2013-03-11,1362967200,471.35,476.79,469.78,476.5,53686210,1,dnse,2026-09-21T07:14:24.587974+00:00
VNINDEX,1D,2013-03-12,1363053600,475.23,478.67,470.51,475.34,57757820,1,dnse,2026-09-21T07:14:24.587974+00:00
VNINDEX,1D,2013-03-13,1363140000,476.43,478.05,471.85,473.18,48212190,1,dnse,2026-09-21T07:14:24.587974+00:00
VNINDEX,1D,2013-03-14,1363226400,471.63,474.6,470.81,474.6,44795150,1,dnse,2026-09-21T07:14:24.587974+00:00
VNINDEX,1D,2013-03-15,1363312800,474.71,481.35,474.45,481.35,72403940,1,dnse,2026-09-21T07:14:24.587974+00:00
VNINDEX,1D,2013-03-18,1363572000,481.42,482.59,478.54,479.13,46990510,1,dnse,2026-09-21T07:14:24.587974+00:00
VNINDEX,1D,2013-03-19,1363658400,477.87,482.21,477.55,480.48,33082800,1,dnse,2026-09-21T07:14:24.587974+00:00
VNINDEX,1D,2013-03-20,1363744800,481.88,488.94,480.53,487.04,43035240,1,dnse,2026-09-21T07:14:24.587974+00:00
VNINDEX,1D,2013-03-21,1363831200,488.64,494.57,488.43,491.79,46820700,1,dnse,2026-09-21T07:14:24.587974+00:00
VNINDEX,1D,2013-03-22,1363917600,493.47,500.59,486.15,489.99,49788230,1,dnse,2026-09-21T07:14:24.587974+00:00
VNINDEX,1D,2013-03-25,1364176800,491.76,495.64,488.55,493.57,33144960,1,dnse,2026-09-21T07:14:24.587974+00:00
VNINDEX,1D,2013-03-26,1364263200,494.82,496.32,489.14,489.46,36516000,1,dnse,2026-09-21T07:14:24.587974+00:00
VNINDEX,1D,2013-03-27,1364349600,489.22,492.46,485.34,491.26,34896540,1,dnse,2026-09-21T07:14:24.587974+00:00
VNINDEX,1D,2013-03-28,1364436000,491.64,495.12,487.67,490.67,39513170,1,dnse,2026-09-21T07:14:24.587974+00:00
VNINDEX,1D,2013-03-29,1364522400,486.96,492.96,483.5,491.04,34734860,1,dnse,2026-09-21T07:14:24.587974+00:00
VNINDEX,1D,2013-04-01,1364781600,490.75,505.81,489.9,505.81,47153090,1,dnse,2026-09-21T07:14:24.587974+00:00
VNINDEX,1D,2013-04-02,1364868000,507.26,514.1,507.22,509.43,66367870,1,dnse,2026-09-21T07:14:24.587974+00:00
VNINDEX,1D,2013-04-03,1364954400,507.31,511.35,502.38,505.93,54225370,1,dnse,2026-09-21T07:14:24.587974+00:00
VNINDEX,1D,2013-04-04,1365040800,505.54,506.63,497.35,497.35,48524380,1,dnse,2026-09-21T07:14:24.587974+00:00
VNINDEX,1D,2013-04-05,1365127200,501.16,503.36,497.83,502.58,44598800,1,dnse,2026-09-21T07:14:24.587974+00:00
VNINDEX,1D,2013-04-08,1365386400,505.0,507.75,501.91,506.66,49051910,1,dnse,2026-09-21T07:14:24.587974+00:00
VNINDEX,1D,2013-04-09,1365472800,505.09,512.85,504.16,510.49,58149210,1,dnse,2026-09-21T07:14:24.587974+00:00
VNINDEX,1D,2013-04-10,1365559200,512.15,518.46,496.5,496.5,64402460,1,dnse,2026-09-21T07:14:24.587974+00:00
VNINDEX,1D,2013-04-11,1365645600,501.39,504.51,497.08,504.07,46971210,1,dnse,2026-09-21T07:14:24.587974+00:00
VNINDEX,1D,2013-04-12,1365732000,504.75,505.9,490.82,494.27,50661340,1,dnse,2026-09-21T07:14:24.587974+00:00
VNINDEX,1D,2013-04-15,1365991200,491.64,491.77,478.8,480.02,51237740,1,dnse,2026-09-21T07:14:24.587974+00:00
VNINDEX,1D,2013-04-16,1366077600,474.99,479.97,466.56,478.07,46214530,1,dnse,2026-09-21T07:14:24.587974+00:00
VNINDEX,1D,2013-04-17,1366164000,481.63,483.99,476.53,483.99,28380260,1,dnse,2026-09-21T07:14:24.587974+00:00
VNINDEX,1D,2013-04-18,1366250400,483.99,483.99,471.1,473.21,35218830,1,dnse,2026-09-21T07:14:24.587974+00:00
VNINDEX,1D,2013-04-22,1366596000,471.87,472.95,466.78,468.43,37044620,1,dnse,2026-09-21T07:14:24.587974+00:00
VNINDEX,1D,2013-04-23,1366682400,470.59,475.48,469.13,473.69,30789420,1,dnse,2026-09-21T07:14:24.587974+00:00
VNINDEX,1D,2013-04-24,1366768800,474.48,475.75,472.89,472.89,30220170,1,dnse,2026-09-21T07:14:24.587974+00:00
VNINDEX,1D,2013-04-25,1366855200,474.94,477.8,474.29,476.59,35474860,1,dnse,2026-09-21T07:14:24.587974+00:00
VNINDEX,1D,2013-04-26,1366941600,477.04,479.12,474.51,474.51,30585010,1,dnse,2026-09-21T07:14:24.587974+00:00
VNINDEX,1D,2013-05-02,1367460000,474.54,476.42,472.16,473.02,20465090,1,dnse,2026-09-21T07:14:24.587974+00:00
VNINDEX,1D,2013-05-03,1367546400,471.16,475.24,470.81,475.24,24532200,1,dnse,2026-09-21T07:14:24.587974+00:00
VNINDEX,1D,2013-05-06,1367805600,478.94,488.32,478.94,488.32,46485330,1,dnse,2026-09-21T07:14:24.587974+00:00
VNINDEX,1D,2013-05-07,1367892000,489.25,491.56,484.39,485.58,54751810,1,dnse,2026-09-21T07:14:24.587974+00:00
VNINDEX,1D,2013-05-08,1367978400,486.74,488.04,483.03,485.07,37540320,1,dnse,2026-09-21T07:14:24.587974+00:00
VNINDEX,1D,2013-05-09,1368064800,485.44,488.57,485.2,486.22,45880290,1,dnse,2026-09-21T07:14:24.587974+00:00
VNINDEX,1D,2013-05-10,1368151200,488.1,490.76,484.75,486.1,39892770,1,dnse,2026-09-21T07:14:24.587974+00:00
VNINDEX,1D,2013-05-13,1368410400,486.96,490.38,486.96,488.93,34059220,1,dnse,2026-09-21T07:14:24.587974+00:00
VNINDEX,1D,2013-05-14,1368496800,486.94,487.45,480.79,483.85,43748020,1,dnse,2026-09-21T07:14:24.587974+00:00
VNINDEX,1D,2013-05-15,1368583200,482.82,487.52,481.8,485.97,35892100,1,dnse,2026-09-21T07:14:24.587974+00:00
VNINDEX,1D,2013-05-16,1368669600,486.0,491.44,485.28,490.34,43474450,1,dnse,2026-09-21T07:14:24.587974+00:00
VNINDEX,1D,2013-05-17,1368756000,489.99,491.85,487.6,487.6,43122850,1,dnse,2026-09-21T07:14:24.587974+00:00
VNINDEX,1D,2013-05-20,1369015200,487.71,492.96,485.42,492.27,46416100,1,dnse,2026-09-21T07:14:24.587974+00:00
VNINDEX,1D,2013-05-21,1369101600,495.95,502.6,495.95,500.18,78862860,1,dnse,2026-09-21T07:14:24.587974+00:00
VNINDEX,1D,2013-05-22,1369188000,503.18,504.68,501.44,502.23,60738030,1,dnse,2026-09-21T07:14:24.587974+00:00
VNINDEX,1D,2013-05-23,1369274400,501.14,506.58,498.22,498.22,76788480,1,dnse,2026-09-21T07:14:24.587974+00:00
VNINDEX,1D,2013-05-24,1369360800,498.87,503.6,495.96,500.24,58885910,1,dnse,2026-09-21T07:14:24.587974+00:00
VNINDEX,1D,2013-05-27,1369620000,504.38,516.08,504.38,512.41,91278240,1,dnse,2026-09-21T07:14:24.587974+00:00
VNINDEX,1D,2013-05-28,1369706400,515.3,517.97,512.81,516.33,83366050,1,dnse,2026-09-21T07:14:24.587974+00:00
VNINDEX,1D,2013-05-29,1369792800,517.91,520.36,511.31,515.09,93465370,1,dnse,2026-09-21T07:14:24.587974+00:00
VNINDEX,1D,2013-05-30,1369879200,517.18,521.45,513.68,521.45,73554110,1,dnse,2026-09-21T07:14:24.587974+00:00
VNINDEX,1D,2013-05-31,1369965600,526.58,526.58,518.39,518.39,97869300,1,dnse,2026-09-21T07:14:24.587974+00:00
VNINDEX,1D,2013-06-03,1370224800,518.3,521.35,516.64,517.03,72365040,1,dnse,2026-09-21T07:14:24.587974+00:00
VNINDEX,1D,2013-06-04,1370311200,517.03,521.96,510.69,510.69,75405700,1,dnse,2026-09-21T07:14:24.587974+00:00
VNINDEX,1D,2013-06-05,1370397600,512.43,514.64,508.86,514.64,54216330,1,dnse,2026-09-21T07:14:24.587974+00:00
VNINDEX,1D,2013-06-06,1370484000,513.43,521.28,513.16,520.9,69643400,1,dnse,2026-09-21T07:14:24.587974+00:00
VNINDEX,1D,2013-06-07,1370570400,523.21,527.97,523.19,527.97,73350530,1,dnse,2026-09-21T07:14:24.587974+00:00
VNINDEX,1D,2013-06-10,1370829600,531.56,533.15,524.56,524.56,75001890,1,dnse,2026-09-21T07:14:24.587974+00:00
VNINDEX,1D,2013-06-11,1370916000,524.89,525.68,520.94,521.95,59009640,1,dnse,2026-09-21T07:14:24.587974+00:00
VNINDEX,1D,2013-06-12,1371002400,521.21,524.91,518.24,518.24,64902640,1,dnse,2026-09-21T07:14:24.587974+00:00
VNINDEX,1D,2013-06-13,1371088800,518.28,519.54,510.07,515.09,60674390,1,dnse,2026-09-21T07:14:24.587974+00:00
VNINDEX,1D,2013-06-14,1371175200,517.14,518.0,509.03,509.03,58737880,1,dnse,2026-09-21T07:14:24.587974+00:00
VNINDEX,1D,2013-06-17,1371434400,510.52,511.23,498.31,498.52,73309030,1,dnse,2026-09-21T07:14:24.587974+00:00
VNINDEX,1D,2013-06-18,1371520800,497.05,500.54,495.5,498.88,51411630,1,dnse,2026-09-21T07:14:24.587974+00:00
VNINDEX,1D,2013-06-19,1371607200,501.58,504.11,500.61,503.37,42149080,1,dnse,2026-09-21T07:14:24.587974+00:00
VNINDEX,1D,2013-06-20,1371693600,502.22,503.75,498.55,499.51,48665180,1,dnse,2026-09-21T07:14:24.587974+00:00
VNINDEX,1D,2013-06-21,1371780000,497.3,501.25,495.23,498.84,92632850,1,dnse,2026-09-21T07:14:24.587974+00:00
VNINDEX,1D,2013-06-24,1372039200,500.44,501.14,487.41,489.74,54963830,1,dnse,2026-09-21T07:14:24.587974+00:00
VNINDEX,1D,2013-06-25,1372125600,487.04,488.55,466.78,473.02,82915860,1,dnse,2026-09-21T07:14:24.587974+00:00
VNINDEX,1D,2013-06-26,1372212000,473.26,476.47,466.41,473.53,51883710,1,dnse,2026-09-21T07:14:24.587974+00:00
VNINDEX,1D,2013-06-27,1372298400,476.33,482.95,475.0,482.95,42119150,1,dnse,2026-09-21T07:14:24.587974+00:00
VNINDEX,1D,2013-06-28,1372384800,485.29,485.94,479.94,481.13,42072790,1,dnse,2026-09-21T07:14:24.587974+00:00
VNINDEX,1D,2013-07-01,1372644000,478.98,482.03,475.26,480.04,30796540,1,dnse,2026-09-21T07:14:24.587974+00:00
VNINDEX,1D,2013-07-02,1372730400,480.72,490.14,480.72,489.84,32480660,1,dnse,2026-09-21T07:14:24.587974+00:00
VNINDEX,1D,2013-07-03,1372816800,489.81,492.93,487.11,487.35,36474440,1,dnse,2026-09-21T07:14:24.587974+00:00
VNINDEX,1D,2013-07-04,1372903200,489.2,490.65,486.49,487.22,36277730,1,dnse,2026-09-21T07:14:24.587974+00:00
VNINDEX,1D,2013-07-05,1372989600,488.08,489.99,485.22,485.66,37205860,1,dnse,2026-09-21T07:14:24.587974+00:00
VNINDEX,1D,2013-07-08,1373248800,485.73,485.95,480.58,482.77,32633300,1,dnse,2026-09-21T07:14:24.587974+00:00
VNINDEX,1D,2013-07-09,1373335200,484.01,484.05,483.39,485.5,26299100,1,dnse,2026-09-21T07:14:24.587974+00:00
VNINDEX,1D,2013-07-10,1373421600,487.81,489.83,484.43,484.43,28250930,1,dnse,2026-09-21T07:14:24.587974+00:00
VNINDEX,1D,2013-07-11,1373508000,484.37,485.44,482.11,484.47,28820560,1,dnse,2026-09-21T07:14:24.587974+00:00
VNINDEX,1D,2013-07-12,1373594400,485.14,493.99,485.13,493.99,47906230,1,dnse,2026-09-21T07:14:24.587974+00:00
VNINDEX,1D,2013-07-15,1373853600,496.12,498.32,492.95,494.1,41664550,1,dnse,2026-09-21T07:14:24.587974+00:00
VNINDEX,1D,2013-07-16,1373940000,494.66,497.83,493.74,496.22,40224850,1,dnse,2026-09-21T07:14:24.587974+00:00
VNINDEX,1D,2013-07-17,1374026400,496.42,497.96,493.37,497.5,41625080,1,dnse,2026-09-21T07:14:24.587974+00:00
VNINDEX,1D,2013-07-18,1374112800,496.17,500.51,494.23,496.84,49439580,1,dnse,2026-09-21T07:14:24.587974+00:00
VNINDEX,1D,2013-07-19,1374199200,499.64,505.38,499.28,503.76,42574930,1,dnse,2026-09-21T07:14:24.587974+00:00
VNINDEX,1D,2013-07-22,1374458400,505.11,507.71,501.63,506.16,48725640,1,dnse,2026-09-21T07:14:24.587974+00:00
VNINDEX,1D,2013-07-23,1374544800,506.16,508.64,504.22,504.29,47077480,1,dnse,2026-09-21T07:14:24.587974+00:00
VNINDEX,1D,2013-07-24,1374631200,503.67,504.27,493.36,494.18,55245500,1,dnse,2026-09-21T07:14:24.587974+00:00
VNINDEX,1D,2013-07-25,1374717600,493.75,495.85,491.71,491.78,41317890,1,dnse,2026-09-21T07:14:24.587974+00:00
VNINDEX,1D,2013-07-26,1374804000,493.52,495.16,487.92,493.93,40361070,1,dnse,2026-09-21T07:14:24.587974+00:00
VNINDEX,1D,2013-07-29,1375063200,493.81,494.36,489.98,485.69,29602500,1,dnse,2026-09-21T07:14:24.587974+00:00
VNINDEX,1D,2013-07-30,1375149600,485.74,489.07,485.74,488.54,26663830,1,dnse,2026-09-21T07:14:24.587974+00:00
VNINDEX,1D,2013-07-31,1375236000,488.67,490.86,487.1,491.85,24088410,1,dnse,2026-09-21T07:14:24.587974+00:00
VNINDEX,1D,2013-08-01,1375322400,491.48,494.31,489.57,492.43,27992370,1,dnse,2026-09-21T07:14:24.587974+00:00
VNINDEX,1D,2013-08-02,1375408800,494.61,495.71,493.02,494.66,24490540,1,dnse,2026-09-21T07:14:24.587974+00:00
VNINDEX,1D,2013-08-05,1375668000,494.38,496.74,492.75,493.66,24131750,1,dnse,2026-09-21T07:14:24.587974+00:00
VNINDEX,1D,2013-08-06,1375754400,492.66,496.56,491.91,496.56,29499900,1,dnse,2026-09-21T07:14:24.587974+00:00
VNINDEX,1D,2013-08-07,1375840800,496.95,502.26,495.02,500.1,35379890,1,dnse,2026-09-21T07:14:24.587974+00:00
VNINDEX,1D,2013-08-08,1375927200,499.61,503.51,497.05,498.22,28051650,1,dnse,2026-09-21T07:14:24.587974+00:00
VNINDEX,1D,2013-08-09,1376013600,498.88,502.04,498.88,500.62,25936720,1,dnse,2026-09-21T07:14:24.587974+00:00
VNINDEX,1D,2013-08-12,1376272800,501.35,501.39,497.53,499.46,25395260,1,dnse,2026-09-21T07:14:24.587974+00:00
VNINDEX,1D,2013-08-13,1376359200,499.46,502.63,497.4,497.73,35557220,1,dnse,2026-09-21T07:14:24.587974+00:00
VNINDEX,1D,2013-08-14,1376445600,498.51,503.89,496.35,503.57,34135960,1,dnse,2026-09-21T07:14:24.587974+00:00
VNINDEX,1D,2013-08-15,1376532000,505.14,509.6,505.03,508.22,61233560,1,dnse,2026-09-21T07:14:24.587974+00:00
VNINDEX,1D,2013-08-16,1376618400,508.22,510.22,505.48,507.79,59756870,1,dnse,2026-09-21T07:14:24.587974+00:00
VNINDEX,1D,2013-08-19,1376877600,507.27,513.34,507.16,511.02,60613020,1,dnse,2026-09-21T07:14:24.587974+00:00
VNINDEX,1D,2013-08-20,1376964000,509.06,510.59,504.11,504.81,59507840,1,dnse,2026-09-21T07:14:24.587974+00:00
VNINDEX,1D,2013-08-21,1377050400,504.77,504.78,497.01,502.7,50876640,1,dnse,2026-09-21T07:14:24.587974+00:00
VNINDEX,1D,2013-08-22,1377136800,499.91,503.92,494.4,496.12,50905010,1,dnse,2026-09-21T07:14:24.587974+00:00
VNINDEX,1D,2013-08-23,1377223200,496.12,497.89,482.78,486.82,52560820,1,dnse,2026-09-21T07:14:24.587974+00:00
VNINDEX,1D,2013-08-26,1377482400,485.26,490.54,478.59,490.54,38985570,1,dnse,2026-09-21T07:14:24.587974+00:00
VNINDEX,1D,2013-08-27,1377568800,488.23,489.89,485.57,485.57,24681170,1,dnse,2026-09-21T07:14:24.587974+00:00
VNINDEX,1D,2013-08-28,1377655200,481.91,482.48,470.29,473.3,65368120,1,dnse,2026-09-21T07:14:24.587974+00:00
VNINDEX,1D,2013-08-29,1377741600,473.52,477.09,468.55,468.55,37498330,1,dnse,2026-09-21T07:14:24.587974+00:00
VNINDEX,1D,2013-08-30,1377828000,469.64,472.7,462.13,472.7,33924820,1,dnse,2026-09-21T07:14:24.587974+00:00
VNINDEX,1D,2013-09-03,1378173600,473.83,477.08,470.26,472.17,24864290,1,dnse,2026-09-21T07:14:24.587974+00:00
VNINDEX,1D,2013-09-04,1378260000,472.77,476.42,469.3,471.45,39162900,1,dnse,2026-09-21T07:14:24.587974+00:00
VNINDEX,1D,2013-09-05,1378346400,473.62,477.77,470.72,477.57,37421420,1,dnse,2026-09-21T07:14:24.587974+00:00
VNINDEX,1D,2013-09-06,1378432800,479.18,480.55,475.16,480.03,33461070,1,dnse,2026-09-21T07:14:24.587974+00:00
VNINDEX,1D,2013-09-09,1378692000,478.98,478.98,469.39,470.16,39165760,1,dnse,2026-09-21T07:14:24.587974+00:00
VNINDEX,1D,2013-09-10,1378778400,470.16,475.62,470.16,474.53,27533440,1,dnse,2026-09-21T07:14:24.587974+00:00
VNINDEX,1D,2013-09-11,1378864800,474.53,478.95,473.68,476.4,30633750,1,dnse,2026-09-21T07:14:24.587974+00:00
VNINDEX,1D,2013-09-12,1378951200,474.97,477.25,474.96,475.59,25047660,1,dnse,2026-09-21T07:14:24.587974+00:00
VNINDEX,1D,2013-09-13,1379037600,475.11,478.0,474.54,476.42,28013440,1,dnse,2026-09-21T07:14:24.587974+00:00
VNINDEX,1D,2013-09-16,1379296800,478.32,478.7,473.97,475.57,36896450,1,dnse,2026-09-21T07:14:24.587974+00:00
VNINDEX,1D,2013-09-17,1379383200,476.21,480.16,475.82,477.73,35374160,1,dnse,2026-09-21T07:14:24.587974+00:00
VNINDEX,1D,2013-09-18,1379469600,478.65,479.43,473.52,474.26,34813400,1,dnse,2026-09-21T07:14:24.587974+00:00
VNINDEX,1D,2013-09-19,1379556000,478.14,478.99,475.69,476.09,32482700,1,dnse,2026-09-21T07:14:24.587974+00:00
VNINDEX,1D,2013-09-20,1379642400,476.12,477.19,474.7,477.19,83027350,1,dnse,2026-09-21T07:14:24.587974+00:00
VNINDEX,1D,2013-09-23,1379901600,476.79,479.09,475.06,479.09,40162060,1,dnse,2026-09-21T07:14:24.587974+00:00
VNINDEX,1D,2013-09-24,1379988000,478.88,483.78,478.85,482.82,52526780,1,dnse,2026-09-21T07:14:24.587974+00:00
VNINDEX,1D,2013-09-25,1380074400,482.46,488.98,482.41,486.22,79359350,1,dnse,2026-09-21T07:14:24.587974+00:00
VNINDEX,1D,2013-09-26,1380160800,485.59,487.88,482.61,485.11,48267850,1,dnse,2026-09-21T07:14:24.587974+00:00
VNINDEX,1D,2013-09-27,1380247200,484.68,487.82,483.85,486.61,43514290,1,dnse,2026-09-21T07:14:24.587974+00:00
VNINDEX,1D,2013-09-30,1380506400,487.12,492.65,486.7,492.63,65644630,1,dnse,2026-09-21T07:14:24.587974+00:00
VNINDEX,1D,2013-10-01,1380592800,491.92,496.59,491.34,492.24,98030960,1,dnse,2026-09-21T07:14:24.587974+00:00
VNINDEX,1D,2013-10-02,1380679200,492.58,496.86,492.58,494.39,75217440,1,dnse,2026-09-21T07:14:24.587974+00:00
VNINDEX,1D,2013-10-03,1380765600,495.0,495.0,491.59,492.3,61651890,1,dnse,2026-09-21T07:14:24.587974+00:00
VNINDEX,1D,2013-10-04,1380852000,492.05,497.73,490.43,497.5,57891700,1,dnse,2026-09-21T07:14:24.587974+00:00
VNINDEX,1D,2013-10-07,1381111200,497.84,502.16,496.92,500.47,64102510,1,dnse,2026-09-21T07:14:24.587974+00:00
VNINDEX,1D,2013-10-08,1381197600,500.53,502.64,497.58,502.22,69394720,1,dnse,2026-09-21T07:14:24.587974+00:00
VNINDEX,1D,2013-10-09,1381284000,501.28,502.52,498.98,500.67,62003910,1,dnse,2026-09-21T07:14:24.587974+00:00
VNINDEX,1D,2013-10-10,1381370400,500.34,501.64,494.81,494.81,63565500,1,dnse,2026-09-21T07:14:24.587974+00:00
VNINDEX,1D,2013-10-11,1381456800,496.71,498.58,494.53,494.53,52493570,1,dnse,2026-09-21T07:14:24.587974+00:00
VNINDEX,1D,2013-10-14,1381716000,494.31,495.67,492.81,493.62,34865050,1,dnse,2026-09-21T07:14:24.587974+00:00
VNINDEX,1D,2013-10-15,1381802400,493.03,495.72,492.37,495.72,49217000,1,dnse,2026-09-21T07:14:24.587974+00:00
VNINDEX,1D,2013-10-16,1381888800,495.47,500.6,495.02,498.96,68958650,1,dnse,2026-09-21T07:14:24.587974+00:00
VNINDEX,1D,2013-10-17,1381975200,502.02,502.64,498.83,499.59,60617540,1,dnse,2026-09-21T07:14:24.587974+00:00
VNINDEX,1D,2013-10-18,1382061600,499.89,501.39,497.91,500.83,67031980,1,dnse,2026-09-21T07:14:24.587974+00:00
VNINDEX,1D,2013-10-21,1382320800,501.72,503.72,500.25,501.57,109720270,1,dnse,2026-09-21T07:14:24.587974+00:00
VNINDEX,1D,2013-10-22,1382407200,500.94,502.95,498.74,500.57,68523680,1,dnse,2026-09-21T07:14:24.587974+00:00
VNINDEX,1D,2013-10-23,1382493600,501.41,504.81,501.41,504.05,77783670,1,dnse,2026-09-21T07:14:24.587974+00:00
VNINDEX,1D,2013-10-24,1382580000,503.47,505.74,500.64,501.17,84151930,1,dnse,2026-09-21T07:14:24.587974+00:00
VNINDEX,1D,2013-10-25,1382666400,502.8,503.17,499.53,500.75,59990570,1,dnse,2026-09-21T07:14:24.587974+00:00
VNINDEX,1D,2013-10-28,1382925600,501.27,501.86,496.46,496.46,60698540,1,dnse,2026-09-21T07:14:24.587974+00:00
VNINDEX,1D,2013-10-29,1383012000,494.66,497.74,494.01,497.08,48772840,1,dnse,2026-09-21T07:14:24.587974+00:00
VNINDEX,1D,2013-10-30,1383098400,497.97,500.97,497.95,499.07,34869860,1,dnse,2026-09-21T07:14:24.587974+00:00
VNINDEX,1D,2013-10-31,1383184800,500.04,500.59,497.41,497.41,38620230,1,dnse,2026-09-21T07:14:24.587974+00:00
VNINDEX,1D,2013-11-01,1383271200,499.27,499.27,496.93,497.08,38485380,1,dnse,2026-09-21T07:14:24.587974+00:00
VNINDEX,1D,2013-11-04,1383530400,497.33,498.49,495.68,497.07,62434130,1,dnse,2026-09-21T07:14:24.587974+00:00
VNINDEX,1D,2013-11-05,1383616800,497.46,500.28,495.84,499.79,74452200,1,dnse,2026-09-21T07:14:24.587974+00:00
VNINDEX,1D,2013-11-06,1383703200,500.44,502.52,499.58,502.52,76253370,1,dnse,2026-09-21T07:14:24.587974+00:00
VNINDEX,1D,2013-11-07,1383789600,502.09,503.3,499.29,499.86,104887510,1,dnse,2026-09-21T07:14:24.587974+00:00
VNINDEX,1D,2013-11-08,1383876000,498.8,500.47,498.33,498.61,63364460,1,dnse,2026-09-21T07:14:24.587974+00:00
VNINDEX,1D,2013-11-11,1384135200,498.03,501.08,497.41,501.08,87692440,1,dnse,2026-09-21T07:14:24.587974+00:00
VNINDEX,1D,2013-11-12,1384221600,501.36,501.36,496.79,497.65,118886010,1,dnse,2026-09-21T07:14:24.587974+00:00
VNINDEX,1D,2013-11-13,1384308000,496.9,498.62,495.68,496.12,63518970,1,dnse,2026-09-21T07:14:24.587974+00:00
VNINDEX,1D,2013-11-14,1384394400,496.71,498.82,496.12,497.85,60230390,1,dnse,2026-09-21T07:14:24.587974+00:00
VNINDEX,1D,2013-11-15,1384480800,497.88,502.12,497.72,501.34,90780020,1,dnse,2026-09-21T07:14:24.587974+00:00
VNINDEX,1D,2013-11-18,1384740000,503.44,507.41,503.33,506.48,113389010,1,dnse,2026-09-21T07:14:24.587974+00:00
VNINDEX,1D,2013-11-19,1384826400,505.45,507.63,504.71,504.71,91657220,1,dnse,2026-09-21T07:14:24.587974+00:00
VNINDEX,1D,2013-11-20,1384912800,504.68,505.75,502.98,505.52,103452470,1,dnse,2026-09-21T07:14:24.587974+00:00
VNINDEX,1D,2013-11-21,1384999200,507.0,510.21,503.54,503.54,169313020,1,dnse,2026-09-21T07:14:24.587974+00:00
VNINDEX,1D,2013-11-22,1385085600,505.16,506.46,502.83,505.64,100735280,1,dnse,2026-09-21T07:14:24.587974+00:00
VNINDEX,1D,2013-11-25,1385344800,506.96,509.72,506.08,506.46,89988180,1,dnse,2026-09-21T07:14:24.587974+00:00
VNINDEX,1D,2013-11-26,1385431200,507.08,510.75,504.65,509.16,89242010,1,dnse,2026-09-21T07:14:24.587974+00:00
VNINDEX,1D,2013-11-27,1385517600,511.73,513.25,507.66,508.43,97463060,1,dnse,2026-09-21T07:14:24.587974+00:00
VNINDEX,1D,2013-11-28,1385604000,508.52,509.15,506.99,507.71,77302730,1,dnse,2026-09-21T07:14:24.587974+00:00
VNINDEX,1D,2013-11-29,1385690400,507.42,508.78,506.05,507.78,97557500,1,dnse,2026-09-21T07:14:24.587974+00:00
VNINDEX,1D,2013-12-02,1385949600,508.71,509.48,507.1,508.53,75143330,1,dnse,2026-09-21T07:14:24.587974+00:00
VNINDEX,1D,2013-12-03,1386036000,508.13,512.33,508.13,511.62,121874670,1,dnse,2026-09-21T07:14:24.587974+00:00
VNINDEX,1D,2013-12-04,1386122400,512.0,513.4,510.66,510.88,105380250,1,dnse,2026-09-21T07:14:24.587974+00:00
VNINDEX,1D,2013-12-05,1386208800,510.41,512.21,507.52,510.03,100718390,1,dnse,2026-09-21T07:14:24.587974+00:00
VNINDEX,1D,2013-12-06,1386295200,510.03,512.37,509.76,510.12,75560180,1,dnse,2026-09-21T07:14:24.587974+00:00
VNINDEX,1D,2013-12-09,1386554400,514.13,514.13,510.94,511.23,100343600,1,dnse,2026-09-21T07:14:24.587974+00:00
VNINDEX,1D,2013-12-10,1386640800,512.1,513.83,510.24,511.6,78954520,1,dnse,2026-09-21T07:14:24.587974+00:00
VNINDEX,1D,2013-12-11,1386727200,511.74,511.81,504.9,505.31,101559530,1,dnse,2026-09-21T07:14:24.587974+00:00
VNINDEX,1D,2013-12-12,1386813600,503.77,507.68,503.76,506.92,67853440,1,dnse,2026-09-21T07:14:24.587974+00:00
VNINDEX,1D,2013-12-13,1386900000,507.07,509.35,505.49,506.06,63123560,1,dnse,2026-09-21T07:14:24.587974+00:00
VNINDEX,1D,2013-12-16,1387159200,503.46,506.52,502.04,502.04,55654010,1,dnse,2026-09-21T07:14:24.587974+00:00
VNINDEX,1D,2013-12-17,1387245600,503.13,505.67,502.2,505.67,69414600,1,dnse,2026-09-21T07:14:24.587974+00:00
VNINDEX,1D,2013-12-18,1387332000,505.2,506.11,503.66,505.25,59253700,1,dnse,2026-09-21T07:14:24.587974+00:00
VNINDEX,1D,2013-12-19,1387418400,504.92,508.04,504.92,506.28,106818860,1,dnse,2026-09-21T07:14:24.587974+00:00
VNINDEX,1D,2013-12-20,1387504800,507.47,508.29,504.45,504.45,124403730,1,dnse,2026-09-21T07:14:24.587974+00:00
VNINDEX,1D,2013-12-23,1387764000,506.6,509.41,505.73,508.68,97324320,1,dnse,2026-09-21T07:14:24.587974+00:00
VNINDEX,1D,2013-12-24,1387850400,508.61,509.54,505.62,505.62,84085890,1,dnse,2026-09-21T07:14:24.587974+00:00
VNINDEX,1D,2013-12-25,1387936800,506.37,506.53,503.03,504.42,70383710,1,dnse,2026-09-21T07:14:24.587974+00:00
VNINDEX,1D,2013-12-26,1388023200,504.41,507.57,503.59,506.55,68852630,1,dnse,2026-09-21T07:14:24.587974+00:00
VNINDEX,1D,2013-12-27,1388109600,507.08,510.09,506.41,506.41,70524800,1,dnse,2026-09-21T07:14:24.587974+00:00
VNINDEX,1D,2013-12-30,1388368800,506.62,507.02,500.35,500.35,84731280,1,dnse,2026-09-21T07:14:24.587974+00:00
VNINDEX,1D,2013-12-31,1388455200,500.67,506.44,499.49,504.63,59559870,1,dnse,2026-09-21T07:14:24.587974+00:00
VNINDEX,1D,2014-01-02,1388628000,505.61,506.71,503.04,504.51,54996230,1,dnse,2026-09-21T07:14:24.587974+00:00
VNINDEX,1D,2014-01-03,1388714400,504.41,506.19,503.94,505.37,50118840,1,dnse,2026-09-21T07:14:24.587974+00:00
VNINDEX,1D,2014-01-06,1388973600,505.74,509.1,504.28,509.1,68130860,1,dnse,2026-09-21T07:14:24.587974+00:00
VNINDEX,1D,2014-01-07,1389060000,511.02,513.0,509.87,510.12,71614380,1,dnse,2026-09-21T07:14:24.587974+00:00
VNINDEX,1D,2014-01-08,1389146400,511.03,514.2,509.01,513.9,68629490,1,dnse,2026-09-21T07:14:24.587974+00:00
VNINDEX,1D,2014-01-09,1389232800,513.92,516.98,513.52,516.98,88948710,1,dnse,2026-09-21T07:14:24.587974+00:00
VNINDEX,1D,2014-01-10,1389319200,518.41,523.06,518.24,518.94,92706120,1,dnse,2026-09-21T07:14:24.587974+00:00
VNINDEX,1D,2014-01-13,1389578400,519.31,522.32,518.78,521.11,68452030,1,dnse,2026-09-21T07:14:24.587974+00:00
VNINDEX,1D,2014-01-14,1389664800,520.73,524.59,520.63,522.31,85746090,1,dnse,2026-09-21T07:14:24.587974+00:00
VNINDEX,1D,2014-01-15,1389751200,523.82,527.09,522.45,526.68,126092570,1,dnse,2026-09-21T07:14:24.587974+00:00
VNINDEX,1D,2014-01-16,1389837600,528.83,533.54,527.9,533.54,91792850,1,dnse,2026-09-21T07:14:24.587974+00:00
VNINDEX,1D,2014-01-17,1389924000,537.48,549.88,536.81,543.59,114980130,1,dnse,2026-09-21T07:14:24.587974+00:00
VNINDEX,1D,2014-01-20,1390183200,548.22,559.93,548.22,553.67,101980700,1,dnse,2026-09-21T07:14:24.587974+00:00
VNINDEX,1D,2014-01-21,1390269600,555.72,560.18,547.65,559.91,91154110,1,dnse,2026-09-21T07:14:24.587974+00:00
VNINDEX,1D,2014-01-22,1390356000,561.34,564.61,551.92,551.92,114735990,1,dnse,2026-09-21T07:14:24.587974+00:00
VNINDEX,1D,2014-01-23,1390442400,550.88,556.5,550.52,553.55,68197050,1,dnse,2026-09-21T07:14:24.587974+00:00
VNINDEX,1D,2014-01-24,1390528800,555.66,560.19,553.46,560.19,85521800,1,dnse,2026-09-21T07:14:24.587974+00:00
VNINDEX,1D,2014-01-27,1390788000,560.45,560.45,556.52,556.52,65472100,1,dnse,2026-09-21T07:14:24.587974+00:00
VNINDEX,1D,2014-02-06,1391652000,554.8,557.29,551.45,554.68,87875560,1,dnse,2026-09-21T07:14:24.587974+00:00
VNINDEX,1D,2014-02-07,1391738400,557.71,558.51,549.37,549.76,119495580,1,dnse,2026-09-21T07:14:24.587974+00:00
VNINDEX,1D,2014-02-10,1391997600,550.42,555.9,548.56,555.9,106904960,1,dnse,2026-09-21T07:14:24.587974+00:00
VNINDEX,1D,2014-02-11,1392084000,560.35,561.83,553.9,553.9,170844850,1,dnse,2026-09-21T07:14:24.587974+00:00
VNINDEX,1D,2014-02-12,1392170400,555.91,564.25,554.26,564.25,120916320,1,dnse,2026-09-21T07:14:24.587974+00:00
VNINDEX,1D,2014-02-13,1392256800,567.77,570.68,565.27,570.18,145697620,1,dnse,2026-09-21T07:14:24.587974+00:00
VNINDEX,1D,2014-02-14,1392343200,573.09,576.18,569.38,572.22,136937230,1,dnse,2026-09-21T07:14:24.587974+00:00
VNINDEX,1D,2014-02-17,1392602400,571.27,572.85,567.89,570.2,159214880,1,dnse,2026-09-21T07:14:24.587974+00:00
VNINDEX,1D,2014-02-18,1392688800,570.65,574.56,570.16,574.56,154772030,1,dnse,2026-09-21T07:14:24.587974+00:00
VNINDEX,1D,2014-02-19,1392775200,578.73,578.8,573.86,578.12,153445030,1,dnse,2026-09-21T07:14:24.587974+00:00
VNINDEX,1D,2014-02-20,1392861600,579.71,584.1,565.31,571.04,254367230,1,dnse,2026-09-21T07:14:24.587974+00:00
VNINDEX,1D,2014-02-21,1392948000,571.03,574.61,565.33,570.57,116346370,1,dnse,2026-09-21T07:14:24.587974+00:00
VNINDEX,1D,2014-02-24,1393207200,571.93,576.58,570.07,576.58,112732880,1,dnse,2026-09-21T07:14:24.587974+00:00
VNINDEX,1D,2014-02-25,1393293600,575.49,586.2,575.49,586.2,141747900,1,dnse,2026-09-21T07:14:24.587974+00:00
VNINDEX,1D,2014-02-26,1393380000,590.64,590.79,582.96,589.81,153761340,1,dnse,2026-09-21T07:14:24.587974+00:00
VNINDEX,1D,2014-02-27,1393466400,588.47,596.4,584.79,584.79,223033340,1,dnse,2026-09-21T07:14:24.587974+00:00
VNINDEX,1D,2014-02-28,1393552800,586.12,591.36,581.63,586.48,116336020,1,dnse,2026-09-21T07:14:24.587974+00:00
VNINDEX,1D,2014-03-03,1393812000,586.46,587.11,573.37,573.38,141965580,1,dnse,2026-09-21T07:14:24.587974+00:00
VNINDEX,1D,2014-03-04,1393898400,563.9,572.28,563.9,569.97,122493930,1,dnse,2026-09-21T07:14:24.587974+00:00
VNINDEX,1D,2014-03-05,1393984800,576.11,577.5,569.97,574.94,102976780,1,dnse,2026-09-21T07:14:24.587974+00:00
VNINDEX,1D,2014-03-06,1394071200,576.07,580.04,574.58,578.56,131565670,1,dnse,2026-09-21T07:14:24.587974+00:00
VNINDEX,1D,2014-03-07,1394157600,579.4,582.24,579.1,579.75,149392490,1,dnse,2026-09-21T07:14:24.587974+00:00
VNINDEX,1D,2014-03-10,1394416800,580.84,584.81,579.98,583.69,140462540,1,dnse,2026-09-21T07:14:24.587974+00:00
VNINDEX,1D,2014-03-11,1394503200,585.1,589.45,582.2,588.5,158741000,1,dnse,2026-09-21T07:14:24.587974+00:00
VNINDEX,1D,2014-03-12,1394589600,590.94,596.38,590.02,590.02,168708960,1,dnse,2026-09-21T07:14:24.587974+00:00
VNINDEX,1D,2014-03-13,1394676000,591.11,595.22,590.36,595.22,130339060,1,dnse,2026-09-21T07:14:24.587974+00:00
VNINDEX,1D,2014-03-14,1394762400,596.2,600.68,594.51,596.83,160384630,1,dnse,2026-09-21T07:14:24.587974+00:00
VNINDEX,1D,2014-03-17,1395021600,603.05,603.24,598.7,600.36,161239500,1,dnse,2026-09-21T07:14:24.587974+00:00
VNINDEX,1D,2014-03-18,1395108000,602.01,603.21,597.78,599.85,193120370,1,dnse,2026-09-21T07:14:24.587974+00:00
VNINDEX,1D,2014-03-19,1395194400,600.73,605.91,600.42,605.59,188807510,1,dnse,2026-09-21T07:14:24.587974+00:00
VNINDEX,1D,2014-03-20,1395280800,607.39,608.29,600.03,600.26,183319960,1,dnse,2026-09-21T07:14:24.587974+00:00
VNINDEX,1D,2014-03-21,1395367200,600.48,607.22,600.26,601.75,224867350,1,dnse,2026-09-21T07:14:24.587974+00:00
VNINDEX,1D,2014-03-24,1395626400,606.71,609.2,604.18,607.55,189271920,1,dnse,2026-09-21T07:14:24.587974+00:00
VNINDEX,1D,2014-03-25,1395712800,607.12,609.01,604.38,601.85,245217840,1,dnse,2026-09-21T07:14:24.587974+00:00
VNINDEX,1D,2014-03-26,1395799200,603.59,603.68,587.52,588.06,246459570,1,dnse,2026-09-21T07:14:24.587974+00:00
VNINDEX,1D,2014-03-27,1395885600,588.33,591.7,582.81,590.14,146465260,1,dnse,2026-09-21T07:14:24.587974+00:00
VNINDEX,1D,2014-03-28,1395972000,592.68,595.7,590.59,594.29,116220650,1,dnse,2026-09-21T07:14:24.587974+00:00
VNINDEX,1D,2014-03-31,1396231200,594.29,597.22,591.57,591.57,117084100,1,dnse,2026-09-21T07:14:24.587974+00:00
VNINDEX,1D,2014-04-01,1396317600,590.93,593.03,582.3,583.85,167165310,1,dnse,2026-09-21T07:14:24.587974+00:00
VNINDEX,1D,2014-04-02,1396404000,584.99,586.5,574.4,581.67,142309840,1,dnse,2026-09-21T07:14:24.587974+00:00
VNINDEX,1D,2014-04-03,1396490400,584.68,590.91,582.83,589.44,99127880,1,dnse,2026-09-21T07:14:24.587974+00:00
VNINDEX,1D,2014-04-04,1396576800,589.9,593.46,588.34,593.04,92353580,1,dnse,2026-09-21T07:14:24.587974+00:00
VNINDEX,1D,2014-04-07,1396836000,595.72,602.55,595.35,600.57,108560420,1,dnse,2026-09-21T07:14:24.587974+00:00
VNINDEX,1D,2014-04-08,1396922400,601.39,603.25,598.52,603.25,109210640,1,dnse,2026-09-21T07:14:24.587974+00:00
VNINDEX,1D,2014-04-10,1397095200,605.4,608.89,600.43,601.33,110558340,1,dnse,2026-09-21T07:14:24.587974+00:00
VNINDEX,1D,2014-04-11,1397181600,598.36,602.01,594.96,600.57,104068010,1,dnse,2026-09-21T07:14:24.587974+00:00
VNINDEX,1D,2014-04-14,1397440800,602.51,602.7,596.05,596.11,96128090,1,dnse,2026-09-21T07:14:24.587974+00:00
VNINDEX,1D,2014-04-15,1397527200,595.81,597.99,586.09,586.09,126833620,1,dnse,2026-09-21T07:14:24.587974+00:00
VNINDEX,1D,2014-04-16,1397613600,583.64,585.51,567.61,574.29,143009880,1,dnse,2026-09-21T07:14:24.587974+00:00
VNINDEX,1D,2014-04-17,1397700000,580.26,583.51,575.83,580.31,86527800,1,dnse,2026-09-21T07:14:24.587974+00:00
VNINDEX,1D,2014-04-18,1397786400,580.89,580.89,565.33,565.33,106747120,1,dnse,2026-09-21T07:14:24.587974+00:00
VNINDEX,1D,2014-04-21,1398045600,564.29,568.44,558.14,558.14,93868870,1,dnse,2026-09-21T07:14:24.587974+00:00
VNINDEX,1D,2014-04-22,1398132000,560.63,569.87,556.47,569.87,84120410,1,dnse,2026-09-21T07:14:24.587974+00:00
VNINDEX,1D,2014-04-23,1398218400,569.83,573.39,567.04,569.36,63157600,1,dnse,2026-09-21T07:14:24.587974+00:00
VNINDEX,1D,2014-04-24,1398304800,568.41,571.57,566.94,570.46,48621460,1,dnse,2026-09-21T07:14:24.587974+00:00
VNINDEX,1D,2014-04-25,1398391200,571.78,580.74,571.71,578.92,58226790,1,dnse,2026-09-21T07:14:24.587974+00:00
VNINDEX,1D,2014-04-28,1398650400,579.29,580.7,573.1,573.1,53208230,1,dnse,2026-09-21T07:14:24.587974+00:00
VNINDEX,1D,2014-04-29,1398736800,571.54,578.21,570.64,578.0,45941890,1,dnse,2026-09-21T07:14:24.587974+00:00
VNINDEX,1D,2014-05-05,1399255200,578.45,580.11,564.47,564.85,73606800,1,dnse,2026-09-21T07:14:24.587974+00:00
VNINDEX,1D,2014-05-06,1399341600,561.55,562.36,545.97,555.11,98267720,1,dnse,2026-09-21T07:14:24.587974+00:00
VNINDEX,1D,2014-05-07,1399428000,558.04,561.56,553.21,559.97,46793760,1,dnse,2026-09-21T07:14:24.587974+00:00
VNINDEX,1D,2014-05-08,1399514400,550.75,550.75,525.37,527.09,128293230,1,dnse,2026-09-21T07:14:24.587974+00:00
VNINDEX,1D,2014-05-09,1399600800,522.82,542.56,522.7,542.46,115488640,1,dnse,2026-09-21T07:14:24.587974+00:00
VNINDEX,1D,2014-05-12,1399860000,536.82,536.82,512.25,517.05,94224400,1,dnse,2026-09-21T07:14:24.587974+00:00
VNINDEX,1D,2014-05-13,1399946400,509.11,518.45,508.51,513.91,92140330,1,dnse,2026-09-21T07:14:24.587974+00:00
VNINDEX,1D,2014-05-14,1400032800,510.16,529.59,509.82,529.53,106635850,1,dnse,2026-09-21T07:14:24.587974+00:00
VNINDEX,1D,2014-05-15,1400119200,529.25,537.27,512.41,524.05,125655190,1,dnse,2026-09-21T07:14:24.587974+00:00
VNINDEX,1D,2014-05-16,1400205600,521.96,529.49,519.39,529.49,79135650,1,dnse,2026-09-21T07:14:24.587974+00:00
VNINDEX,1D,2014-05-19,1400464800,530.31,534.68,525.82,533.04,94450040,1,dnse,2026-09-21T07:14:24.587974+00:00
VNINDEX,1D,2014-05-20,1400551200,531.0,537.93,527.69,537.52,102485880,1,dnse,2026-09-21T07:14:24.587974+00:00
VNINDEX,1D,2014-05-21,1400637600,537.95,543.93,533.19,543.88,99864170,1,dnse,2026-09-21T07:14:24.587974+00:00
VNINDEX,1D,2014-05-22,1400724000,543.35,547.2,541.43,541.73,122207050,1,dnse,2026-09-21T07:14:24.587974+00:00
VNINDEX,1D,2014-05-23,1400810400,542.44,545.3,540.51,541.49,84206790,1,dnse,2026-09-21T07:14:24.587974+00:00
VNINDEX,1D,2014-05-26,1401069600,541.43,544.93,536.27,544.06,70350070,1,dnse,2026-09-21T07:14:24.587974+00:00
VNINDEX,1D,2014-05-27,1401156000,543.55,552.75,542.49,552.75,121729360,1,dnse,2026-09-21T07:14:24.587974+00:00
VNINDEX,1D,2014-05-28,1401242400,554.32,557.93,553.03,557.34,107355240,1,dnse,2026-09-21T07:14:24.587974+00:00
VNINDEX,1D,2014-05-29,1401328800,556.3,562.33,555.32,558.45,114247620,1,dnse,2026-09-21T07:14:24.587974+00:00
VNINDEX,1D,2014-05-30,1401415200,558.78,565.05,557.2,562.02,81363300,1,dnse,2026-09-21T07:14:24.587974+00:00
VNINDEX,1D,2014-06-02,1401674400,560.29,563.12,554.44,556.8,78700670,1,dnse,2026-09-21T07:14:24.587974+00:00
VNINDEX,1D,2014-06-03,1401760800,557.34,560.62,554.96,558.76,53295920,1,dnse,2026-09-21T07:14:24.587974+00:00
VNINDEX,1D,2014-06-04,1401847200,559.19,559.19,550.23,553.46,67155660,1,dnse,2026-09-21T07:14:24.587974+00:00
VNINDEX,1D,2014-06-05,1401933600,552.25,553.96,548.47,551.1,53199850,1,dnse,2026-09-21T07:14:24.587974+00:00
VNINDEX,1D,2014-06-06,1402020000,554.18,559.04,551.8,559.04,59778290,1,dnse,2026-09-21T07:14:24.587974+00:00
VNINDEX,1D,2014-06-09,1402279200,561.25,571.83,558.64,565.61,107736660,1,dnse,2026-09-21T07:14:24.587974+00:00
VNINDEX,1D,2014-06-10,1402365600,566.31,571.73,564.32,566.89,78132940,1,dnse,2026-09-21T07:14:24.587974+00:00
VNINDEX,1D,2014-06-11,1402452000,567.77,573.05,566.51,570.36,75171290,1,dnse,2026-09-21T07:14:24.587974+00:00
VNINDEX,1D,2014-06-12,1402538400,571.18,574.75,568.58,573.77,90147440,1,dnse,2026-09-21T07:14:24.587974+00:00
VNINDEX,1D,2014-06-13,1402624800,573.58,577.27,573.03,574.48,67624300,1,dnse,2026-09-21T07:14:24.587974+00:00
VNINDEX,1D,2014-06-16,1402884000,575.3,575.87,571.76,572.37,76547350,1,dnse,2026-09-21T07:14:24.587974+00:00
VNINDEX,1D,2014-06-17,1402970400,570.77,573.15,567.58,572.25,103158970,1,dnse,2026-09-21T07:14:24.587974+00:00
VNINDEX,1D,2014-06-18,1403056800,571.74,575.03,570.03,570.03,95680950,1,dnse,2026-09-21T07:14:24.587974+00:00
VNINDEX,1D,2014-06-19,1403143200,564.93,569.41,558.65,567.35,122009510,1,dnse,2026-09-21T07:14:24.587974+00:00
VNINDEX,1D,2014-06-20,1403229600,568.45,571.76,560.78,560.78,116175890,1,dnse,2026-09-21T07:14:24.587974+00:00
VNINDEX,1D,2014-06-23,1403488800,561.97,567.71,561.97,565.92,47939680,1,dnse,2026-09-21T07:14:24.587974+00:00
VNINDEX,1D,2014-06-24,1403575200,565.47,570.37,565.12,569.74,56799240,1,dnse,2026-09-21T07:14:24.587974+00:00
VNINDEX,1D,2014-06-25,1403661600,570.33,574.62,569.27,572.27,87749020,1,dnse,2026-09-21T07:14:24.587974+00:00
VNINDEX,1D,2014-06-26,1403748000,572.18,578.29,570.33,576.4,111053090,1,dnse,2026-09-21T07:14:24.587974+00:00
VNINDEX,1D,2014-06-27,1403834400,576.18,580.75,575.1,578.82,59803530,1,dnse,2026-09-21T07:14:24.587974+00:00
VNINDEX,1D,2014-06-30,1404093600,578.28,582.26,577.76,578.13,63785010,1,dnse,2026-09-21T07:14:24.587974+00:00
VNINDEX,1D,2014-07-01,1404180000,578.93,582.16,577.3,578.07,101593980,1,dnse,2026-09-21T07:14:24.587974+00:00
VNINDEX,1D,2014-07-02,1404266400,578.79,581.89,576.88,578.8,107018060,1,dnse,2026-09-21T07:14:24.587974+00:00
VNINDEX,1D,2014-07-03,1404352800,583.29,585.02,580.55,585.02,127121960,1,dnse,2026-09-21T07:14:24.587974+00:00
VNINDEX,1D,2014-07-04,1404439200,585.66,591.38,585.66,589.35,117186000,1,dnse,2026-09-21T07:14:24.587974+00:00
VNINDEX,1D,2014-07-07,1404698400,592.27,594.84,589.61,590.69,114945340,1,dnse,2026-09-21T07:14:24.587974+00:00
VNINDEX,1D,2014-07-08,1404784800,591.63,593.4,588.54,591.47,95623320,1,dnse,2026-09-21T07:14:24.587974+00:00
VNINDEX,1D,2014-07-09,1404871200,591.9,593.42,590.46,591.6,99772410,1,dnse,2026-09-21T07:14:24.587974+00:00
VNINDEX,1D,2014-07-10,1404957600,591.21,591.35,581.49,584.88,148042030,1,dnse,2026-09-21T07:14:24.587974+00:00
VNINDEX,1D,2014-07-11,1405044000,584.29,586.57,580.54,582.77,76665490,1,dnse,2026-09-21T07:14:24.587974+00:00
VNINDEX,1D,2014-07-14,1405303200,583.55,586.23,581.99,586.23,62767180,1,dnse,2026-09-21T07:14:24.587974+00:00
VNINDEX,1D,2014-07-15,1405389600,588.24,590.09,587.68,589.31,98238770,1,dnse,2026-09-21T07:14:24.587974+00:00
VNINDEX,1D,2014-07-16,1405476000,594.29,594.29,589.68,589.68,134145840,1,dnse,2026-09-21T07:14:24.587974+00:00
VNINDEX,1D,2014-07-17,1405562400,588.99,591.42,586.07,590.37,94389680,1,dnse,2026-09-21T07:14:24.587974+00:00
VNINDEX,1D,2014-07-18,1405648800,590.9,596.26,589.33,596.26,120565300,1,dnse,2026-09-21T07:14:24.587974+00:00
VNINDEX,1D,2014-07-21,1405908000,598.26,604.64,596.96,601.04,109316960,1,dnse,2026-09-21T07:14:24.587974+00:00
VNINDEX,1D,2014-07-22,1405994400,599.3,600.93,594.85,597.98,89952820,1,dnse,2026-09-21T07:14:24.587974+00:00
VNINDEX,1D,2014-07-23,1406080800,598.98,599.56,594.1,597.5,58825520,1,dnse,2026-09-21T07:14:24.587974+00:00
VNINDEX,1D,2014-07-24,1406167200,597.03,602.49,597.03,602.06,84773630,1,dnse,2026-09-21T07:14:24.587974+00:00
VNINDEX,1D,2014-07-25,1406253600,603.54,605.78,600.14,600.14,94267820,1,dnse,2026-09-21T07:14:24.587974+00:00
VNINDEX,1D,2014-07-28,1406512800,599.13,599.35,587.78,589.45,106264460,1,dnse,2026-09-21T07:14:24.587974+00:00
VNINDEX,1D,2014-07-29,1406599200,590.57,592.24,585.75,592.24,60692450,1,dnse,2026-09-21T07:14:24.587974+00:00
VNINDEX,1D,2014-07-30,1406685600,591.15,593.58,588.53,589.33,73191400,1,dnse,2026-09-21T07:14:24.587974+00:00
VNINDEX,1D,2014-07-31,1406772000,587.68,596.11,587.68,596.07,61274970,1,dnse,2026-09-21T07:14:24.587974+00:00
VNINDEX,1D,2014-08-01,1406858400,594.66,596.8,592.38,593.9,59841150,1,dnse,2026-09-21T07:14:24.587974+00:00
VNINDEX,1D,2014-08-04,1407117600,592.35,600.52,592.04,599.04,71125720,1,dnse,2026-09-21T07:14:24.587974+00:00
VNINDEX,1D,2014-08-05,1407204000,600.46,607.73,599.1,607.73,83711690,1,dnse,2026-09-21T07:14:24.587974+00:00
VNINDEX,1D,2014-08-06,1407290400,607.95,610.88,605.63,606.7,87400600,1,dnse,2026-09-21T07:14:24.587974+00:00
VNINDEX,1D,2014-08-07,1407376800,603.94,608.42,603.13,607.62,87858760,1,dnse,2026-09-21T07:14:24.587974+00:00
VNINDEX,1D,2014-08-08,1407463200,607.64,610.09,604.08,605.43,101520160,1,dnse,2026-09-21T07:14:24.587974+00:00
VNINDEX,1D,2014-08-11,1407722400,602.78,607.16,600.48,602.13,74249570,1,dnse,2026-09-21T07:14:24.587974+00:00
VNINDEX,1D,2014-08-12,1407808800,602.35,604.89,598.71,601.78,78520730,1,dnse,2026-09-21T07:14:24.587974+00:00
VNINDEX,1D,2014-08-13,1407895200,601.77,604.51,599.64,602.76,93087280,1,dnse,2026-09-21T07:14:24.587974+00:00
VNINDEX,1D,2014-08-14,1407981600,605.2,607.84,604.08,605.25,109406300,1,dnse,2026-09-21T07:14:24.587974+00:00
VNINDEX,1D,2014-08-15,1408068000,605.25,608.46,603.24,604.24,101218780,1,dnse,2026-09-21T07:14:24.587974+00:00
VNINDEX,1D,2014-08-18,1408327200,605.65,607.79,603.33,605.08,123678840,1,dnse,2026-09-21T07:14:24.587974+00:00
VNINDEX,1D,2014-08-19,1408413600,606.6,609.04,603.61,604.64,125366090,1,dnse,2026-09-21T07:14:24.587974+00:00
VNINDEX,1D,2014-08-20,1408500000,604.3,608.72,602.81,606.7,98377830,1,dnse,2026-09-21T07:14:24.587974+00:00
VNINDEX,1D,2014-08-21,1408586400,608.91,616.96,608.58,612.94,140343470,1,dnse,2026-09-21T07:14:24.587974+00:00
VNINDEX,1D,2014-08-22,1408672800,615.81,622.97,614.51,620.14,151323250,1,dnse,2026-09-21T07:14:24.587974+00:00
VNINDEX,1D,2014-08-25,1408932000,622.71,629.58,622.16,625.88,156793900,1,dnse,2026-09-21T07:14:24.587974+00:00
VNINDEX,1D,2014-08-26,1409018400,627.13,631.17,625.1,629.06,129151110,1,dnse,2026-09-21T07:14:24.587974+00:00
VNINDEX,1D,2014-08-27,1409104800,631.23,632.25,624.68,628.77,152313560,1,dnse,2026-09-21T07:14:24.587974+00:00
VNINDEX,1D,2014-08-28,1409191200,629.28,635.94,626.32,632.03,134519830,1,dnse,2026-09-21T07:14:24.587974+00:00
VNINDEX,1D,2014-08-29,1409277600,634.91,640.19,631.11,636.65,170612900,1,dnse,2026-09-21T07:14:24.587974+00:00
VNINDEX,1D,2014-09-03,1409709600,641.01,644.56,638.95,640.75,188155710,1,dnse,2026-09-21T07:14:24.587974+00:00
VNINDEX,1D,2014-09-04,1409796000,639.14,642.88,636.56,640.22,147679700,1,dnse,2026-09-21T07:14:24.587974+00:00
VNINDEX,1D,2014-09-05,1409882400,640.05,641.96,638.55,638.65,138632500,1,dnse,2026-09-21T07:14:24.587974+00:00
VNINDEX,1D,2014-09-08,1410141600,641.93,642.72,639.19,639.85,163757920,1,dnse,2026-09-21T07:14:24.587974+00:00
VNINDEX,1D,2014-09-09,1410228000,640.99,641.2,622.76,626.92,242576650,1,dnse,2026-09-21T07:14:24.587974+00:00
VNINDEX,1D,2014-09-10,1410314400,627.35,630.03,618.54,628.8,129722930,1,dnse,2026-09-21T07:14:24.587974+00:00
VNINDEX,1D,2014-09-11,1410400800,629.77,633.6,626.26,628.99,121586890,1,dnse,2026-09-21T07:14:24.587974+00:00
VNINDEX,1D,2014-09-12,1410487200,631.31,632.91,627.42,632.5,142042140,1,dnse,2026-09-21T07:14:24.587974+00:00
VNINDEX,1D,2014-09-15,1410746400,631.31,636.65,627.42,630.34,201078790,1,dnse,2026-09-21T07:14:24.587974+00:00
VNINDEX,1D,2014-09-16,1410832800,628.96,631.59,623.66,627.66,176189320,1,dnse,2026-09-21T07:14:24.587974+00:00
VNINDEX,1D,2014-09-17,1410919200,630.5,632.22,625.66,625.66,183400380,1,dnse,2026-09-21T07:14:24.587974+00:00
VNINDEX,1D,2014-09-18,1411005600,625.94,627.29,615.8,615.8,162783900,1,dnse,2026-09-21T07:14:24.587974+00:00
VNINDEX,1D,2014-09-19,1411092000,616.03,619.8,612.4,613.29,203749040,1,dnse,2026-09-21T07:14:24.587974+00:00
VNINDEX,1D,2014-09-22,1411351200,617.71,621.36,611.93,611.93,99326220,1,dnse,2026-09-21T07:14:24.587974+00:00
VNINDEX,1D,2014-09-23,1411437600,611.75,615.99,610.39,610.39,131792630,1,dnse,2026-09-21T07:14:24.587974+00:00
VNINDEX,1D,2014-09-24,1411524000,609.51,611.61,603.59,603.59,112776100,1,dnse,2026-09-21T07:14:24.587974+00:00
VNINDEX,1D,2014-09-25,1411610400,602.53,605.5,594.28,605.1,123016770,1,dnse,2026-09-21T07:14:24.587974+00:00
VNINDEX,1D,2014-09-26,1411696800,608.8,610.15,604.98,604.98,134501730,1,dnse,2026-09-21T07:14:24.587974+00:00
VNINDEX,1D,2014-09-29,1411956000,605.03,605.03,599.78,599.78,111034700,1,dnse,2026-09-21T07:14:24.587974+00:00
VNINDEX,1D,2014-09-30,1412042400,597.16,601.54,594.0,598.8,142531380,1,dnse,2026-09-21T07:14:24.587974+00:00
VNINDEX,1D,2014-10-01,1412128800,603.5,611.74,603.44,609.27,168682480,1,dnse,2026-09-21T07:14:24.587974+00:00
VNINDEX,1D,2014-10-02,1412215200,612.43,614.8,607.57,612.66,165970840,1,dnse,2026-09-21T07:14:24.587974+00:00
VNINDEX,1D,2014-10-03,1412301600,613.38,615.42,610.55,611.55,170475580,1,dnse,2026-09-21T07:14:24.587974+00:00
VNINDEX,1D,2014-10-06,1412560800,612.11,616.13,612.03,614.42,163261230,1,dnse,2026-09-21T07:14:24.587974+00:00
VNINDEX,1D,2014-10-07,1412647200,614.16,617.01,612.94,614.08,178871570,1,dnse,2026-09-21T07:14:24.587974+00:00
VNINDEX,1D,2014-10-08,1412733600,615.04,618.37,611.98,617.26,167590180,1,dnse,2026-09-21T07:14:24.587974+00:00
VNINDEX,1D,2014-10-09,1412820000,622.25,626.9,622.25,624.34,154923100,1,dnse,2026-09-21T07:14:24.587974+00:00
VNINDEX,1D,2014-10-10,1412906400,624.61,627.49,617.72,617.72,143028680,1,dnse,2026-09-21T07:14:24.587974+00:00
VNINDEX,1D,2014-10-13,1413165600,615.79,618.29,608.27,614.22,108441800,1,dnse,2026-09-21T07:14:24.587974+00:00
VNINDEX,1D,2014-10-14,1413252000,614.22,616.71,605.79,605.79,112901760,1,dnse,2026-09-21T07:14:24.587974+00:00
VNINDEX,1D,2014-10-15,1413338400,603.73,606.4,596.5,604.29,117820960,1,dnse,2026-09-21T07:14:24.587974+00:00
VNINDEX,1D,2014-10-16,1413424800,603.11,603.59,585.76,587.17,165668630,1,dnse,2026-09-21T07:14:24.587974+00:00
VNINDEX,1D,2014-10-17,1413511200,587.48,591.85,577.79,585.28,118004420,1,dnse,2026-09-21T07:14:24.587974+00:00
VNINDEX,1D,2014-10-20,1413770400,588.38,593.2,585.7,589.24,75388460,1,dnse,2026-09-21T07:14:24.587974+00:00
VNINDEX,1D,2014-10-21,1413856800,590.17,601.14,588.75,600.55,80475800,1,dnse,2026-09-21T07:14:24.587974+00:00
VNINDEX,1D,2014-10-22,1413943200,600.27,603.97,598.99,601.59,97192990,1,dnse,2026-09-21T07:14:24.587974+00:00
VNINDEX,1D,2014-10-23,1414029600,598.61,602.02,593.11,593.53,143961970,1,dnse,2026-09-21T07:14:24.587974+00:00
VNINDEX,1D,2014-10-24,1414116000,592.66,595.33,588.72,591.51,90743200,1,dnse,2026-09-21T07:14:24.587974+00:00
VNINDEX,1D,2014-10-27,1414375200,590.33,591.59,580.02,580.8,99712610,1,dnse,2026-09-21T07:14:24.587974+00:00
VNINDEX,1D,2014-10-28,1414461600,579.77,584.43,578.44,583.13,109692910,1,dnse,2026-09-21T07:14:24.587974+00:00
VNINDEX,1D,2014-10-29,1414548000,585.85,591.83,585.68,591.2,94659670,1,dnse,2026-09-21T07:14:24.587974+00:00
VNINDEX,1D,2014-10-30,1414634400,593.86,594.3,589.14,589.14,94528450,1,dnse,2026-09-21T07:14:24.587974+00:00
VNINDEX,1D,2014-10-31,1414720800,591.12,600.84,588.16,600.84,128902840,1,dnse,2026-09-21T07:14:24.587974+00:00
VNINDEX,1D,2014-11-03,1414980000,603.44,606.94,602.51,603.15,109836450,1,dnse,2026-09-21T07:14:24.587974+00:00
VNINDEX,1D,2014-11-04,1415066400,601.55,604.47,598.39,598.39,107482690,1,dnse,2026-09-21T07:14:24.587974+00:00
VNINDEX,1D,2014-11-05,1415152800,599.64,602.53,593.53,597.01,129003800,1,dnse,2026-09-21T07:14:24.587974+00:00
VNINDEX,1D,2014-11-06,1415239200,599.42,601.28,596.73,597.85,85175150,1,dnse,2026-09-21T07:14:24.587974+00:00
VNINDEX,1D,2014-11-07,1415325600,598.37,603.32,597.73,602.59,119568150,1,dnse,2026-09-21T07:14:24.587974+00:00
VNINDEX,1D,2014-11-10,1415584800,603.7,607.5,602.12,602.12,126939270,1,dnse,2026-09-21T07:14:24.587974+00:00
VNINDEX,1D,2014-11-11,1415671200,603.5,608.68,601.85,604.23,132043890,1,dnse,2026-09-21T07:14:24.587974+00:00
VNINDEX,1D,2014-11-12,1415757600,605.44,606.36,603.12,604.01,121877550,1,dnse,2026-09-21T07:14:24.587974+00:00
VNINDEX,1D,2014-11-13,1415844000,605.3,607.29,602.62,603.16,139365180,1,dnse,2026-09-21T07:14:24.587974+00:00
VNINDEX,1D,2014-11-14,1415930400,601.61,602.51,596.95,600.36,141302230,1,dnse,2026-09-21T07:14:24.587974+00:00
VNINDEX,1D,2014-11-17,1416189600,602.4,604.63,600.93,600.93,108861540,1,dnse,2026-09-21T07:14:24.587974+00:00
VNINDEX,1D,2014-11-18,1416276000,600.86,602.53,594.25,594.25,128868510,1,dnse,2026-09-21T07:14:24.587974+00:00
VNINDEX,1D,2014-11-19,1416362400,594.88,597.29,588.35,588.35,131657230,1,dnse,2026-09-21T07:14:24.587974+00:00
VNINDEX,1D,2014-11-20,1416448800,592.17,594.76,589.84,593.32,147023610,1,dnse,2026-09-21T07:14:24.587974+00:00
VNINDEX,1D,2014-11-21,1416535200,594.71,596.02,588.03,588.03,157836660,1,dnse,2026-09-21T07:14:24.587974+00:00
VNINDEX,1D,2014-11-24,1416794400,585.08,586.54,580.92,582.53,111511310,1,dnse,2026-09-21T07:14:24.587974+00:00
VNINDEX,1D,2014-11-25,1416880800,583.53,588.42,583.53,585.91,102742670,1,dnse,2026-09-21T07:14:24.587974+00:00
VNINDEX,1D,2014-11-26,1416967200,587.58,588.16,575.09,576.04,153001780,1,dnse,2026-09-21T07:14:24.587974+00:00
VNINDEX,1D,2014-11-27,1417053600,575.64,575.82,567.36,572.89,107299540,1,dnse,2026-09-21T07:14:24.587974+00:00
VNINDEX,1D,2014-11-28,1417140000,571.04,572.12,565.1,566.58,138169790,1,dnse,2026-09-21T07:14:24.587974+00:00
VNINDEX,1D,2014-12-01,1417399200,566.22,571.69,565.09,568.01,108033330,1,dnse,2026-09-21T07:14:24.587974+00:00
VNINDEX,1D,2014-12-02,1417485600,570.44,570.79,568.55,569.43,95251130,1,dnse,2026-09-21T07:14:24.587974+00:00
VNINDEX,1D,2014-12-03,1417572000,570.48,575.95,570.44,574.88,111414110,1,dnse,2026-09-21T07:14:24.587974+00:00
VNINDEX,1D,2014-12-04,1417658400,576.63,581.27,576.63,578.38,105904080,1,dnse,2026-09-21T07:14:24.587974+00:00
VNINDEX,1D,2014-12-05,1417744800,578.64,582.42,578.18,578.76,95316490,1,dnse,2026-09-21T07:14:24.587974+00:00
VNINDEX,1D,2014-12-08,1418004000,577.44,577.44,569.24,571.68,105840990,1,dnse,2026-09-21T07:14:24.587974+00:00
VNINDEX,1D,2014-12-09,1418090400,567.55,567.55,554.51,555.31,169970680,1,dnse,2026-09-21T07:14:24.587974+00:00
VNINDEX,1D,2014-12-10,1418176800,549.98,558.47,544.78,557.19,111615650,1,dnse,2026-09-21T07:14:24.587974+00:00
VNINDEX,1D,2014-12-11,1418263200,549.78,557.96,547.55,550.11,87052690,1,dnse,2026-09-21T07:14:24.587974+00:00
VNINDEX,1D,2014-12-12,1418349600,547.69,554.82,547.69,553.93,73938730,1,dnse,2026-09-21T07:14:24.587974+00:00
VNINDEX,1D,2014-12-15,1418608800,550.8,554.35,547.93,547.93,77841880,1,dnse,2026-09-21T07:14:24.587974+00:00
VNINDEX,1D,2014-12-16,1418695200,545.33,545.66,535.0,535.14,114699800,1,dnse,2026-09-21T07:14:24.587974+00:00
VNINDEX,1D,2014-12-17,1418781600,535.27,536.64,513.06,518.22,165055720,1,dnse,2026-09-21T07:14:24.587974+00:00
VNINDEX,1D,2014-12-18,1418868000,523.91,528.6,521.33,528.45,94737920,1,dnse,2026-09-21T07:14:24.587974+00:00
VNINDEX,1D,2014-12-19,1418954400,527.61,533.3,522.1,523.09,171218450,1,dnse,2026-09-21T07:14:24.587974+00:00
VNINDEX,1D,2014-12-22,1419213600,527.31,537.54,527.28,537.54,70396910,1,dnse,2026-09-21T07:14:24.587974+00:00
VNINDEX,1D,2014-12-23,1419300000,535.61,543.22,532.78,537.88,76021280,1,dnse,2026-09-21T07:14:24.587974+00:00
VNINDEX,1D,2014-12-24,1419386400,540.46,541.73,536.79,539.44,57168000,1,dnse,2026-09-21T07:14:24.587974+00:00
VNINDEX,1D,2014-12-25,1419472800,536.21,537.47,531.52,532.01,67648520,1,dnse,2026-09-21T07:14:24.587974+00:00
VNINDEX,1D,2014-12-26,1419559200,531.84,537.89,527.41,533.37,85103360,1,dnse,2026-09-21T07:14:24.587974+00:00
VNINDEX,1D,2014-12-29,1419818400,534.56,538.83,533.37,532.68,94978280,1,dnse,2026-09-21T07:14:24.587974+00:00
VNINDEX,1D,2014-12-30,1419904800,531.07,537.57,526.61,537.57,80298630,1,dnse,2026-09-21T07:14:24.587974+00:00
VNINDEX,1D,2014-12-31,1419991200,538.7,546.62,537.91,545.63,106297220,1,dnse,2026-09-21T07:14:24.587974+00:00
VNINDEX,1D,2015-01-05,1420423200,544.86,549.22,543.78,544.45,91834620,1,dnse,2026-09-21T07:14:24.587974+00:00
VNINDEX,1D,2015-01-06,1420509600,539.08,550.11,538.82,549.66,94081890,1,dnse,2026-09-21T07:14:24.587974+00:00
VNINDEX,1D,2015-01-07,1420596000,548.44,555.83,548.44,552.05,109445780,1,dnse,2026-09-21T07:14:24.587974+00:00
VNINDEX,1D,2015-01-08,1420682400,553.49,556.8,552.15,553.47,73883040,1,dnse,2026-09-21T07:14:24.587974+00:00
VNINDEX,1D,2015-01-09,1420768800,553.49,570.52,552.15,569.73,104203680,1,dnse,2026-09-21T07:14:24.587974+00:00
VNINDEX,1D,2015-01-12,1421028000,575.86,579.73,574.07,574.32,123328210,1,dnse,2026-09-21T07:14:24.587974+00:00
VNINDEX,1D,2015-01-13,1421114400,573.26,580.65,573.26,580.6,93250940,1,dnse,2026-09-21T07:14:24.587974+00:00
VNINDEX,1D,2015-01-14,1421200800,579.77,582.21,571.67,577.01,105588770,1,dnse,2026-09-21T07:14:24.587974+00:00
VNINDEX,1D,2015-01-15,1421287200,578.31,581.24,575.36,577.74,111809300,1,dnse,2026-09-21T07:14:24.587974+00:00
VNINDEX,1D,2015-01-16,1421373600,576.88,578.51,574.08,574.81,103715770,1,dnse,2026-09-21T07:14:24.587974+00:00
VNINDEX,1D,2015-01-19,1421632800,577.32,579.06,570.1,571.51,85869950,1,dnse,2026-09-21T07:14:24.587974+00:00
VNINDEX,1D,2015-01-20,1421719200,570.78,574.96,570.14,572.22,72955320,1,dnse,2026-09-21T07:14:24.587974+00:00
VNINDEX,1D,2015-01-21,1421805600,573.54,574.41,569.12,569.12,75650990,1,dnse,2026-09-21T07:14:24.587974+00:00
VNINDEX,1D,2015-01-22,1421892000,569.74,576.48,567.82,574.54,77924420,1,dnse,2026-09-21T07:14:24.587974+00:00
VNINDEX,1D,2015-01-23,1421978400,578.22,583.57,577.57,582.38,116961120,1,dnse,2026-09-21T07:14:24.587974+00:00
VNINDEX,1D,2015-01-26,1422237600,584.89,586.76,580.64,580.64,92614650,1,dnse,2026-09-21T07:14:24.587974+00:00
VNINDEX,1D,2015-01-27,1422324000,579.04,584.28,575.5,579.3,138720400,1,dnse,2026-09-21T07:14:24.587974+00:00
VNINDEX,1D,2015-01-28,1422410400,579.56,584.35,578.59,583.76,107448470,1,dnse,2026-09-21T07:14:24.587974+00:00
VNINDEX,1D,2015-01-29,1422496800,584.26,585.66,580.37,583.28,93424200,1,dnse,2026-09-21T07:14:24.587974+00:00
VNINDEX,1D,2015-01-30,1422583200,584.08,584.08,574.46,576.07,97717870,1,dnse,2026-09-21T07:14:24.587974+00:00
VNINDEX,1D,2015-02-02,1422842400,576.07,579.73,570.37,570.37,66840420,1,dnse,2026-09-21T07:14:24.587974+00:00
VNINDEX,1D,2015-02-03,1422928800,572.56,574.83,557.47,557.47,93996200,1,dnse,2026-09-21T07:14:24.587974+00:00
VNINDEX,1D,2015-02-04,1423015200,556.93,561.69,553.21,561.45,90940000,1,dnse,2026-09-21T07:14:24.587974+00:00
VNINDEX,1D,2015-02-05,1423101600,562.17,568.22,562.05,567.17,69467520,1,dnse,2026-09-21T07:14:24.587974+00:00
VNINDEX,1D,2015-02-06,1423188000,569.03,574.36,569.03,574.13,58140870,1,dnse,2026-09-21T07:14:24.587974+00:00
VNINDEX,1D,2015-02-09,1423447200,575.14,575.14,573.55,573.55,62712850,1,dnse,2026-09-21T07:14:24.587974+00:00
VNINDEX,1D,2015-02-10,1423533600,575.74,578.42,574.24,574.52,61234350,1,dnse,2026-09-21T07:14:24.587974+00:00
VNINDEX,1D,2015-02-11,1423620000,574.88,581.76,574.88,581.76,70560970,1,dnse,2026-09-21T07:14:24.587974+00:00
VNINDEX,1D,2015-02-12,1423706400,582.52,584.99,581.86,584.67,79108960,1,dnse,2026-09-21T07:14:24.587974+00:00
VNINDEX,1D,2015-02-13,1423792800,586.26,589.02,585.6,587.24,72295080,1,dnse,2026-09-21T07:14:24.587974+00:00
VNINDEX,1D,2015-02-24,1424743200,590.18,596.95,589.74,596.95,61107780,1,dnse,2026-09-21T07:14:24.587974+00:00
VNINDEX,1D,2015-02-25,1424829600,596.9,601.55,592.66,592.66,96802090,1,dnse,2026-09-21T07:14:24.587974+00:00
VNINDEX,1D,2015-02-26,1424916000,593.95,597.07,591.78,596.72,84963550,1,dnse,2026-09-21T07:14:24.587974+00:00
VNINDEX,1D,2015-02-27,1425002400,598.0,598.4,590.58,592.57,76140470,1,dnse,2026-09-21T07:14:24.587974+00:00
VNINDEX,1D,2015-03-02,1425261600,591.75,593.72,588.59,590.73,76507740,1,dnse,2026-09-21T07:14:24.587974+00:00
VNINDEX,1D,2015-03-03,1425348000,590.42,597.45,590.42,596.72,108805820,1,dnse,2026-09-21T07:14:24.587974+00:00
VNINDEX,1D,2015-03-04,1425434400,598.49,600.69,595.34,600.39,115432610,1,dnse,2026-09-21T07:14:24.587974+00:00
VNINDEX,1D,2015-03-05,1425520800,601.08,602.4,596.75,596.91,121956230,1,dnse,2026-09-21T07:14:24.587974+00:00
VNINDEX,1D,2015-03-06,1425607200,596.42,598.33,592.71,593.97,96217780,1,dnse,2026-09-21T07:14:24.587974+00:00
VNINDEX,1D,2015-03-09,1425866400,594.08,596.32,587.27,588.44,90927440,1,dnse,2026-09-21T07:14:24.587974+00:00
VNINDEX,1D,2015-03-10,1425952800,586.38,591.17,586.38,589.66,93334410,1,dnse,2026-09-21T07:14:24.587974+00:00
VNINDEX,1D,2015-03-11,1426039200,589.04,590.56,586.49,586.54,79076070,1,dnse,2026-09-21T07:14:24.587974+00:00
VNINDEX,1D,2015-03-12,1426125600,585.89,589.67,585.48,588.53,79994860,1,dnse,2026-09-21T07:14:24.587974+00:00
VNINDEX,1D,2015-03-13,1426212000,589.04,591.75,586.1,586.1,88834970,1,dnse,2026-09-21T07:14:24.587974+00:00
VNINDEX,1D,2015-03-16,1426471200,589.04,591.75,580.55,580.8,98790020,1,dnse,2026-09-21T07:14:24.587974+00:00
VNINDEX,1D,2015-03-17,1426557600,580.6,583.59,580.6,581.76,88737460,1,dnse,2026-09-21T07:14:24.587974+00:00
VNINDEX,1D,2015-03-18,1426644000,580.81,581.53,578.45,578.68,86795050,1,dnse,2026-09-21T07:14:24.587974+00:00
VNINDEX,1D,2015-03-19,1426730400,579.39,580.32,573.52,573.74,81752950,1,dnse,2026-09-21T07:14:24.587974+00:00
VNINDEX,1D,2015-03-20,1426816800,572.57,577.56,571.92,575.44,145321980,1,dnse,2026-09-21T07:14:24.587974+00:00
VNINDEX,1D,2015-03-23,1427076000,576.64,579.39,570.44,570.89,92533430,1,dnse,2026-09-21T07:14:24.587974+00:00
VNINDEX,1D,2015-03-24,1427162400,569.33,569.91,562.07,567.43,85257700,1,dnse,2026-09-21T07:14:24.587974+00:00
VNINDEX,1D,2015-03-25,1427248800,567.62,568.4,559.87,560.93,83089270,1,dnse,2026-09-21T07:14:24.587974+00:00
VNINDEX,1D,2015-03-26,1427335200,556.12,559.68,553.19,556.16,78108910,1,dnse,2026-09-21T07:14:24.587974+00:00
VNINDEX,1D,2015-03-27,1427421600,558.93,561.13,549.65,551.42,83668500,1,dnse,2026-09-21T07:14:24.587974+00:00
VNINDEX,1D,2015-03-30,1427680800,551.75,554.26,545.07,545.19,85631540,1,dnse,2026-09-21T07:14:24.587974+00:00
VNINDEX,1D,2015-03-31,1427767200,544.87,552.72,544.87,551.13,80466510,1,dnse,2026-09-21T07:14:24.587974+00:00
VNINDEX,1D,2015-04-01,1427853600,550.8,551.69,537.3,538.91,109335350,1,dnse,2026-09-21T07:14:24.587974+00:00
VNINDEX,1D,2015-04-02,1427940000,540.54,546.85,536.87,546.85,85076890,1,dnse,2026-09-21T07:14:24.587974+00:00
VNINDEX,1D,2015-04-03,1428026400,548.69,550.3,544.22,547.85,69546330,1,dnse,2026-09-21T07:14:24.587974+00:00
VNINDEX,1D,2015-04-06,1428285600,549.25,549.28,542.97,542.97,54696270,1,dnse,2026-09-21T07:14:24.587974+00:00
VNINDEX,1D,2015-04-07,1428372000,544.07,548.37,540.79,548.11,89727690,1,dnse,2026-09-21T07:14:24.587974+00:00
VNINDEX,1D,2015-04-08,1428458400,549.69,551.23,546.29,547.72,70218920,1,dnse,2026-09-21T07:14:24.587974+00:00
VNINDEX,1D,2015-04-09,1428544800,547.26,552.53,546.76,550.52,83461270,1,dnse,2026-09-21T07:14:24.587974+00:00
VNINDEX,1D,2015-04-10,1428631200,550.96,557.65,550.96,554.03,94475400,1,dnse,2026-09-21T07:14:24.587974+00:00
VNINDEX,1D,2015-04-13,1428890400,556.35,559.68,555.97,559.54,68397200,1,dnse,2026-09-21T07:14:24.587974+00:00
VNINDEX,1D,2015-04-14,1428976800,559.81,562.95,558.49,558.67,64342770,1,dnse,2026-09-21T07:14:24.587974+00:00
VNINDEX,1D,2015-04-15,1429063200,558.94,565.39,558.94,564.5,74772590,1,dnse,2026-09-21T07:14:24.587974+00:00
VNINDEX,1D,2015-04-16,1429149600,564.5,570.68,564.5,568.28,96584510,1,dnse,2026-09-21T07:14:24.587974+00:00
VNINDEX,1D,2015-04-17,1429236000,568.28,572.76,568.28,568.32,104793290,1,dnse,2026-09-21T07:14:24.587974+00:00
VNINDEX,1D,2015-04-20,1429495200,568.52,568.83,562.66,565.04,65083490,1,dnse,2026-09-21T07:14:24.587974+00:00
VNINDEX,1D,2015-04-21,1429581600,563.78,567.52,562.24,562.24,81797060,1,dnse,2026-09-21T07:14:24.587974+00:00
VNINDEX,1D,2015-04-22,1429668000,562.58,565.04,561.53,562.51,89314350,1,dnse,2026-09-21T07:14:24.587974+00:00
VNINDEX,1D,2015-04-23,1429754400,562.85,564.45,557.57,561.25,71098650,1,dnse,2026-09-21T07:14:24.587974+00:00
VNINDEX,1D,2015-04-24,1429840800,563.17,567.36,561.56,565.77,54121630,1,dnse,2026-09-21T07:14:24.587974+00:00
VNINDEX,1D,2015-04-27,1430100000,567.72,568.47,562.4,562.4,53676760,1,dnse,2026-09-21T07:14:24.587974+00:00
VNINDEX,1D,2015-05-04,1430704800,560.62,563.36,545.08,545.08,111153790,1,dnse,2026-09-21T07:14:24.587974+00:00
VNINDEX,1D,2015-05-05,1430791200,544.8,552.65,539.04,552.65,100089470,1,dnse,2026-09-21T07:14:24.587974+00:00
VNINDEX,1D,2015-05-06,1430877600,553.3,555.51,548.17,549.3,80300720,1,dnse,2026-09-21T07:14:24.587974+00:00
VNINDEX,1D,2015-05-07,1430964000,548.51,554.22,547.53,552.98,65236660,1,dnse,2026-09-21T07:14:24.587974+00:00
VNINDEX,1D,2015-05-08,1431050400,551.57,556.39,550.93,554.51,70875790,1,dnse,2026-09-21T07:14:24.587974+00:00
VNINDEX,1D,2015-05-11,1431309600,554.5,551.67,551.67,551.67,88473680,1,dnse,2026-09-21T07:14:24.587974+00:00
VNINDEX,1D,2015-05-12,1431396000,551.98,544.41,544.41,544.41,72362280,1,dnse,2026-09-21T07:14:24.587974+00:00
VNINDEX,1D,2015-05-13,1431482400,545.5,544.82,538.76,542.82,76185760,1,dnse,2026-09-21T07:14:24.587974+00:00
VNINDEX,1D,2015-05-14,1431568800,542.53,545.0,540.72,543.69,64983330,1,dnse,2026-09-21T07:14:24.587974+00:00
VNINDEX,1D,2015-05-15,1431655200,543.05,545.48,537.44,537.44,72939360,1,dnse,2026-09-21T07:14:24.587974+00:00
VNINDEX,1D,2015-05-18,1431914400,535.55,536.71,528.9,528.95,101571460,1,dnse,2026-09-21T07:14:24.587974+00:00
VNINDEX,1D,2015-05-19,1432000800,532.86,537.19,531.76,536.82,83713920,1,dnse,2026-09-21T07:14:24.587974+00:00
VNINDEX,1D,2015-05-20,1432087200,536.35,550.33,536.07,550.1,123636990,1,dnse,2026-09-21T07:14:24.587974+00:00
VNINDEX,1D,2015-05-21,1432173600,550.99,554.0,547.95,552.56,103114440,1,dnse,2026-09-21T07:14:24.587974+00:00
VNINDEX,1D,2015-05-22,1432260000,553.41,561.82,550.81,561.82,112920050,1,dnse,2026-09-21T07:14:24.587974+00:00
VNINDEX,1D,2015-05-25,1432519200,560.8,563.84,558.5,563.0,106078240,1,dnse,2026-09-21T07:14:24.587974+00:00
VNINDEX,1D,2015-05-26,1432605600,563.07,570.29,563.07,567.2,133053010,1,dnse,2026-09-21T07:14:24.587974+00:00
VNINDEX,1D,2015-05-27,1432692000,564.64,569.63,563.28,566.48,111368810,1,dnse,2026-09-21T07:14:24.587974+00:00
VNINDEX,1D,2015-05-28,1432778400,566.13,576.92,564.73,572.97,145617460,1,dnse,2026-09-21T07:14:24.587974+00:00
VNINDEX,1D,2015-05-29,1432864800,572.73,577.03,568.7,569.56,129559300,1,dnse,2026-09-21T07:14:24.587974+00:00
VNINDEX,1D,2015-06-01,1433124000,571.15,579.58,570.14,574.98,112680510,1,dnse,2026-09-21T07:14:24.587974+00:00
VNINDEX,1D,2015-06-02,1433210400,575.7,581.24,570.31,570.31,120805280,1,dnse,2026-09-21T07:14:24.587974+00:00
VNINDEX,1D,2015-06-03,1433296800,570.55,573.91,567.81,567.9,120677080,1,dnse,2026-09-21T07:14:24.587974+00:00
VNINDEX,1D,2015-06-04,1433383200,568.01,573.5,567.89,568.99,102465870,1,dnse,2026-09-21T07:14:24.587974+00:00
VNINDEX,1D,2015-06-05,1433469600,568.63,579.01,568.37,578.07,141129610,1,dnse,2026-09-21T07:14:24.587974+00:00
VNINDEX,1D,2015-06-08,1433728800,583.06,585.51,579.45,579.83,181609700,1,dnse,2026-09-21T07:14:24.587974+00:00
VNINDEX,1D,2015-06-09,1433815200,578.68,582.13,573.73,574.47,146632640,1,dnse,2026-09-21T07:14:24.587974+00:00
VNINDEX,1D,2015-06-10,1433901600,576.06,576.62,569.59,574.1,123193810,1,dnse,2026-09-21T07:14:24.587974+00:00
VNINDEX,1D,2015-06-11,1433988000,577.32,582.68,575.25,581.05,158674570,1,dnse,2026-09-21T07:14:24.587974+00:00
VNINDEX,1D,2015-06-12,1434074400,582.54,585.01,578.8,582.73,154356240,1,dnse,2026-09-21T07:14:24.587974+00:00
VNINDEX,1D,2015-06-15,1434333600,583.25,586.67,581.35,586.48,146447610,1,dnse,2026-09-21T07:14:24.587974+00:00
VNINDEX,1D,2015-06-16,1434420000,587.76,589.33,580.35,580.35,152124380,1,dnse,2026-09-21T07:14:24.587974+00:00
VNINDEX,1D,2015-06-17,1434506400,578.68,584.04,576.22,578.87,118202310,1,dnse,2026-09-21T07:14:24.587974+00:00
VNINDEX,1D,2015-06-18,1434592800,578.73,583.02,578.47,580.35,90021550,1,dnse,2026-09-21T07:14:24.587974+00:00
VNINDEX,1D,2015-06-19,1434679200,584.08,588.48,582.47,584.7,184477640,1,dnse,2026-09-21T07:14:24.587974+00:00
VNINDEX,1D,2015-06-22,1434938400,588.33,594.08,588.01,594.08,145223130,1,dnse,2026-09-21T07:14:24.587974+00:00
VNINDEX,1D,2015-06-23,1435024800,592.44,595.11,590.76,593.07,99831620,1,dnse,2026-09-21T07:14:24.587974+00:00
VNINDEX,1D,2015-06-24,1435111200,592.19,594.01,589.02,590.02,112994500,1,dnse,2026-09-21T07:14:24.587974+00:00
VNINDEX,1D,2015-06-25,1435197600,589.29,590.37,585.34,587.99,106046100,1,dnse,2026-09-21T07:14:24.587974+00:00
VNINDEX,1D,2015-06-26,1435284000,586.04,592.59,581.75,581.75,138270500,1,dnse,2026-09-21T07:14:24.587974+00:00
VNINDEX,1D,2015-06-29,1435543200,580.16,591.75,579.61,591.75,104599850,1,dnse,2026-09-21T07:14:24.587974+00:00
VNINDEX,1D,2015-06-30,1435629600,588.77,598.98,588.77,593.05,136064740,1,dnse,2026-09-21T07:14:24.587974+00:00
VNINDEX,1D,2015-07-01,1435716000,594.52,594.52,587.33,591.5,114932070,1,dnse,2026-09-21T07:14:24.587974+00:00
VNINDEX,1D,2015-07-02,1435802400,591.5,605.7,590.52,605.7,117495710,1,dnse,2026-09-21T07:14:24.587974+00:00
VNINDEX,1D,2015-07-03,1435888800,608.82,617.96,608.82,616.43,154568920,1,dnse,2026-09-21T07:14:24.587974+00:00
VNINDEX,1D,2015-07-06,1436148000,618.75,625.34,618.65,625.22,161305630,1,dnse,2026-09-21T07:14:24.587974+00:00
VNINDEX,1D,2015-07-07,1436234400,623.89,633.73,620.59,630.27,167953860,1,dnse,2026-09-21T07:14:24.587974+00:00
VNINDEX,1D,2015-07-08,1436320800,618.75,625.51,618.33,623.17,180512890,1,dnse,2026-09-21T07:14:24.587974+00:00
VNINDEX,1D,2015-07-09,1436407200,616.2,626.38,613.34,622.1,128611000,1,dnse,2026-09-21T07:14:24.587974+00:00
VNINDEX,1D,2015-07-10,1436493600,627.56,630.79,624.7,627.28,149796670,1,dnse,2026-09-21T07:14:24.587974+00:00
VNINDEX,1D,2015-07-13,1436752800,631.56,635.17,627.69,634.06,129559110,1,dnse,2026-09-21T07:14:24.587974+00:00
VNINDEX,1D,2015-07-14,1436839200,635.55,640.43,628.43,638.69,148321440,1,dnse,2026-09-21T07:14:24.587974+00:00
VNINDEX,1D,2015-07-15,1436925600,640.43,641.06,630.89,630.89,135994360,1,dnse,2026-09-21T07:14:24.587974+00:00
VNINDEX,1D,2015-07-16,1437012000,627.32,632.21,622.57,626.9,113628750,1,dnse,2026-09-21T07:14:24.587974+00:00
VNINDEX,1D,2015-07-17,1437098400,628.45,631.67,626.21,628.63,97179130,1,dnse,2026-09-21T07:14:24.587974+00:00
VNINDEX,1D,2015-07-20,1437357600,624.84,624.84,616.11,620.54,105000850,1,dnse,2026-09-21T07:14:24.587974+00:00
VNINDEX,1D,2015-07-21,1437444000,619.9,624.47,613.83,616.61,95668300,1,dnse,2026-09-21T07:14:24.587974+00:00
VNINDEX,1D,2015-07-22,1437530400,614.78,629.94,613.58,629.85,109080570,1,dnse,2026-09-21T07:14:24.587974+00:00
VNINDEX,1D,2015-07-23,1437616800,632.07,637.91,631.43,632.01,117644960,1,dnse,2026-09-21T07:14:24.587974+00:00
VNINDEX,1D,2015-07-24,1437703200,633.27,634.51,628.42,631.26,109015570,1,dnse,2026-09-21T07:14:24.587974+00:00
VNINDEX,1D,2015-07-27,1437962400,629.68,636.84,629.42,635.46,116704360,1,dnse,2026-09-21T07:14:24.587974+00:00
VNINDEX,1D,2015-07-28,1438048800,636.58,639.54,631.47,631.47,149155540,1,dnse,2026-09-21T07:14:24.587974+00:00
VNINDEX,1D,2015-07-29,1438135200,632.0,634.64,624.7,624.7,111883170,1,dnse,2026-09-21T07:14:24.587974+00:00
VNINDEX,1D,2015-07-30,1438221600,625.46,627.11,622.43,626.57,96753150,1,dnse,2026-09-21T07:14:24.587974+00:00
VNINDEX,1D,2015-07-31,1438308000,628.31,629.97,621.06,621.06,101422300,1,dnse,2026-09-21T07:14:24.587974+00:00
VNINDEX,1D,2015-08-03,1438567200,617.12,617.12,605.63,609.47,120074910,1,dnse,2026-09-21T07:14:24.587974+00:00
VNINDEX,1D,2015-08-04,1438653600,607.95,609.91,600.76,600.76,78122270,1,dnse,2026-09-21T07:14:24.587974+00:00
VNINDEX,1D,2015-08-05,1438740000,600.68,608.21,600.68,607.08,92678090,1,dnse,2026-09-21T07:14:24.587974+00:00
VNINDEX,1D,2015-08-06,1438826400,607.84,609.31,600.85,601.04,108566000,1,dnse,2026-09-21T07:14:24.587974+00:00
VNINDEX,1D,2015-08-07,1438912800,601.57,604.04,597.75,603.76,75215360,1,dnse,2026-09-21T07:14:24.587974+00:00
VNINDEX,1D,2015-08-10,1439172000,603.82,614.53,603.82,614.53,84997900,1,dnse,2026-09-21T07:14:24.587974+00:00
VNINDEX,1D,2015-08-11,1439258400,615.17,619.69,611.17,613.05,102419460,1,dnse,2026-09-21T07:14:24.587974+00:00
VNINDEX,1D,2015-08-12,1439344800,609.33,611.46,602.01,604.24,108828230,1,dnse,2026-09-21T07:14:24.587974+00:00
VNINDEX,1D,2015-08-13,1439431200,598.24,598.24,590.44,594.26,119329110,1,dnse,2026-09-21T07:14:24.587974+00:00
VNINDEX,1D,2015-08-14,1439517600,592.8,598.55,585.97,589.03,85702280,1,dnse,2026-09-21T07:14:24.587974+00:00
VNINDEX,1D,2015-08-17,1439776800,588.67,591.2,571.26,573.15,104003690,1,dnse,2026-09-21T07:14:24.587974+00:00
VNINDEX,1D,2015-08-18,1439863200,571.31,580.22,571.22,580.22,86433690,1,dnse,2026-09-21T07:14:24.587974+00:00
VNINDEX,1D,2015-08-19,1439949600,576.44,580.99,569.21,577.82,98952270,1,dnse,2026-09-21T07:14:24.587974+00:00
VNINDEX,1D,2015-08-20,1440036000,577.82,577.82,565.09,566.69,106922940,1,dnse,2026-09-21T07:14:24.587974+00:00
VNINDEX,1D,2015-08-21,1440122400,559.34,559.97,542.31,556.3,181154060,1,dnse,2026-09-21T07:14:24.587974+00:00
VNINDEX,1D,2015-08-24,1440381600,550.48,550.48,523.55,526.93,166417080,1,dnse,2026-09-21T07:14:24.587974+00:00
VNINDEX,1D,2015-08-25,1440468000,511.13,535.48,511.13,529.98,167518810,1,dnse,2026-09-21T07:14:24.587974+00:00
VNINDEX,1D,2015-08-26,1440554400,530.05,545.89,530.05,545.89,120486820,1,dnse,2026-09-21T07:14:24.587974+00:00
VNINDEX,1D,2015-08-27,1440640800,551.89,558.93,551.44,555.81,115022570,1,dnse,2026-09-21T07:14:24.587974+00:00
VNINDEX,1D,2015-08-28,1440727200,561.36,570.87,559.35,570.87,151294750,1,dnse,2026-09-21T07:14:24.587974+00:00
VNINDEX,1D,2015-08-31,1440986400,573.1,573.1,563.99,564.75,103156060,1,dnse,2026-09-21T07:14:24.587974+00:00
VNINDEX,1D,2015-09-01,1441072800,565.75,569.18,561.28,562.31,85154580,1,dnse,2026-09-21T07:14:24.587974+00:00
VNINDEX,1D,2015-09-03,1441245600,559.32,561.43,551.47,554.3,88639140,1,dnse,2026-09-21T07:14:24.587974+00:00
VNINDEX,1D,2015-09-04,1441332000,554.85,558.9,554.77,556.81,65396630,1,dnse,2026-09-21T07:14:24.587974+00:00
VNINDEX,1D,2015-09-07,1441591200,557.07,560.09,554.44,554.93,62231590,1,dnse,2026-09-21T07:14:24.587974+00:00
VNINDEX,1D,2015-09-08,1441677600,554.48,566.72,554.34,566.72,93964710,1,dnse,2026-09-21T07:14:24.587974+00:00
VNINDEX,1D,2015-09-09,1441764000,574.06,574.73,569.69,572.34,83370390,1,dnse,2026-09-21T07:14:24.587974+00:00
VNINDEX,1D,2015-09-10,1441850400,567.51,576.13,567.09,572.07,68366470,1,dnse,2026-09-21T07:14:24.587974+00:00
VNINDEX,1D,2015-09-11,1441936800,572.14,573.99,566.18,566.74,83304010,1,dnse,2026-09-21T07:14:24.587974+00:00
VNINDEX,1D,2015-09-14,1442196000,569.61,572.25,561.46,562.17,73159920,1,dnse,2026-09-21T07:14:24.587974+00:00
VNINDEX,1D,2015-09-15,1442282400,564.38,565.05,561.1,563.27,75629990,1,dnse,2026-09-21T07:14:24.587974+00:00
VNINDEX,1D,2015-09-16,1442368800,561.86,564.82,561.69,564.13,62116570,1,dnse,2026-09-21T07:14:24.587974+00:00
VNINDEX,1D,2015-09-17,1442455200,563.93,565.85,562.48,562.48,69310470,1,dnse,2026-09-21T07:14:24.587974+00:00
VNINDEX,1D,2015-09-18,1442541600,564.69,569.5,564.69,566.25,146392000,1,dnse,2026-09-21T07:14:24.587974+00:00
VNINDEX,1D,2015-09-21,1442800800,566.74,572.26,565.16,572.12,85909480,1,dnse,2026-09-21T07:14:24.587974+00:00
VNINDEX,1D,2015-09-22,1442887200,573.09,575.17,570.26,573.2,93447420,1,dnse,2026-09-21T07:14:24.587974+00:00
VNINDEX,1D,2015-09-23,1442973600,570.64,573.85,569.51,572.72,83854560,1,dnse,2026-09-21T07:14:24.587974+00:00
VNINDEX,1D,2015-09-24,1443060000,573.5,575.36,570.12,570.25,97457070,1,dnse,2026-09-21T07:14:24.587974+00:00
VNINDEX,1D,2015-09-25,1443146400,570.41,572.09,567.71,570.38,64206160,1,dnse,2026-09-21T07:14:24.587974+00:00
VNINDEX,1D,2015-09-28,1443405600,571.29,572.15,564.88,564.88,75292380,1,dnse,2026-09-21T07:14:24.587974+00:00
VNINDEX,1D,2015-09-29,1443492000,559.83,561.76,557.65,561.19,81325500,1,dnse,2026-09-21T07:14:24.587974+00:00
VNINDEX,1D,2015-09-30,1443578400,562.5,565.65,562.5,562.64,65873320,1,dnse,2026-09-21T07:14:24.587974+00:00
VNINDEX,1D,2015-10-01,1443664800,563.39,565.63,563.23,563.54,59579580,1,dnse,2026-09-21T07:14:24.587974+00:00
VNINDEX,1D,2015-10-02,1443751200,563.33,565.01,561.73,564.15,55193470,1,dnse,2026-09-21T07:14:24.587974+00:00
VNINDEX,1D,2015-10-05,1444010400,564.58,570.0,563.95,570.0,90475450,1,dnse,2026-09-21T07:14:24.587974+00:00
VNINDEX,1D,2015-10-06,1444096800,577.45,581.38,574.63,581.29,151905450,1,dnse,2026-09-21T07:14:24.587974+00:00
VNINDEX,1D,2015-10-07,1444183200,583.97,587.3,579.57,579.57,132503590,1,dnse,2026-09-21T07:14:24.587974+00:00
VNINDEX,1D,2015-10-08,1444269600,580.04,588.35,579.82,586.78,143545640,1,dnse,2026-09-21T07:14:24.587974+00:00
VNINDEX,1D,2015-10-09,1444356000,590.61,593.02,587.57,588.02,147844670,1,dnse,2026-09-21T07:14:24.587974+00:00
VNINDEX,1D,2015-10-12,1444615200,591.67,594.74,591.54,592.1,114261810,1,dnse,2026-09-21T07:14:24.587974+00:00
VNINDEX,1D,2015-10-13,1444701600,589.09,591.66,588.54,590.84,101884610,1,dnse,2026-09-21T07:14:24.587974+00:00
VNINDEX,1D,2015-10-14,1444788000,592.45,593.73,589.62,589.98,102671940,1,dnse,2026-09-21T07:14:24.587974+00:00
VNINDEX,1D,2015-10-15,1444874400,591.36,594.17,588.98,592.4,104752740,1,dnse,2026-09-21T07:14:24.587974+00:00
VNINDEX,1D,2015-10-16,1444960800,592.4,599.74,592.4,593.02,126451760,1,dnse,2026-09-21T07:14:24.587974+00:00
VNINDEX,1D,2015-10-19,1445220000,593.87,598.11,591.6,594.61,98680460,1,dnse,2026-09-21T07:14:24.587974+00:00
VNINDEX,1D,2015-10-20,1445306400,594.97,596.37,588.26,590.45,118292310,1,dnse,2026-09-21T07:14:24.587974+00:00
VNINDEX,1D,2015-10-21,1445392800,590.43,594.5,589.84,590.24,91811440,1,dnse,2026-09-21T07:14:24.587974+00:00
VNINDEX,1D,2015-10-22,1445479200,590.24,595.81,589.74,595.08,88520580,1,dnse,2026-09-21T07:14:24.587974+00:00
VNINDEX,1D,2015-10-23,1445565600,598.55,602.55,598.25,601.74,96230820,1,dnse,2026-09-21T07:14:24.587974+00:00
VNINDEX,1D,2015-10-26,1445824800,604.41,606.79,598.61,598.61,92720180,1,dnse,2026-09-21T07:14:24.587974+00:00
VNINDEX,1D,2015-10-27,1445911200,597.8,600.51,595.62,598.44,88083740,1,dnse,2026-09-21T07:14:24.587974+00:00
VNINDEX,1D,2015-10-28,1445997600,599.09,601.09,596.24,596.24,104906030,1,dnse,2026-09-21T07:14:24.587974+00:00
VNINDEX,1D,2015-10-29,1446084000,599.32,605.2,598.8,605.2,99041850,1,dnse,2026-09-21T07:14:24.587974+00:00
VNINDEX,1D,2015-10-30,1446170400,605.49,608.01,603.93,607.37,82752600,1,dnse,2026-09-21T07:14:24.587974+00:00
VNINDEX,1D,2015-11-02,1446429600,607.93,610.17,601.99,602.76,112292820,1,dnse,2026-09-21T07:14:24.587974+00:00
VNINDEX,1D,2015-11-03,1446516000,605.32,611.71,600.46,611.71,103782570,1,dnse,2026-09-21T07:14:24.587974+00:00
VNINDEX,1D,2015-11-04,1446602400,617.6,617.77,610.6,610.6,97491500,1,dnse,2026-09-21T07:14:24.587974+00:00
VNINDEX,1D,2015-11-05,1446688800,609.49,616.46,608.53,615.18,90953470,1,dnse,2026-09-21T07:14:24.587974+00:00
VNINDEX,1D,2015-11-06,1446775200,615.54,617.79,608.89,612.36,103653710,1,dnse,2026-09-21T07:14:24.587974+00:00
VNINDEX,1D,2015-11-09,1447034400,612.29,613.79,610.35,610.66,112006930,1,dnse,2026-09-21T07:14:24.587974+00:00
VNINDEX,1D,2015-11-10,1447120800,609.3,610.6,605.08,605.27,108522700,1,dnse,2026-09-21T07:14:24.587974+00:00
VNINDEX,1D,2015-11-11,1447207200,604.13,609.24,603.34,603.53,90407380,1,dnse,2026-09-21T07:14:24.587974+00:00
VNINDEX,1D,2015-11-12,1447293600,602.02,605.58,595.86,605.58,137337740,1,dnse,2026-09-21T07:14:24.587974+00:00
VNINDEX,1D,2015-11-13,1447380000,604.41,611.27,603.72,611.27,145889290,1,dnse,2026-09-21T07:14:24.587974+00:00
VNINDEX,1D,2015-11-16,1447639200,609.77,611.92,605.39,609.21,122539980,1,dnse,2026-09-21T07:14:24.587974+00:00
VNINDEX,1D,2015-11-17,1447725600,609.46,611.18,605.05,605.05,162846800,1,dnse,2026-09-21T07:14:24.587974+00:00
VNINDEX,1D,2015-11-18,1447812000,603.32,606.62,602.13,603.34,110694890,1,dnse,2026-09-21T07:14:24.587974+00:00
VNINDEX,1D,2015-11-19,1447898400,604.38,605.56,600.84,601.9,111444220,1,dnse,2026-09-21T07:14:24.587974+00:00
VNINDEX,1D,2015-11-20,1447984800,602.11,606.58,601.9,604.46,130398970,1,dnse,2026-09-21T07:14:24.587974+00:00
VNINDEX,1D,2015-11-23,1448244000,605.89,607.69,599.99,599.99,147238690,1,dnse,2026-09-21T07:14:24.587974+00:00
VNINDEX,1D,2015-11-24,1448330400,599.81,599.94,590.41,593.83,150944920,1,dnse,2026-09-21T07:14:24.587974+00:00
VNINDEX,1D,2015-11-25,1448416800,593.24,596.92,588.1,595.7,141109040,1,dnse,2026-09-21T07:14:24.587974+00:00
VNINDEX,1D,2015-11-26,1448503200,593.12,594.67,590.39,590.4,143903290,1,dnse,2026-09-21T07:14:24.587974+00:00
VNINDEX,1D,2015-11-27,1448589600,589.09,591.84,582.86,582.86,133885000,1,dnse,2026-09-21T07:14:24.587974+00:00
VNINDEX,1D,2015-11-30,1448848800,581.39,581.65,571.12,573.2,112002660,1,dnse,2026-09-21T07:14:24.587974+00:00
VNINDEX,1D,2015-12-01,1448935200,573.39,577.58,570.41,570.41,105037670,1,dnse,2026-09-21T07:14:24.587974+00:00
VNINDEX,1D,2015-12-02,1449021600,571.01,577.03,571.01,574.42,95044360,1,dnse,2026-09-21T07:14:24.587974+00:00
VNINDEX,1D,2015-12-03,1449108000,574.04,576.84,573.2,574.38,72157320,1,dnse,2026-09-21T07:14:24.587974+00:00
VNINDEX,1D,2015-12-04,1449194400,574.0,574.69,567.95,571.62,83491230,1,dnse,2026-09-21T07:14:24.587974+00:00
VNINDEX,1D,2015-12-07,1449453600,570.12,571.2,563.41,563.62,70843060,1,dnse,2026-09-21T07:14:24.587974+00:00
VNINDEX,1D,2015-12-08,1449540000,561.0,574.15,556.92,574.15,97111470,1,dnse,2026-09-21T07:14:24.587974+00:00
VNINDEX,1D,2015-12-09,1449626400,575.37,576.63,565.2,565.2,88440210,1,dnse,2026-09-21T07:14:24.587974+00:00
VNINDEX,1D,2015-12-10,1449712800,564.86,567.62,561.04,561.04,94011540,1,dnse,2026-09-21T07:14:24.587974+00:00
VNINDEX,1D,2015-12-11,1449799200,560.99,567.13,559.73,563.43,79068530,1,dnse,2026-09-21T07:14:24.587974+00:00
VNINDEX,1D,2015-12-14,1450058400,564.14,566.28,560.99,562.22,92279450,1,dnse,2026-09-21T07:14:24.587974+00:00
VNINDEX,1D,2015-12-15,1450144800,563.3,568.74,563.3,568.0,99030490,1,dnse,2026-09-21T07:14:24.587974+00:00
VNINDEX,1D,2015-12-16,1450231200,570.36,575.54,570.36,572.55,96949850,1,dnse,2026-09-21T07:14:24.587974+00:00
VNINDEX,1D,2015-12-17,1450317600,572.55,579.18,572.55,577.11,80826770,1,dnse,2026-09-21T07:14:24.587974+00:00
VNINDEX,1D,2015-12-18,1450404000,574.66,578.0,568.18,568.18,179001190,1,dnse,2026-09-21T07:14:24.587974+00:00
VNINDEX,1D,2015-12-21,1450663200,570.45,571.28,565.35,566.9,97315670,1,dnse,2026-09-21T07:14:24.587974+00:00
VNINDEX,1D,2015-12-22,1450749600,567.88,570.86,565.48,566.35,74383900,1,dnse,2026-09-21T07:14:24.587974+00:00
VNINDEX,1D,2015-12-23,1450836000,564.93,568.16,562.3,564.27,73480350,1,dnse,2026-09-21T07:14:24.587974+00:00
VNINDEX,1D,2015-12-24,1450922400,566.65,567.8,565.62,566.17,64643240,1,dnse,2026-09-21T07:14:24.587974+00:00
VNINDEX,1D,2015-12-25,1451008800,566.6,570.49,566.6,567.67,79503910,1,dnse,2026-09-21T07:14:24.587974+00:00
VNINDEX,1D,2015-12-28,1451268000,570.57,572.92,569.4,569.9,100998130,1,dnse,2026-09-21T07:14:24.587974+00:00
VNINDEX,1D,2015-12-29,1451354400,569.4,576.29,566.49,576.29,94079180,1,dnse,2026-09-21T07:14:24.587974+00:00
VNINDEX,1D,2015-12-30,1451440800,576.5,579.45,575.71,579.45,83672230,1,dnse,2026-09-21T07:14:24.587974+00:00
VNINDEX,1D,2015-12-31,1451527200,579.12,580.82,575.73,579.03,102999330,1,dnse,2026-09-21T07:14:24.587974+00:00
VNINDEX,1D,2016-01-04,1451872800,579.03,579.97,573.15,574.41,95930580,1,dnse,2026-09-21T07:14:24.587974+00:00
VNINDEX,1D,2016-01-05,1451959200,571.66,575.4,569.26,569.94,97997540,1,dnse,2026-09-21T07:14:24.587974+00:00
VNINDEX,1D,2016-01-06,1452045600,569.5,574.57,569.5,574.57,82285160,1,dnse,2026-09-21T07:14:24.587974+00:00
VNINDEX,1D,2016-01-07,1452132000,570.62,570.94,561.09,565.36,140610960,1,dnse,2026-09-21T07:14:24.587974+00:00
VNINDEX,1D,2016-01-08,1452218400,562.62,563.17,556.36,560.05,133652640,1,dnse,2026-09-21T07:14:24.587974+00:00
VNINDEX,1D,2016-01-11,1452477600,559.3,563.04,557.51,557.87,100564840,1,dnse,2026-09-21T07:14:24.587974+00:00
VNINDEX,1D,2016-01-12,1452564000,557.36,564.26,557.36,564.26,101936980,1,dnse,2026-09-21T07:14:24.587974+00:00
VNINDEX,1D,2016-01-13,1452650400,565.21,566.02,560.37,560.37,116482120,1,dnse,2026-09-21T07:14:24.587974+00:00
VNINDEX,1D,2016-01-14,1452736800,555.88,556.62,550.6,553.03,128698360,1,dnse,2026-09-21T07:14:24.587974+00:00
VNINDEX,1D,2016-01-15,1452823200,554.35,556.55,543.04,543.04,119036170,1,dnse,2026-09-21T07:14:24.587974+00:00
VNINDEX,1D,2016-01-18,1453082400,532.54,532.54,518.16,526.37,155232200,1,dnse,2026-09-21T07:14:24.587974+00:00
VNINDEX,1D,2016-01-19,1453168800,525.65,535.77,525.65,535.77,113134420,1,dnse,2026-09-21T07:14:24.587974+00:00
VNINDEX,1D,2016-01-20,1453255200,532.81,536.57,529.42,529.44,110084630,1,dnse,2026-09-21T07:14:24.587974+00:00
VNINDEX,1D,2016-01-21,1453341600,529.44,531.21,520.74,521.88,139640150,1,dnse,2026-09-21T07:14:24.587974+00:00
VNINDEX,1D,2016-01-22,1453428000,521.88,525.83,513.82,522.24,159197830,1,dnse,2026-09-21T07:14:24.587974+00:00
VNINDEX,1D,2016-01-25,1453687200,522.24,542.36,522.24,542.35,141544590,1,dnse,2026-09-21T07:14:24.587974+00:00
VNINDEX,1D,2016-01-26,1453773600,534.06,542.98,531.27,537.73,129406630,1,dnse,2026-09-21T07:14:24.587974+00:00
VNINDEX,1D,2016-01-27,1453860000,541.18,543.88,540.03,542.69,113837250,1,dnse,2026-09-21T07:14:24.587974+00:00
VNINDEX,1D,2016-01-28,1453946400,542.01,544.73,538.59,539.47,107972910,1,dnse,2026-09-21T07:14:24.587974+00:00
VNINDEX,1D,2016-01-29,1454032800,539.96,545.71,537.51,545.25,98772890,1,dnse,2026-09-21T07:14:24.587974+00:00
VNINDEX,1D,2016-02-01,1454292000,545.27,548.58,540.56,540.56,91516390,1,dnse,2026-09-21T07:14:24.587974+00:00
VNINDEX,1D,2016-02-02,1454378400,537.71,542.26,535.38,536.45,81857900,1,dnse,2026-09-21T07:14:24.587974+00:00
VNINDEX,1D,2016-02-03,1454464800,531.11,539.07,530.23,539.07,72488010,1,dnse,2026-09-21T07:14:24.587974+00:00
VNINDEX,1D,2016-02-04,1454551200,542.91,545.17,541.66,542.15,58991600,1,dnse,2026-09-21T07:14:24.587974+00:00
VNINDEX,1D,2016-02-05,1454637600,540.64,545.54,540.64,544.75,58916530,1,dnse,2026-09-21T07:14:24.587974+00:00
VNINDEX,1D,2016-02-15,1455501600,540.13,544.59,537.81,543.79,63716290,1,dnse,2026-09-21T07:14:24.587974+00:00
VNINDEX,1D,2016-02-16,1455588000,545.72,548.89,545.72,548.05,101448930,1,dnse,2026-09-21T07:14:24.587974+00:00
VNINDEX,1D,2016-02-17,1455674400,551.38,552.38,547.05,547.05,108235660,1,dnse,2026-09-21T07:14:24.587974+00:00
VNINDEX,1D,2016-02-18,1455760800,551.08,555.05,549.16,552.49,105390240,1,dnse,2026-09-21T07:14:24.587974+00:00
VNINDEX,1D,2016-02-19,1455847200,552.37,555.16,551.38,554.03,176932600,1,dnse,2026-09-21T07:14:24.587974+00:00
VNINDEX,1D,2016-02-22,1456106400,555.31,561.44,555.31,560.71,146133920,1,dnse,2026-09-21T07:14:24.587974+00:00
VNINDEX,1D,2016-02-23,1456192800,564.75,567.58,561.09,561.28,151169460,1,dnse,2026-09-21T07:14:24.587974+00:00
VNINDEX,1D,2016-02-24,1456279200,559.48,569.7,557.77,568.04,150465740,1,dnse,2026-09-21T07:14:24.587974+00:00
VNINDEX,1D,2016-02-25,1456365600,571.15,573.63,562.82,562.82,128761360,1,dnse,2026-09-21T07:14:24.587974+00:00
VNINDEX,1D,2016-02-26,1456452000,565.61,566.8,562.39,566.11,96285500,1,dnse,2026-09-21T07:14:24.587974+00:00
VNINDEX,1D,2016-02-29,1456711200,566.0,566.0,559.0,559.0,116967696,1,dnse,2026-09-21T07:14:24.587974+00:00
VNINDEX,1D,2016-03-01,1456797600,560.03,565.65,560.03,561.56,115276230,1,dnse,2026-09-21T07:14:24.587974+00:00
VNINDEX,1D,2016-03-02,1456884000,564.85,570.18,562.97,570.18,140295650,1,dnse,2026-09-21T07:14:24.587974+00:00
VNINDEX,1D,2016-03-03,1456970400,573.06,573.88,569.39,570.39,121565340,1,dnse,2026-09-21T07:14:24.587974+00:00
VNINDEX,1D,2016-03-04,1457056800,570.18,576.02,568.83,573.65,131099670,1,dnse,2026-09-21T07:14:24.587974+00:00
VNINDEX,1D,2016-03-07,1457316000,575.76,580.95,575.39,576.2,154505980,1,dnse,2026-09-21T07:14:24.587974+00:00
VNINDEX,1D,2016-03-08,1457402400,576.75,579.87,574.53,574.71,141443700,1,dnse,2026-09-21T07:14:24.587974+00:00
VNINDEX,1D,2016-03-09,1457488800,573.47,576.32,571.48,571.71,118988380,1,dnse,2026-09-21T07:14:24.587974+00:00
VNINDEX,1D,2016-03-10,1457575200,574.07,575.91,571.52,575.91,118002950,1,dnse,2026-09-21T07:14:24.587974+00:00
VNINDEX,1D,2016-03-11,1457661600,576.12,580.93,574.81,577.26,134136630,1,dnse,2026-09-21T07:14:24.587974+00:00
VNINDEX,1D,2016-03-14,1457920800,579.61,579.84,576.26,577.98,122214350,1,dnse,2026-09-21T07:14:24.587974+00:00
VNINDEX,1D,2016-03-15,1458007200,577.98,578.96,572.59,574.04,138716120,1,dnse,2026-09-21T07:14:24.587974+00:00
VNINDEX,1D,2016-03-16,1458093600,573.88,577.96,573.37,577.07,138524560,1,dnse,2026-09-21T07:14:24.587974+00:00
VNINDEX,1D,2016-03-17,1458180000,581.55,583.53,579.26,579.26,138979600,1,dnse,2026-09-21T07:14:24.587974+00:00
VNINDEX,1D,2016-03-18,1458266400,579.95,580.81,575.44,575.82,174491080,1,dnse,2026-09-21T07:14:24.587974+00:00
VNINDEX,1D,2016-03-21,1458525600,577.65,580.83,572.27,572.27,143177260,1,dnse,2026-09-21T07:14:24.587974+00:00
VNINDEX,1D,2016-03-22,1458612000,572.27,573.8,567.8,570.91,122911350,1,dnse,2026-09-21T07:14:24.587974+00:00
VNINDEX,1D,2016-03-23,1458698400,570.74,575.22,570.39,574.71,130484450,1,dnse,2026-09-21T07:14:24.587974+00:00
VNINDEX,1D,2016-03-24,1458784800,573.93,577.21,570.66,570.66,140020360,1,dnse,2026-09-21T07:14:24.587974+00:00
VNINDEX,1D,2016-03-25,1458871200,569.48,572.48,564.88,572.08,132180850,1,dnse,2026-09-21T07:14:24.587974+00:00
VNINDEX,1D,2016-03-28,1459130400,573.69,576.0,571.58,575.72,110859230,1,dnse,2026-09-21T07:14:24.587974+00:00
VNINDEX,1D,2016-03-29,1459216800,575.63,576.07,568.28,568.28,132852470,1,dnse,2026-09-21T07:14:24.587974+00:00
VNINDEX,1D,2016-03-30,1459303200,566.08,571.89,565.55,569.91,122484050,1,dnse,2026-09-21T07:14:24.587974+00:00
VNINDEX,1D,2016-03-31,1459389600,569.0,571.0,561.0,561.0,145625024,1,dnse,2026-09-21T07:14:24.587974+00:00
VNINDEX,1D,2016-04-01,1459476000,560.64,562.73,557.96,558.43,116291560,1,dnse,2026-09-21T07:14:24.587974+00:00
VNINDEX,1D,2016-04-04,1459735200,557.56,560.92,554.3,555.82,108880000,1,dnse,2026-09-21T07:14:24.587974+00:00
VNINDEX,1D,2016-04-05,1459821600,556.69,560.32,555.15,560.32,112087100,1,dnse,2026-09-21T07:14:24.587974+00:00
VNINDEX,1D,2016-04-06,1459908000,561.94,567.79,560.63,567.79,99562200,1,dnse,2026-09-21T07:14:24.587974+00:00
VNINDEX,1D,2016-04-07,1459994400,570.72,572.56,567.01,571.6,117899300,1,dnse,2026-09-21T07:14:24.587974+00:00
VNINDEX,1D,2016-04-08,1460080800,571.21,574.46,569.09,572.34,111597810,1,dnse,2026-09-21T07:14:24.587974+00:00
VNINDEX,1D,2016-04-11,1460340000,575.11,581.88,575.01,579.27,129674560,1,dnse,2026-09-21T07:14:24.587974+00:00
VNINDEX,1D,2016-04-12,1460426400,580.9,582.97,577.17,579.84,138444120,1,dnse,2026-09-21T07:14:24.587974+00:00
VNINDEX,1D,2016-04-13,1460512800,580.77,582.81,575.65,578.02,130634250,1,dnse,2026-09-21T07:14:24.587974+00:00
VNINDEX,1D,2016-04-14,1460599200,575.69,584.81,575.69,579.49,116830600,1,dnse,2026-09-21T07:14:24.587974+00:00
VNINDEX,1D,2016-04-15,1460685600,581.54,586.36,579.86,579.86,115434600,1,dnse,2026-09-21T07:14:24.587974+00:00
VNINDEX,1D,2016-04-19,1461031200,578.32,578.44,568.28,568.28,125545070,1,dnse,2026-09-21T07:14:24.587974+00:00
VNINDEX,1D,2016-04-20,1461117600,569.8,571.71,565.3,568.03,108722460,1,dnse,2026-09-21T07:14:24.587974+00:00
VNINDEX,1D,2016-04-21,1461204000,571.19,577.41,570.71,575.73,100005660,1,dnse,2026-09-21T07:14:24.587974+00:00
VNINDEX,1D,2016-04-22,1461290400,574.57,592.48,574.57,592.48,129717340,1,dnse,2026-09-21T07:14:24.587974+00:00
VNINDEX,1D,2016-04-25,1461549600,597.91,601.61,591.58,591.58,130331660,1,dnse,2026-09-21T07:14:24.587974+00:00
VNINDEX,1D,2016-04-26,1461636000,590.99,598.48,590.19,598.48,132638550,1,dnse,2026-09-21T07:14:24.587974+00:00
VNINDEX,1D,2016-04-27,1461722400,601.79,601.79,591.35,593.96,134186560,1,dnse,2026-09-21T07:14:24.587974+00:00
VNINDEX,1D,2016-04-28,1461808800,594.98,597.28,589.97,591.67,94003230,1,dnse,2026-09-21T07:14:24.587974+00:00
VNINDEX,1D,2016-04-29,1461895200,591.2,599.71,591.2,598.37,110322990,1,dnse,2026-09-21T07:14:24.587974+00:00
VNINDEX,1D,2016-05-04,1462327200,595.95,603.08,592.43,599.07,131949650,1,dnse,2026-09-21T07:14:24.587974+00:00
VNINDEX,1D,2016-05-05,1462413600,600.66,605.21,600.5,601.51,120477350,1,dnse,2026-09-21T07:14:24.587974+00:00
VNINDEX,1D,2016-05-06,1462500000,602.4,608.94,602.17,606.52,113045550,1,dnse,2026-09-21T07:14:24.587974+00:00
VNINDEX,1D,2016-05-09,1462759200,610.92,612.97,603.85,603.85,105330980,1,dnse,2026-09-21T07:14:24.587974+00:00
VNINDEX,1D,2016-05-10,1462845600,600.35,605.46,597.74,605.05,107970160,1,dnse,2026-09-21T07:14:24.587974+00:00
VNINDEX,1D,2016-05-11,1462932000,606.6,614.06,606.06,614.06,104828050,1,dnse,2026-09-21T07:14:24.587974+00:00
VNINDEX,1D,2016-05-12,1463018400,615.55,617.56,612.12,612.12,86561510,1,dnse,2026-09-21T07:14:24.587974+00:00
VNINDEX,1D,2016-05-13,1463104800,612.32,615.3,608.04,610.82,105664260,1,dnse,2026-09-21T07:14:24.587974+00:00
VNINDEX,1D,2016-05-16,1463364000,610.13,616.17,608.49,615.78,90053950,1,dnse,2026-09-21T07:14:24.587974+00:00
VNINDEX,1D,2016-05-17,1463450400,620.54,626.12,618.67,624.75,116003280,1,dnse,2026-09-21T07:14:24.587974+00:00
VNINDEX,1D,2016-05-18,1463536800,625.53,627.81,621.79,622.45,113469020,1,dnse,2026-09-21T07:14:24.587974+00:00
VNINDEX,1D,2016-05-19,1463623200,621.83,623.68,618.13,619.2,114111200,1,dnse,2026-09-21T07:14:24.587974+00:00
VNINDEX,1D,2016-05-20,1463709600,620.72,622.48,614.41,614.81,89160520,1,dnse,2026-09-21T07:14:24.587974+00:00
VNINDEX,1D,2016-05-23,1463968800,616.11,616.83,610.45,611.03,76074600,1,dnse,2026-09-21T07:14:24.587974+00:00
VNINDEX,1D,2016-05-24,1464055200,612.23,613.14,608.15,611.62,95492370,1,dnse,2026-09-21T07:14:24.587974+00:00
VNINDEX,1D,2016-05-25,1464141600,613.96,616.38,611.89,611.89,95084720,1,dnse,2026-09-21T07:14:24.587974+00:00
VNINDEX,1D,2016-05-26,1464228000,611.88,613.37,604.34,604.34,94423070,1,dnse,2026-09-21T07:14:24.587974+00:00
VNINDEX,1D,2016-05-27,1464314400,604.36,609.94,603.23,608.11,89454250,1,dnse,2026-09-21T07:14:24.587974+00:00
VNINDEX,1D,2016-05-30,1464573600,609.98,615.52,608.46,614.5,101592790,1,dnse,2026-09-21T07:14:24.587974+00:00
VNINDEX,1D,2016-05-31,1464660000,616.0,621.0,615.0,618.0,107978416,1,dnse,2026-09-21T07:14:24.587974+00:00
VNINDEX,1D,2016-06-01,1464746400,618.2,620.2,616.3,619.86,99652390,1,dnse,2026-09-21T07:14:24.587974+00:00
VNINDEX,1D,2016-06-02,1464832800,619.19,624.52,618.38,623.37,121873950,1,dnse,2026-09-21T07:14:24.587974+00:00
VNINDEX,1D,2016-06-03,1464919200,623.21,625.19,621.62,621.88,118639060,1,dnse,2026-09-21T07:14:24.587974+00:00
VNINDEX,1D,2016-06-06,1465178400,621.09,624.55,616.98,620.05,118156660,1,dnse,2026-09-21T07:14:24.587974+00:00
VNINDEX,1D,2016-06-07,1465264800,622.4,624.69,620.05,624.65,112253160,1,dnse,2026-09-21T07:14:24.587974+00:00
VNINDEX,1D,2016-06-08,1465351200,626.84,632.68,626.29,627.87,126073730,1,dnse,2026-09-21T07:14:24.587974+00:00
VNINDEX,1D,2016-06-09,1465437600,628.4,631.26,626.27,631.26,116376380,1,dnse,2026-09-21T07:14:24.587974+00:00
VNINDEX,1D,2016-06-10,1465524000,629.95,633.47,628.56,629.84,128988300,1,dnse,2026-09-21T07:14:24.587974+00:00
VNINDEX,1D,2016-06-13,1465783200,626.26,627.36,621.4,623.58,116109850,1,dnse,2026-09-21T07:14:24.587974+00:00
VNINDEX,1D,2016-06-14,1465869600,621.63,626.4,619.13,625.43,91857820,1,dnse,2026-09-21T07:14:24.587974+00:00
VNINDEX,1D,2016-06-15,1465956000,624.63,628.75,621.76,627.02,103691960,1,dnse,2026-09-21T07:14:24.587974+00:00
VNINDEX,1D,2016-06-16,1466042400,627.38,630.21,625.11,625.11,116946050,1,dnse,2026-09-21T07:14:24.587974+00:00
VNINDEX,1D,2016-06-17,1466128800,622.92,624.59,618.16,619.25,143669220,1,dnse,2026-09-21T07:14:24.587974+00:00
VNINDEX,1D,2016-06-20,1466388000,622.04,626.46,619.25,626.46,94712000,1,dnse,2026-09-21T07:14:24.587974+00:00
VNINDEX,1D,2016-06-21,1466474400,629.03,631.96,626.46,628.0,108155080,1,dnse,2026-09-21T07:14:24.587974+00:00
VNINDEX,1D,2016-06-22,1466560800,628.77,629.95,625.81,626.41,93762050,1,dnse,2026-09-21T07:14:24.587974+00:00
VNINDEX,1D,2016-06-23,1466647200,626.47,632.6,626.41,632.27,105505080,1,dnse,2026-09-21T07:14:24.587974+00:00
VNINDEX,1D,2016-06-24,1466733600,631.77,632.27,597.68,620.77,262210430,1,dnse,2026-09-21T07:14:24.587974+00:00
VNINDEX,1D,2016-06-27,1466992800,616.19,621.27,608.26,621.27,101865150,1,dnse,2026-09-21T07:14:24.587974+00:00
VNINDEX,1D,2016-06-28,1467079200,617.68,624.85,617.65,622.2,76760440,1,dnse,2026-09-21T07:14:24.587974+00:00
VNINDEX,1D,2016-06-29,1467165600,623.56,631.25,623.56,630.12,113362110,1,dnse,2026-09-21T07:14:24.587974+00:00
VNINDEX,1D,2016-06-30,1467252000,633.0,637.0,632.0,632.0,99042576,1,dnse,2026-09-21T07:14:24.587974+00:00
VNINDEX,1D,2016-07-01,1467338400,632.26,643.55,632.26,640.3,106711160,1,dnse,2026-09-21T07:14:24.587974+00:00
VNINDEX,1D,2016-07-04,1467597600,643.11,647.96,641.96,647.96,124752900,1,dnse,2026-09-21T07:14:24.587974+00:00
VNINDEX,1D,2016-07-05,1467684000,650.47,658.45,647.52,650.88,140423840,1,dnse,2026-09-21T07:14:24.587974+00:00
VNINDEX,1D,2016-07-06,1467770400,646.8,652.36,644.07,649.46,117965440,1,dnse,2026-09-21T07:14:24.587974+00:00
VNINDEX,1D,2016-07-07,1467856800,652.49,661.12,652.13,661.12,130188390,1,dnse,2026-09-21T07:14:24.587974+00:00
VNINDEX,1D,2016-07-08,1467943200,661.07,665.53,655.91,658.68,131939490,1,dnse,2026-09-21T07:14:24.587974+00:00
VNINDEX,1D,2016-07-11,1468202400,658.92,664.89,648.77,652.26,146647990,1,dnse,2026-09-21T07:14:24.587974+00:00
VNINDEX,1D,2016-07-12,1468288800,652.81,658.9,649.86,658.9,149112960,1,dnse,2026-09-21T07:14:24.587974+00:00
VNINDEX,1D,2016-07-13,1468375200,662.04,676.06,662.04,675.12,138393530,1,dnse,2026-09-21T07:14:24.587974+00:00
VNINDEX,1D,2016-07-14,1468461600,675.66,681.75,666.69,666.69,152057570,1,dnse,2026-09-21T07:14:24.587974+00:00
VNINDEX,1D,2016-07-15,1468548000,666.69,670.18,661.47,664.56,116464580,1,dnse,2026-09-21T07:14:24.587974+00:00
VNINDEX,1D,2016-07-18,1468807200,664.12,673.5,662.25,673.5,122748180,1,dnse,2026-09-21T07:14:24.587974+00:00
VNINDEX,1D,2016-07-19,1468893600,675.89,677.35,660.09,667.76,131066870,1,dnse,2026-09-21T07:14:24.587974+00:00
VNINDEX,1D,2016-07-20,1468980000,667.86,667.86,660.26,660.26,124236080,1,dnse,2026-09-21T07:14:24.587974+00:00
VNINDEX,1D,2016-07-21,1469066400,662.72,665.9,656.03,659.57,104596580,1,dnse,2026-09-21T07:14:24.587974+00:00
VNINDEX,1D,2016-07-22,1469152800,657.15,658.06,640.26,649.87,140165040,1,dnse,2026-09-21T07:14:24.587974+00:00
VNINDEX,1D,2016-07-25,1469412000,651.33,654.17,646.04,649.3,86417860,1,dnse,2026-09-21T07:14:24.587974+00:00
VNINDEX,1D,2016-07-26,1469498400,648.58,651.93,642.91,648.59,97294620,1,dnse,2026-09-21T07:14:24.587974+00:00
VNINDEX,1D,2016-07-27,1469584800,648.03,656.11,647.74,656.11,111642190,1,dnse,2026-09-21T07:14:24.587974+00:00
VNINDEX,1D,2016-07-28,1469671200,655.81,657.2,649.86,657.14,115779900,1,dnse,2026-09-21T07:14:24.587974+00:00
VNINDEX,1D,2016-07-29,1469757600,654.19,657.88,650.98,652.23,112283210,1,dnse,2026-09-21T07:14:24.587974+00:00
VNINDEX,1D,2016-08-01,1470016800,655.38,655.38,646.02,648.38,89743110,1,dnse,2026-09-21T07:14:24.587974+00:00
VNINDEX,1D,2016-08-02,1470103200,643.2,643.2,633.33,636.05,136282920,1,dnse,2026-09-21T07:14:24.587974+00:00
VNINDEX,1D,2016-08-03,1470189600,632.98,634.75,627.66,631.61,87450230,1,dnse,2026-09-21T07:14:24.587974+00:00
VNINDEX,1D,2016-08-04,1470276000,633.74,641.02,631.94,631.94,103788870,1,dnse,2026-09-21T07:14:24.587974+00:00
VNINDEX,1D,2016-08-05,1470362400,629.69,630.18,622.49,627.39,118506920,1,dnse,2026-09-21T07:14:24.587974+00:00
VNINDEX,1D,2016-08-08,1470621600,627.39,629.91,622.14,629.46,84087430,1,dnse,2026-09-21T07:14:24.587974+00:00
VNINDEX,1D,2016-08-09,1470708000,629.66,637.34,629.66,637.34,87157080,1,dnse,2026-09-21T07:14:24.587974+00:00
VNINDEX,1D,2016-08-10,1470794400,637.21,648.48,637.21,648.33,107877050,1,dnse,2026-09-21T07:14:24.587974+00:00
VNINDEX,1D,2016-08-11,1470880800,649.27,660.24,648.31,660.24,134689840,1,dnse,2026-09-21T07:14:24.587974+00:00
VNINDEX,1D,2016-08-12,1470967200,665.14,668.52,652.67,655.71,117895770,1,dnse,2026-09-21T07:14:24.587974+00:00
VNINDEX,1D,2016-08-15,1471226400,654.06,659.47,653.64,659.47,114385770,1,dnse,2026-09-21T07:14:24.587974+00:00
VNINDEX,1D,2016-08-16,1471312800,659.47,662.13,656.83,658.11,128458310,1,dnse,2026-09-21T07:14:24.587974+00:00
VNINDEX,1D,2016-08-17,1471399200,659.46,660.76,657.06,660.51,113029210,1,dnse,2026-09-21T07:14:24.587974+00:00
VNINDEX,1D,2016-08-18,1471485600,663.56,665.94,656.35,660.65,120173290,1,dnse,2026-09-21T07:14:24.587974+00:00
VNINDEX,1D,2016-08-19,1471572000,664.09,666.93,659.64,662.28,101626960,1,dnse,2026-09-21T07:14:24.587974+00:00
VNINDEX,1D,2016-08-22,1471831200,662.87,664.95,657.68,657.68,109773170,1,dnse,2026-09-21T07:14:24.587974+00:00
VNINDEX,1D,2016-08-23,1471917600,653.58,659.16,652.88,659.16,90297080,1,dnse,2026-09-21T07:14:24.587974+00:00
VNINDEX,1D,2016-08-24,1472004000,660.95,665.43,659.7,660.77,98316870,1,dnse,2026-09-21T07:14:24.587974+00:00
VNINDEX,1D,2016-08-25,1472090400,660.77,660.77,656.49,658.5,106728730,1,dnse,2026-09-21T07:14:24.587974+00:00
VNINDEX,1D,2016-08-26,1472176800,662.9,668.84,662.9,667.75,109776940,1,dnse,2026-09-21T07:14:24.587974+00:00
VNINDEX,1D,2016-08-29,1472436000,670.71,679.62,669.44,669.44,108619910,1,dnse,2026-09-21T07:14:24.587974+00:00
VNINDEX,1D,2016-08-30,1472522400,667.96,672.67,666.33,672.67,87433660,1,dnse,2026-09-21T07:14:24.587974+00:00
VNINDEX,1D,2016-08-31,1472608800,673.0,676.0,671.0,675.0,93688888,1,dnse,2026-09-21T07:14:24.587974+00:00
VNINDEX,1D,2016-09-01,1472695200,674.19,674.72,664.77,669.19,93925040,1,dnse,2026-09-21T07:14:24.587974+00:00
VNINDEX,1D,2016-09-05,1473040800,669.3,669.97,660.31,664.55,103194860,1,dnse,2026-09-21T07:14:24.587974+00:00
VNINDEX,1D,2016-09-06,1473127200,666.38,668.4,663.9,663.9,87906500,1,dnse,2026-09-21T07:14:24.587974+00:00
VNINDEX,1D,2016-09-07,1473213600,663.05,663.68,656.22,661.28,88002530,1,dnse,2026-09-21T07:14:24.587974+00:00
VNINDEX,1D,2016-09-08,1473300000,661.89,668.2,660.54,666.07,112627640,1,dnse,2026-09-21T07:14:24.587974+00:00
VNINDEX,1D,2016-09-09,1473386400,669.24,672.39,666.88,666.88,95460760,1,dnse,2026-09-21T07:14:24.587974+00:00
VNINDEX,1D,2016-09-12,1473645600,665.77,666.04,655.55,659.76,88572250,1,dnse,2026-09-21T07:14:24.587974+00:00
VNINDEX,1D,2016-09-13,1473732000,658.61,661.74,654.95,659.72,81226280,1,dnse,2026-09-21T07:14:24.587974+00:00
VNINDEX,1D,2016-09-14,1473818400,658.16,661.82,656.64,656.64,92963280,1,dnse,2026-09-21T07:14:24.587974+00:00
VNINDEX,1D,2016-09-15,1473904800,657.46,660.32,654.84,656.18,105142830,1,dnse,2026-09-21T07:14:24.587974+00:00
VNINDEX,1D,2016-09-16,1473991200,654.68,657.53,651.31,651.31,184317130,1,dnse,2026-09-21T07:14:24.587974+00:00
VNINDEX,1D,2016-09-19,1474250400,651.31,658.35,651.31,657.89,104348350,1,dnse,2026-09-21T07:14:24.587974+00:00
VNINDEX,1D,2016-09-20,1474336800,656.2,663.37,653.28,663.37,100490650,1,dnse,2026-09-21T07:14:24.587974+00:00
VNINDEX,1D,2016-09-21,1474423200,663.12,668.83,662.79,668.48,134925820,1,dnse,2026-09-21T07:14:24.587974+00:00
VNINDEX,1D,2016-09-22,1474509600,668.48,675.36,668.48,671.38,112592880,1,dnse,2026-09-21T07:14:24.587974+00:00
VNINDEX,1D,2016-09-23,1474596000,670.73,674.09,670.3,674.09,99084600,1,dnse,2026-09-21T07:14:24.587974+00:00
VNINDEX,1D,2016-09-26,1474855200,673.21,677.04,671.51,677.04,91965270,1,dnse,2026-09-21T07:14:24.587974+00:00
VNINDEX,1D,2016-09-27,1474941600,676.61,684.89,676.24,684.89,115019350,1,dnse,2026-09-21T07:14:24.587974+00:00
VNINDEX,1D,2016-09-28,1475028000,684.99,687.94,682.98,686.72,111646620,1,dnse,2026-09-21T07:14:24.587974+00:00
VNINDEX,1D,2016-09-29,1475114400,689.82,692.17,685.91,688.55,109747830,1,dnse,2026-09-21T07:14:24.587974+00:00
VNINDEX,1D,2016-09-30,1475200800,689.0,689.0,685.0,686.0,102428416,1,dnse,2026-09-21T07:14:24.587974+00:00
VNINDEX,1D,2016-10-03,1475460000,687.68,687.98,681.99,683.05,108519140,1,dnse,2026-09-21T07:14:24.587974+00:00
VNINDEX,1D,2016-10-04,1475546400,682.82,689.17,680.24,684.2,111644670,1,dnse,2026-09-21T07:14:24.587974+00:00
VNINDEX,1D,2016-10-05,1475632800,686.41,689.5,685.48,687.04,106465990,1,dnse,2026-09-21T07:14:24.587974+00:00
VNINDEX,1D,2016-10-06,1475719200,687.04,690.93,687.04,687.32,140831260,1,dnse,2026-09-21T07:14:24.587974+00:00
VNINDEX,1D,2016-10-07,1475805600,689.51,690.14,680.26,683.95,128830960,1,dnse,2026-09-21T07:14:24.587974+00:00
VNINDEX,1D,2016-10-10,1476064800,684.05,684.46,674.19,674.19,119618590,1,dnse,2026-09-21T07:14:24.587974+00:00
VNINDEX,1D,2016-10-11,1476151200,677.63,682.36,669.2,682.36,126219300,1,dnse,2026-09-21T07:14:24.587974+00:00
VNINDEX,1D,2016-10-12,1476237600,683.88,686.18,681.12,682.45,107650470,1,dnse,2026-09-21T07:14:24.587974+00:00
VNINDEX,1D,2016-10-13,1476324000,680.73,685.23,678.79,685.23,117781230,1,dnse,2026-09-21T07:14:24.587974+00:00
VNINDEX,1D,2016-10-14,1476410400,685.06,690.62,684.78,687.0,134748710,1,dnse,2026-09-21T07:14:24.587974+00:00
VNINDEX,1D,2016-10-17,1476669600,687.18,687.94,680.95,680.95,106159380,1,dnse,2026-09-21T07:14:24.587974+00:00
VNINDEX,1D,2016-10-18,1476756000,680.44,682.99,678.13,682.02,100892180,1,dnse,2026-09-21T07:14:24.587974+00:00
VNINDEX,1D,2016-10-19,1476842400,683.83,689.88,683.25,688.89,122517570,1,dnse,2026-09-21T07:14:24.587974+00:00
VNINDEX,1D,2016-10-20,1476928800,690.45,690.86,685.63,686.39,106042150,1,dnse,2026-09-21T07:14:24.587974+00:00
VNINDEX,1D,2016-10-21,1477015200,685.77,687.54,683.76,684.83,111996680,1,dnse,2026-09-21T07:14:24.587974+00:00
VNINDEX,1D,2016-10-24,1477274400,683.14,684.51,678.66,678.02,91994310,1,dnse,2026-09-21T07:14:24.587974+00:00
VNINDEX,1D,2016-10-25,1477360800,676.29,677.37,670.6,676.18,108043320,1,dnse,2026-09-21T07:14:24.587974+00:00
VNINDEX,1D,2016-10-26,1477447200,676.18,676.18,670.8,673.61,91959690,1,dnse,2026-09-21T07:14:24.587974+00:00
VNINDEX,1D,2016-10-27,1477533600,672.81,676.9,671.61,676.9,85549590,1,dnse,2026-09-21T07:14:24.587974+00:00
VNINDEX,1D,2016-10-28,1477620000,676.74,682.25,675.85,682.25,103029880,1,dnse,2026-09-21T07:14:24.587974+00:00
VNINDEX,1D,2016-10-31,1477879200,682.0,683.0,676.0,676.0,114384032,1,dnse,2026-09-21T07:14:24.587974+00:00
VNINDEX,1D,2016-11-01,1477965600,675.13,676.6,672.33,676.6,103689100,1,dnse,2026-09-21T07:14:24.587974+00:00
VNINDEX,1D,2016-11-02,1478052000,675.68,678.14,671.4,671.4,128035040,1,dnse,2026-09-21T07:14:24.587974+00:00
VNINDEX,1D,2016-11-03,1478138400,668.66,668.66,661.86,667.63,114649680,1,dnse,2026-09-21T07:14:24.587974+00:00
VNINDEX,1D,2016-11-04,1478224800,666.93,668.99,665.08,666.73,74501690,1,dnse,2026-09-21T07:14:24.587974+00:00
VNINDEX,1D,2016-11-07,1478484000,667.12,674.36,666.61,674.14,86516180,1,dnse,2026-09-21T07:14:24.587974+00:00
VNINDEX,1D,2016-11-08,1478570400,675.82,677.91,674.33,676.46,77559310,1,dnse,2026-09-21T07:14:24.587974+00:00
VNINDEX,1D,2016-11-09,1478656800,675.57,675.57,656.68,670.26,129849160,1,dnse,2026-09-21T07:14:24.587974+00:00
VNINDEX,1D,2016-11-10,1478743200,675.36,678.54,675.18,678.17,104949360,1,dnse,2026-09-21T07:14:24.587974+00:00
VNINDEX,1D,2016-11-11,1478829600,678.38,679.56,676.73,679.2,96643530,1,dnse,2026-09-21T07:14:24.587974+00:00
VNINDEX,1D,2016-11-14,1479088800,677.13,679.96,672.45,673.05,111753270,1,dnse,2026-09-21T07:14:24.587974+00:00
VNINDEX,1D,2016-11-15,1479175200,673.75,675.73,671.55,674.26,105064180,1,dnse,2026-09-21T07:14:24.587974+00:00
VNINDEX,1D,2016-11-16,1479261600,674.85,676.9,673.95,674.6,102400010,1,dnse,2026-09-21T07:14:24.587974+00:00
VNINDEX,1D,2016-11-17,1479348000,674.5,676.48,673.13,674.57,119114290,1,dnse,2026-09-21T07:14:24.587974+00:00
VNINDEX,1D,2016-11-18,1479434400,673.82,675.15,669.18,673.25,96180820,1,dnse,2026-09-21T07:14:24.587974+00:00
VNINDEX,1D,2016-11-21,1479693600,673.2,675.04,671.65,674.29,96259380,1,dnse,2026-09-21T07:14:24.587974+00:00
VNINDEX,1D,2016-11-22,1479780000,675.23,681.91,675.23,681.91,106254350,1,dnse,2026-09-21T07:14:24.587974+00:00
VNINDEX,1D,2016-11-23,1479866400,681.17,684.12,679.81,683.16,109567320,1,dnse,2026-09-21T07:14:24.587974+00:00
VNINDEX,1D,2016-11-24,1479952800,683.61,683.61,676.39,678.18,117539200,1,dnse,2026-09-21T07:14:24.587974+00:00
VNINDEX,1D,2016-11-25,1480039200,678.47,678.87,671.48,675.87,108511930,1,dnse,2026-09-21T07:14:24.587974+00:00
VNINDEX,1D,2016-11-28,1480298400,672.49,673.18,660.96,665.29,94780750,1,dnse,2026-09-21T07:14:24.587974+00:00
VNINDEX,1D,2016-11-29,1480384800,665.11,667.79,658.26,658.26,111429590,1,dnse,2026-09-21T07:14:24.587974+00:00
VNINDEX,1D,2016-11-30,1480471200,658.0,666.0,655.0,665.0,115315368,1,dnse,2026-09-21T07:14:24.587974+00:00
VNINDEX,1D,2016-12-01,1480557600,670.69,670.76,666.54,666.54,107595380,1,dnse,2026-09-21T07:14:24.587974+00:00
VNINDEX,1D,2016-12-02,1480644000,667.26,667.39,662.09,665.14,106687860,1,dnse,2026-09-21T07:14:24.587974+00:00
VNINDEX,1D,2016-12-05,1480903200,663.06,663.87,658.11,660.21,87046940,1,dnse,2026-09-21T07:14:24.587974+00:00
VNINDEX,1D,2016-12-06,1480989600,660.68,660.77,648.37,651.49,117960660,1,dnse,2026-09-21T07:14:24.587974+00:00
VNINDEX,1D,2016-12-07,1481076000,648.63,654.13,647.33,653.53,103897120,1,dnse,2026-09-21T07:14:24.587974+00:00
VNINDEX,1D,2016-12-08,1481162400,655.48,660.72,655.48,658.89,90796840,1,dnse,2026-09-21T07:14:24.587974+00:00
VNINDEX,1D,2016-12-09,1481248800,659.46,664.46,659.46,663.07,79953030,1,dnse,2026-09-21T07:14:24.587974+00:00
VNINDEX,1D,2016-12-12,1481508000,663.7,664.67,658.84,659.7,94354570,1,dnse,2026-09-21T07:14:24.587974+00:00
VNINDEX,1D,2016-12-13,1481594400,662.27,663.54,654.34,654.66,111295850,1,dnse,2026-09-21T07:14:24.587974+00:00
VNINDEX,1D,2016-12-14,1481680800,657.39,665.14,657.39,665.14,193827050,1,dnse,2026-09-21T07:14:24.587974+00:00
VNINDEX,1D,2016-12-15,1481767200,668.07,668.07,664.08,665.92,107135700,1,dnse,2026-09-21T07:14:24.587974+00:00
VNINDEX,1D,2016-12-16,1481853600,670.43,675.19,668.3,675.16,155852900,1,dnse,2026-09-21T07:14:24.587974+00:00
VNINDEX,1D,2016-12-19,1482112800,673.98,679.9,673.88,674.33,107085610,1,dnse,2026-09-21T07:14:24.587974+00:00
VNINDEX,1D,2016-12-20,1482199200,673.93,674.28,662.66,662.66,92619080,1,dnse,2026-09-21T07:14:24.587974+00:00
VNINDEX,1D,2016-12-21,1482285600,662.36,667.06,657.4,666.94,81863850,1,dnse,2026-09-21T07:14:24.587974+00:00
VNINDEX,1D,2016-12-22,1482372000,669.01,669.95,663.7,664.15,86318960,1,dnse,2026-09-21T07:14:24.587974+00:00
VNINDEX,1D,2016-12-23,1482458400,663.75,664.37,659.18,664.37,72131790,1,dnse,2026-09-21T07:14:24.587974+00:00
VNINDEX,1D,2016-12-26,1482717600,665.67,665.73,662.09,662.45,67252060,1,dnse,2026-09-21T07:14:24.587974+00:00
VNINDEX,1D,2016-12-27,1482804000,662.66,665.5,661.41,663.86,95593140,1,dnse,2026-09-21T07:14:24.587974+00:00
VNINDEX,1D,2016-12-28,1482890400,665.9,666.64,661.8,663.5,101515350,1,dnse,2026-09-21T07:14:24.587974+00:00
VNINDEX,1D,2016-12-29,1482976800,666.43,666.43,663.95,664.72,99258510,1,dnse,2026-09-21T07:14:24.587974+00:00
VNINDEX,1D,2016-12-30,1483063200,664.17,665.49,663.4,664.87,90082950,1,dnse,2026-09-21T07:14:24.587974+00:00
VNINDEX,1D,2017-01-03,1483408800,665.92,672.34,665.43,672.01,79722650,1,dnse,2026-09-21T07:14:24.587974+00:00
VNINDEX,1D,2017-01-04,1483495200,672.58,675.93,672.21,674.7,92285170,1,dnse,2026-09-21T07:14:24.587974+00:00
VNINDEX,1D,2017-01-05,1483581600,674.82,675.92,673.31,675.81,92735720,1,dnse,2026-09-21T07:14:24.587974+00:00
VNINDEX,1D,2017-01-06,1483668000,675.35,683.76,675.22,679.8,111701460,1,dnse,2026-09-21T07:14:24.587974+00:00
VNINDEX,1D,2017-01-09,1483927200,681.74,684.88,681.74,682.57,88221600,1,dnse,2026-09-21T07:14:24.587974+00:00
VNINDEX,1D,2017-01-10,1484013600,682.77,683.02,680.76,681.07,78938330,1,dnse,2026-09-21T07:14:24.587974+00:00
VNINDEX,1D,2017-01-11,1484100000,680.85,687.16,680.85,687.16,96461920,1,dnse,2026-09-21T07:14:24.587974+00:00
VNINDEX,1D,2017-01-12,1484186400,688.71,688.99,685.59,686.96,102618890,1,dnse,2026-09-21T07:14:24.587974+00:00
VNINDEX,1D,2017-01-13,1484272800,686.58,688.62,685.06,685.06,82155530,1,dnse,2026-09-21T07:14:24.587974+00:00
VNINDEX,1D,2017-01-16,1484532000,684.62,684.82,677.85,677.94,76123340,1,dnse,2026-09-21T07:14:24.587974+00:00
VNINDEX,1D,2017-01-17,1484618400,678.83,684.73,678.83,684.71,94123250,1,dnse,2026-09-21T07:14:24.587974+00:00
VNINDEX,1D,2017-01-18,1484704800,683.74,687.76,683.28,683.28,84747660,1,dnse,2026-09-21T07:14:24.587974+00:00
VNINDEX,1D,2017-01-19,1484791200,683.02,684.19,680.8,682.31,69116870,1,dnse,2026-09-21T07:14:24.587974+00:00
VNINDEX,1D,2017-01-20,1484877600,684.56,688.42,684.37,686.26,80002540,1,dnse,2026-09-21T07:14:24.587974+00:00
VNINDEX,1D,2017-01-23,1485136800,687.83,689.47,686.46,687.15,75819770,1,dnse,2026-09-21T07:14:24.587974+00:00
VNINDEX,1D,2017-01-24,1485223200,687.08,692.45,687.08,691.36,92470490,1,dnse,2026-09-21T07:14:24.587974+00:00
VNINDEX,1D,2017-01-25,1485309600,693.07,697.28,691.19,697.28,89267610,1,dnse,2026-09-21T07:14:24.587974+00:00
VNINDEX,1D,2017-02-02,1486000800,699.91,703.2,697.71,703.18,82117060,1,dnse,2026-09-21T07:14:24.587974+00:00
VNINDEX,1D,2017-02-03,1486087200,704.69,708.1,700.09,700.35,119246940,1,dnse,2026-09-21T07:14:24.587974+00:00
VNINDEX,1D,2017-02-06,1486346400,702.02,702.02,696.92,700.04,115790760,1,dnse,2026-09-21T07:14:24.587974+00:00
VNINDEX,1D,2017-02-07,1486432800,699.99,703.3,698.99,701.91,151064680,1,dnse,2026-09-21T07:14:24.587974+00:00
VNINDEX,1D,2017-02-08,1486519200,702.67,702.77,700.47,702.04,131301380,1,dnse,2026-09-21T07:14:24.587974+00:00
VNINDEX,1D,2017-02-09,1486605600,700.93,702.64,700.26,700.65,138329170,1,dnse,2026-09-21T07:14:24.587974+00:00
VNINDEX,1D,2017-02-10,1486692000,701.15,704.08,701.15,703.78,129049870,1,dnse,2026-09-21T07:14:24.587974+00:00
VNINDEX,1D,2017-02-13,1486951200,704.61,706.47,703.58,705.9,158112440,1,dnse,2026-09-21T07:14:24.587974+00:00
VNINDEX,1D,2017-02-14,1487037600,706.41,707.32,703.85,706.26,169469810,1,dnse,2026-09-21T07:14:24.587974+00:00
VNINDEX,1D,2017-02-15,1487124000,706.84,711.73,706.84,711.57,152178230,1,dnse,2026-09-21T07:14:24.587974+00:00
VNINDEX,1D,2017-02-16,1487210400,712.61,717.57,709.35,709.35,189608500,1,dnse,2026-09-21T07:14:24.587974+00:00
VNINDEX,1D,2017-02-17,1487296800,709.52,710.21,705.84,707.83,158563960,1,dnse,2026-09-21T07:14:24.587974+00:00
VNINDEX,1D,2017-02-20,1487556000,705.72,711.4,704.41,710.59,186577070,1,dnse,2026-09-21T07:14:24.587974+00:00
VNINDEX,1D,2017-02-21,1487642400,711.49,718.06,711.49,716.55,198966880,1,dnse,2026-09-21T07:14:24.587974+00:00
VNINDEX,1D,2017-02-22,1487728800,717.77,719.09,715.36,717.24,213358850,1,dnse,2026-09-21T07:14:24.587974+00:00
VNINDEX,1D,2017-02-23,1487815200,717.49,719.58,712.36,716.87,211235150,1,dnse,2026-09-21T07:14:24.587974+00:00
VNINDEX,1D,2017-02-24,1487901600,716.35,717.94,713.7,714.47,231146780,1,dnse,2026-09-21T07:14:24.587974+00:00
VNINDEX,1D,2017-02-27,1488160800,711.7,718.37,711.7,717.44,176837600,1,dnse,2026-09-21T07:14:24.587974+00:00
VNINDEX,1D,2017-02-28,1488247200,718.0,719.0,711.0,711.0,183667856,1,dnse,2026-09-21T07:14:24.587974+00:00
VNINDEX,1D,2017-03-01,1488333600,711.46,712.49,705.79,709.52,211022340,1,dnse,2026-09-21T07:14:24.587974+00:00
VNINDEX,1D,2017-03-02,1488420000,712.68,713.53,707.51,707.51,164954330,1,dnse,2026-09-21T07:14:24.587974+00:00
VNINDEX,1D,2017-03-03,1488506400,708.23,712.62,705.83,712.62,163479620,1,dnse,2026-09-21T07:14:24.587974+00:00
VNINDEX,1D,2017-03-06,1488765600,714.61,718.04,714.01,716.29,156471030,1,dnse,2026-09-21T07:14:24.587974+00:00
VNINDEX,1D,2017-03-07,1488852000,716.46,716.95,714.27,716.54,176411640,1,dnse,2026-09-21T07:14:24.587974+00:00
VNINDEX,1D,2017-03-08,1488938400,715.04,718.78,713.89,716.6,162940400,1,dnse,2026-09-21T07:14:24.587974+00:00
VNINDEX,1D,2017-03-09,1489024800,715.86,718.23,714.96,715.8,185884380,1,dnse,2026-09-21T07:14:24.587974+00:00
VNINDEX,1D,2017-03-10,1489111200,715.85,716.81,712.21,712.21,185800020,1,dnse,2026-09-21T07:14:24.587974+00:00
VNINDEX,1D,2017-03-13,1489370400,711.93,712.63,707.63,710.17,128790790,1,dnse,2026-09-21T07:14:24.587974+00:00
VNINDEX,1D,2017-03-14,1489456800,709.9,716.49,709.29,714.71,125968160,1,dnse,2026-09-21T07:14:24.587974+00:00
VNINDEX,1D,2017-03-15,1489543200,715.63,716.49,713.14,713.14,129782600,1,dnse,2026-09-21T07:14:24.587974+00:00
VNINDEX,1D,2017-03-16,1489629600,712.56,715.03,710.66,714.92,162314460,1,dnse,2026-09-21T07:14:24.587974+00:00
VNINDEX,1D,2017-03-17,1489716000,715.82,717.1,710.54,710.54,235368860,1,dnse,2026-09-21T07:14:24.587974+00:00
VNINDEX,1D,2017-03-20,1489975200,711.44,717.54,711.44,715.07,158390700,1,dnse,2026-09-21T07:14:24.587974+00:00
VNINDEX,1D,2017-03-21,1490061600,717.03,718.8,714.78,716.18,201545030,1,dnse,2026-09-21T07:14:24.587974+00:00
VNINDEX,1D,2017-03-22,1490148000,715.78,720.68,712.94,712.94,254610300,1,dnse,2026-09-21T07:14:24.587974+00:00
VNINDEX,1D,2017-03-23,1490234400,712.61,719.56,712.61,719.56,176869560,1,dnse,2026-09-21T07:14:24.587974+00:00
VNINDEX,1D,2017-03-24,1490320800,719.56,724.36,719.56,722.14,200241730,1,dnse,2026-09-21T07:14:24.587974+00:00
VNINDEX,1D,2017-03-27,1490580000,723.23,725.57,721.41,723.52,207369580,1,dnse,2026-09-21T07:14:24.587974+00:00
VNINDEX,1D,2017-03-28,1490666400,724.37,725.0,718.66,719.26,186623970,1,dnse,2026-09-21T07:14:24.587974+00:00
VNINDEX,1D,2017-03-29,1490752800,719.08,721.92,718.37,720.47,172783250,1,dnse,2026-09-21T07:14:24.587974+00:00
VNINDEX,1D,2017-03-30,1490839200,721.87,725.91,721.87,723.86,180388070,1,dnse,2026-09-21T07:14:24.587974+00:00
VNINDEX,1D,2017-03-31,1490925600,726.0,727.0,722.0,722.0,181949344,1,dnse,2026-09-21T07:14:24.587974+00:00
VNINDEX,1D,2017-04-03,1491184800,723.02,724.37,721.58,722.38,177623170,1,dnse,2026-09-21T07:14:24.587974+00:00
VNINDEX,1D,2017-04-04,1491271200,723.7,724.67,722.79,724.14,187134630,1,dnse,2026-09-21T07:14:24.587974+00:00
VNINDEX,1D,2017-04-05,1491357600,724.89,726.03,722.49,723.22,196707340,1,dnse,2026-09-21T07:14:24.587974+00:00
VNINDEX,1D,2017-04-07,1491530400,721.85,727.95,720.28,727.95,189771920,1,dnse,2026-09-21T07:14:24.587974+00:00
VNINDEX,1D,2017-04-10,1491789600,728.71,730.9,727.77,729.87,144425190,1,dnse,2026-09-21T07:14:24.587974+00:00
VNINDEX,1D,2017-04-11,1491876000,730.15,732.24,730.15,731.33,197010310,1,dnse,2026-09-21T07:14:24.587974+00:00
VNINDEX,1D,2017-04-12,1491962400,731.62,732.87,724.48,725.58,213521570,1,dnse,2026-09-21T07:14:24.587974+00:00
VNINDEX,1D,2017-04-13,1492048800,725.54,727.34,723.88,724.35,168105900,1,dnse,2026-09-21T07:14:24.587974+00:00
VNINDEX,1D,2017-04-14,1492135200,722.67,722.96,714.13,718.45,183224860,1,dnse,2026-09-21T07:14:24.587974+00:00
VNINDEX,1D,2017-04-17,1492394400,718.93,721.78,710.83,710.83,154510130,1,dnse,2026-09-21T07:14:24.587974+00:00
VNINDEX,1D,2017-04-18,1492480800,708.64,714.93,705.55,714.93,156906940,1,dnse,2026-09-21T07:14:24.587974+00:00
VNINDEX,1D,2017-04-19,1492567200,714.87,716.77,714.02,716.77,142094700,1,dnse,2026-09-21T07:14:24.587974+00:00
VNINDEX,1D,2017-04-20,1492653600,716.76,716.76,712.66,712.66,125260980,1,dnse,2026-09-21T07:14:24.587974+00:00
VNINDEX,1D,2017-04-21,1492740000,712.77,715.08,711.08,712.41,132811530,1,dnse,2026-09-21T07:14:24.587974+00:00
VNINDEX,1D,2017-04-24,1492999200,711.6,712.77,709.39,709.39,129826020,1,dnse,2026-09-21T07:14:24.587974+00:00
VNINDEX,1D,2017-04-25,1493085600,709.0,709.81,706.04,707.58,117943390,1,dnse,2026-09-21T07:14:24.587974+00:00
VNINDEX,1D,2017-04-26,1493172000,706.36,710.04,706.32,710.04,134367260,1,dnse,2026-09-21T07:14:24.587974+00:00
VNINDEX,1D,2017-04-27,1493258400,711.74,716.53,711.38,716.53,163516320,1,dnse,2026-09-21T07:14:24.587974+00:00
VNINDEX,1D,2017-04-28,1493344800,715.9,717.73,713.83,717.73,175317340,1,dnse,2026-09-21T07:14:24.587974+00:00
VNINDEX,1D,2017-05-03,1493776800,718.7,719.54,716.66,719.54,169302120,1,dnse,2026-09-21T07:14:24.587974+00:00
VNINDEX,1D,2017-05-04,1493863200,717.98,723.22,717.98,722.02,199862840,1,dnse,2026-09-21T07:14:24.587974+00:00
VNINDEX,1D,2017-05-05,1493949600,720.0,722.0,720.0,720.0,179559888,1,dnse,2026-09-21T07:14:24.587974+00:00
VNINDEX,1D,2017-05-08,1494208800,720.61,720.61,717.98,718.86,200765930,1,dnse,2026-09-21T07:14:24.587974+00:00
VNINDEX,1D,2017-05-09,1494295200,718.86,722.11,716.95,722.11,208726890,1,dnse,2026-09-21T07:14:24.587974+00:00
VNINDEX,1D,2017-05-10,1494381600,721.94,727.52,721.81,724.31,207031480,1,dnse,2026-09-21T07:14:24.587974+00:00
VNINDEX,1D,2017-05-11,1494468000,724.84,726.82,723.39,724.99,184492830,1,dnse,2026-09-21T07:14:24.587974+00:00
VNINDEX,1D,2017-05-12,1494554400,724.63,726.4,724.41,725.37,175822670,1,dnse,2026-09-21T07:14:24.587974+00:00
VNINDEX,1D,2017-05-15,1494813600,725.25,726.19,723.18,725.35,225204780,1,dnse,2026-09-21T07:14:24.587974+00:00
VNINDEX,1D,2017-05-16,1494900000,725.84,727.86,725.03,725.03,283939360,1,dnse,2026-09-21T07:14:24.587974+00:00
VNINDEX,1D,2017-05-17,1494986400,724.01,727.63,722.81,727.2,198308760,1,dnse,2026-09-21T07:14:24.587974+00:00
VNINDEX,1D,2017-05-18,1495072800,727.2,729.0,723.8,726.99,207715300,1,dnse,2026-09-21T07:14:24.587974+00:00
VNINDEX,1D,2017-05-19,1495159200,727.61,733.82,726.79,733.82,206013150,1,dnse,2026-09-21T07:14:24.587974+00:00
VNINDEX,1D,2017-05-22,1495418400,738.63,746.87,738.63,744.1,239413730,1,dnse,2026-09-21T07:14:24.587974+00:00
VNINDEX,1D,2017-05-23,1495504800,744.32,746.18,740.28,740.93,259818180,1,dnse,2026-09-21T07:14:24.587974+00:00
VNINDEX,1D,2017-05-24,1495591200,739.91,744.27,737.3,742.74,199021090,1,dnse,2026-09-21T07:14:24.587974+00:00
VNINDEX,1D,2017-05-25,1495677600,744.24,746.48,740.89,741.91,192545970,1,dnse,2026-09-21T07:14:24.587974+00:00
VNINDEX,1D,2017-05-26,1495764000,741.4,743.46,740.6,743.41,182563920,1,dnse,2026-09-21T07:14:24.587974+00:00
VNINDEX,1D,2017-05-29,1496023200,746.08,748.06,745.31,746.25,238391340,1,dnse,2026-09-21T07:14:24.587974+00:00
VNINDEX,1D,2017-05-30,1496109600,747.07,747.43,738.21,738.21,243929050,1,dnse,2026-09-21T07:14:24.587974+00:00
VNINDEX,1D,2017-05-31,1496196000,739.0,742.0,735.0,738.0,186925616,1,dnse,2026-09-21T07:14:24.587974+00:00
VNINDEX,1D,2017-06-01,1496282400,739.45,742.23,737.82,741.8,136773790,1,dnse,2026-09-21T07:14:24.587974+00:00
VNINDEX,1D,2017-06-02,1496368800,741.48,742.11,736.09,738.81,158389700,1,dnse,2026-09-21T07:14:24.587974+00:00
VNINDEX,1D,2017-06-05,1496628000,739.13,745.14,738.35,743.49,157936290,1,dnse,2026-09-21T07:14:24.587974+00:00
VNINDEX,1D,2017-06-06,1496714400,743.99,751.31,743.49,751.31,170947990,1,dnse,2026-09-21T07:14:24.587974+00:00
VNINDEX,1D,2017-06-07,1496800800,752.75,754.92,751.31,753.46,192345690,1,dnse,2026-09-21T07:14:24.587974+00:00
VNINDEX,1D,2017-06-08,1496887200,751.7,753.46,748.91,750.13,177252320,1,dnse,2026-09-21T07:14:24.587974+00:00
VNINDEX,1D,2017-06-09,1496973600,749.46,752.01,749.04,749.72,170501090,1,dnse,2026-09-21T07:14:24.587974+00:00
VNINDEX,1D,2017-06-12,1497232800,751.33,753.41,749.0,751.09,168761640,1,dnse,2026-09-21T07:14:24.587974+00:00
VNINDEX,1D,2017-06-13,1497319200,751.09,756.89,750.1,756.89,161472560,1,dnse,2026-09-21T07:14:24.587974+00:00
VNINDEX,1D,2017-06-14,1497405600,758.26,761.7,756.82,760.77,171867720,1,dnse,2026-09-21T07:14:24.587974+00:00
VNINDEX,1D,2017-06-15,1497492000,760.38,762.98,758.17,760.57,167145290,1,dnse,2026-09-21T07:14:24.587974+00:00
VNINDEX,1D,2017-06-16,1497578400,761.75,762.43,759.98,761.24,197513460,1,dnse,2026-09-21T07:14:24.587974+00:00
VNINDEX,1D,2017-06-19,1497837600,763.75,766.83,761.24,766.83,178804100,1,dnse,2026-09-21T07:14:24.587974+00:00
VNINDEX,1D,2017-06-20,1497924000,767.59,768.29,764.42,767.99,174082870,1,dnse,2026-09-21T07:14:24.587974+00:00
VNINDEX,1D,2017-06-21,1498010400,765.71,767.99,758.9,767.41,192993090,1,dnse,2026-09-21T07:14:24.587974+00:00
VNINDEX,1D,2017-06-22,1498096800,768.41,769.99,766.3,766.3,195187930,1,dnse,2026-09-21T07:14:24.587974+00:00
VNINDEX,1D,2017-06-23,1498183200,765.66,769.01,763.64,769.01,212981550,1,dnse,2026-09-21T07:14:24.587974+00:00
VNINDEX,1D,2017-06-26,1498442400,770.5,773.14,769.01,772.52,212474720,1,dnse,2026-09-21T07:14:24.587974+00:00
VNINDEX,1D,2017-06-27,1498528800,773.15,773.4,767.19,767.51,217431160,1,dnse,2026-09-21T07:14:24.587974+00:00
VNINDEX,1D,2017-06-28,1498615200,766.82,769.04,762.78,769.04,183664140,1,dnse,2026-09-21T07:14:24.587974+00:00
VNINDEX,1D,2017-06-29,1498701600,771.26,773.08,769.04,771.75,198168950,1,dnse,2026-09-21T07:14:24.587974+00:00
VNINDEX,1D,2017-06-30,1498788000,773.0,776.0,773.0,776.0,174259024,1,dnse,2026-09-21T07:14:24.587974+00:00
VNINDEX,1D,2017-07-03,1499047200,777.2,780.01,775.53,778.88,184646110,1,dnse,2026-09-21T07:14:24.587974+00:00
VNINDEX,1D,2017-07-04,1499133600,779.15,779.15,772.9,775.54,210154270,1,dnse,2026-09-21T07:14:24.587974+00:00
VNINDEX,1D,2017-07-05,1499220000,775.85,778.32,773.81,778.32,202611490,1,dnse,2026-09-21T07:14:24.587974+00:00
VNINDEX,1D,2017-07-06,1499306400,780.5,782.77,778.32,782.65,217291680,1,dnse,2026-09-21T07:14:24.587974+00:00
VNINDEX,1D,2017-07-07,1499392800,783.73,783.81,775.73,775.73,237199480,1,dnse,2026-09-21T07:14:24.587974+00:00
VNINDEX,1D,2017-07-10,1499652000,775.85,775.85,764.43,766.56,207350440,1,dnse,2026-09-21T07:14:24.587974+00:00
VNINDEX,1D,2017-07-11,1499738400,766.56,769.36,761.57,769.36,198964720,1,dnse,2026-09-21T07:14:24.587974+00:00
VNINDEX,1D,2017-07-12,1499824800,772.6,775.08,769.36,774.17,163777890,1,dnse,2026-09-21T07:14:24.587974+00:00
VNINDEX,1D,2017-07-13,1499911200,777.12,778.3,773.85,778.3,183216330,1,dnse,2026-09-21T07:14:24.587974+00:00
VNINDEX,1D,2017-07-14,1499997600,779.72,780.65,776.88,777.6,189794180,1,dnse,2026-09-21T07:14:24.587974+00:00
VNINDEX,1D,2017-07-17,1500256800,777.7,778.3,766.47,768.91,225823120,1,dnse,2026-09-21T07:14:24.587974+00:00
VNINDEX,1D,2017-07-18,1500343200,766.88,770.37,762.68,767.49,201070890,1,dnse,2026-09-21T07:14:24.587974+00:00
VNINDEX,1D,2017-07-19,1500429600,771.33,774.12,767.49,771.3,205221170,1,dnse,2026-09-21T07:14:24.587974+00:00
VNINDEX,1D,2017-07-20,1500516000,768.56,771.3,763.55,768.41,172385410,1,dnse,2026-09-21T07:14:24.587974+00:00
VNINDEX,1D,2017-07-21,1500602400,768.9,770.43,761.86,761.86,162474290,1,dnse,2026-09-21T07:14:24.587974+00:00
VNINDEX,1D,2017-07-24,1500861600,759.97,761.86,753.82,759.74,146939630,1,dnse,2026-09-21T07:14:24.587974+00:00
VNINDEX,1D,2017-07-25,1500948000,757.43,767.27,757.35,767.27,139582860,1,dnse,2026-09-21T07:14:24.587974+00:00
VNINDEX,1D,2017-07-26,1501034400,769.35,773.88,764.92,773.88,188632680,1,dnse,2026-09-21T07:14:24.587974+00:00
VNINDEX,1D,2017-07-27,1501120800,773.21,774.97,770.3,771.5,191436360,1,dnse,2026-09-21T07:14:24.587974+00:00
VNINDEX,1D,2017-07-28,1501207200,771.0,777.0,771.0,777.0,177186912,1,dnse,2026-09-21T07:14:24.587974+00:00
VNINDEX,1D,2017-07-31,1501466400,778.0,784.0,777.0,784.0,258874944,1,dnse,2026-09-21T07:14:24.587974+00:00
VNINDEX,1D,2017-08-01,1501552800,784.44,787.68,783.55,786.81,201082610,1,dnse,2026-09-21T07:14:24.587974+00:00
VNINDEX,1D,2017-08-02,1501639200,782.41,788.23,779.96,786.23,194673150,1,dnse,2026-09-21T07:14:24.587974+00:00
VNINDEX,1D,2017-08-03,1501725600,786.23,790.82,786.19,788.49,195378820,1,dnse,2026-09-21T07:14:24.587974+00:00
VNINDEX,1D,2017-08-04,1501812000,789.46,790.12,786.09,788.68,189688130,1,dnse,2026-09-21T07:14:24.587974+00:00
VNINDEX,1D,2017-08-07,1502071200,789.41,796.09,788.66,792.98,210236060,1,dnse,2026-09-21T07:14:24.587974+00:00
VNINDEX,1D,2017-08-08,1502157600,795.8,796.62,789.84,791.57,213526640,1,dnse,2026-09-21T07:14:24.587974+00:00
VNINDEX,1D,2017-08-09,1502244000,789.15,791.57,773.66,773.66,292795000,1,dnse,2026-09-21T07:14:24.587974+00:00
VNINDEX,1D,2017-08-10,1502330400,769.58,776.77,769.58,773.43,178275390,1,dnse,2026-09-21T07:14:24.587974+00:00
VNINDEX,1D,2017-08-11,1502416800,773.43,774.31,769.14,772.08,156752670,1,dnse,2026-09-21T07:14:24.587974+00:00
VNINDEX,1D,2017-08-14,1502676000,772.17,776.42,772.01,776.17,159668260,1,dnse,2026-09-21T07:14:24.587974+00:00
VNINDEX,1D,2017-08-15,1502762400,776.64,776.83,770.09,771.06,143870570,1,dnse,2026-09-21T07:14:24.587974+00:00
VNINDEX,1D,2017-08-16,1502848800,771.1,773.57,766.8,773.57,156131920,1,dnse,2026-09-21T07:14:24.587974+00:00
VNINDEX,1D,2017-08-17,1502935200,773.48,774.47,766.8,767.59,220817310,1,dnse,2026-09-21T07:14:24.587974+00:00
VNINDEX,1D,2017-08-18,1503021600,762.82,774.47,762.46,768.97,162337400,1,dnse,2026-09-21T07:14:24.587974+00:00
VNINDEX,1D,2017-08-21,1503280800,767.42,774.47,762.46,768.79,152284410,1,dnse,2026-09-21T07:14:24.587974+00:00
VNINDEX,1D,2017-08-22,1503367200,768.2,768.79,760.3,761.26,145570650,1,dnse,2026-09-21T07:14:24.587974+00:00
VNINDEX,1D,2017-08-23,1503453600,762.42,765.98,759.01,765.98,152531930,1,dnse,2026-09-21T07:14:24.587974+00:00
VNINDEX,1D,2017-08-24,1503540000,766.48,771.65,764.64,769.77,208905050,1,dnse,2026-09-21T07:14:24.587974+00:00
VNINDEX,1D,2017-08-25,1503626400,769.07,771.63,768.57,771.63,218265430,1,dnse,2026-09-21T07:14:24.587974+00:00
VNINDEX,1D,2017-08-28,1503885600,771.81,777.26,770.51,777.26,240572610,1,dnse,2026-09-21T07:14:24.587974+00:00
VNINDEX,1D,2017-08-29,1503972000,773.91,777.26,773.87,774.03,255981300,1,dnse,2026-09-21T07:14:24.587974+00:00
VNINDEX,1D,2017-08-30,1504058400,774.31,778.65,773.85,778.65,193496470,1,dnse,2026-09-21T07:14:24.587974+00:00
VNINDEX,1D,2017-08-31,1504144800,779.0,786.0,778.0,783.0,191640512,1,dnse,2026-09-21T07:14:24.587974+00:00
VNINDEX,1D,2017-09-01,1504231200,784.42,789.19,782.76,788.73,137914410,1,dnse,2026-09-21T07:14:24.587974+00:00
VNINDEX,1D,2017-09-05,1504576800,787.85,794.46,787.8,792.31,153091050,1,dnse,2026-09-21T07:14:24.587974+00:00
VNINDEX,1D,2017-09-06,1504663200,792.16,793.82,788.89,793.55,144147770,1,dnse,2026-09-21T07:14:24.587974+00:00
VNINDEX,1D,2017-09-07,1504749600,793.61,798.58,792.77,796.72,143540810,1,dnse,2026-09-21T07:14:24.587974+00:00
VNINDEX,1D,2017-09-08,1504836000,797.98,802.9,796.72,801.2,122071810,1,dnse,2026-09-21T07:14:24.587974+00:00
VNINDEX,1D,2017-09-11,1505095200,801.2,805.44,797.47,797.47,138929970,1,dnse,2026-09-21T07:14:24.587974+00:00
VNINDEX,1D,2017-09-12,1505181600,795.53,801.01,794.88,799.94,133449030,1,dnse,2026-09-21T07:14:24.587974+00:00
VNINDEX,1D,2017-09-13,1505268000,802.85,804.38,799.94,802.78,139692830,1,dnse,2026-09-21T07:14:24.587974+00:00
VNINDEX,1D,2017-09-14,1505354400,803.34,807.29,802.78,806.32,139352800,1,dnse,2026-09-21T07:14:24.587974+00:00
VNINDEX,1D,2017-09-15,1505440800,803.35,806.32,802.08,805.82,142760690,1,dnse,2026-09-21T07:14:24.587974+00:00
VNINDEX,1D,2017-09-18,1505700000,808.51,809.39,805.37,807.87,167579320,1,dnse,2026-09-21T07:14:24.587974+00:00
VNINDEX,1D,2017-09-19,1505786400,807.41,810.13,805.87,805.93,160487610,1,dnse,2026-09-21T07:14:24.587974+00:00
VNINDEX,1D,2017-09-20,1505872800,806.88,807.51,803.33,805.86,137443940,1,dnse,2026-09-21T07:14:24.587974+00:00
VNINDEX,1D,2017-09-21,1505959200,805.29,806.52,802.6,803.93,130767410,1,dnse,2026-09-21T07:14:24.587974+00:00
VNINDEX,1D,2017-09-22,1506045600,805.15,808.16,803.93,807.13,150381610,1,dnse,2026-09-21T07:14:24.587974+00:00
VNINDEX,1D,2017-09-25,1506304800,806.9,807.64,802.23,805.58,126085700,1,dnse,2026-09-21T07:14:24.587974+00:00
VNINDEX,1D,2017-09-26,1506391200,806.4,806.84,801.66,805.35,155559280,1,dnse,2026-09-21T07:14:24.587974+00:00
VNINDEX,1D,2017-09-27,1506477600,803.32,805.35,801.74,803.77,142029330,1,dnse,2026-09-21T07:14:24.587974+00:00
VNINDEX,1D,2017-09-28,1506564000,803.1,810.35,803.1,804.82,161949260,1,dnse,2026-09-21T07:14:24.587974+00:00
VNINDEX,1D,2017-09-29,1506650400,805.07,808.77,804.42,804.42,124224690,1,dnse,2026-09-21T07:14:24.587974+00:00
VNINDEX,1D,2017-10-02,1506909600,805.29,808.09,801.7,802.23,101196300,1,dnse,2026-09-21T07:14:24.587974+00:00
VNINDEX,1D,2017-10-03,1506996000,803.98,804.39,795.05,798.0,148218410,1,dnse,2026-09-21T07:14:24.587974+00:00
VNINDEX,1D,2017-10-04,1507082400,797.39,805.66,797.0,805.66,109372380,1,dnse,2026-09-21T07:14:24.587974+00:00
VNINDEX,1D,2017-10-05,1507168800,806.56,810.54,805.22,805.23,139251920,1,dnse,2026-09-21T07:14:24.587974+00:00
VNINDEX,1D,2017-10-06,1507255200,805.7,808.13,803.81,807.8,119935950,1,dnse,2026-09-21T07:14:24.587974+00:00
VNINDEX,1D,2017-10-09,1507514400,809.61,810.75,806.78,808.96,129146140,1,dnse,2026-09-21T07:14:24.587974+00:00
VNINDEX,1D,2017-10-10,1507600800,808.43,810.65,806.3,810.65,138184800,1,dnse,2026-09-21T07:14:24.587974+00:00
VNINDEX,1D,2017-10-11,1507687200,811.2,815.11,810.65,813.95,162513710,1,dnse,2026-09-21T07:14:24.587974+00:00
VNINDEX,1D,2017-10-12,1507773600,814.43,818.44,813.72,815.87,136859420,1,dnse,2026-09-21T07:14:24.587974+00:00
VNINDEX,1D,2017-10-13,1507860000,814.6,820.95,814.2,820.95,141204400,1,dnse,2026-09-21T07:14:24.587974+00:00
VNINDEX,1D,2017-10-16,1508119200,821.54,823.85,819.43,819.43,149580780,1,dnse,2026-09-21T07:14:24.587974+00:00
VNINDEX,1D,2017-10-17,1508205600,819.51,828.29,819.43,828.29,162264680,1,dnse,2026-09-21T07:14:24.587974+00:00
VNINDEX,1D,2017-10-18,1508292000,829.43,831.15,826.72,827.72,183002780,1,dnse,2026-09-21T07:14:24.587974+00:00
VNINDEX,1D,2017-10-19,1508378400,828.89,831.61,825.5,828.93,143640120,1,dnse,2026-09-21T07:14:24.587974+00:00
VNINDEX,1D,2017-10-20,1508464800,827.93,833.57,826.84,826.84,175594060,1,dnse,2026-09-21T07:14:24.587974+00:00
VNINDEX,1D,2017-10-23,1508724000,826.25,827.24,818.81,820.04,194440930,1,dnse,2026-09-21T07:14:24.587974+00:00
VNINDEX,1D,2017-10-24,1508810400,818.08,825.24,814.92,825.24,141570200,1,dnse,2026-09-21T07:14:24.587974+00:00
VNINDEX,1D,2017-10-25,1508896800,826.08,830.69,822.83,830.69,120610410,1,dnse,2026-09-21T07:14:24.587974+00:00
VNINDEX,1D,2017-10-26,1508983200,829.94,834.67,823.92,830.11,166974910,1,dnse,2026-09-21T07:14:24.587974+00:00
VNINDEX,1D,2017-10-27,1509069600,829.15,840.37,828.45,840.37,125941130,1,dnse,2026-09-21T07:14:24.587974+00:00
VNINDEX,1D,2017-10-30,1509328800,842.92,849.3,840.37,845.2,162129150,1,dnse,2026-09-21T07:14:24.587974+00:00
VNINDEX,1D,2017-10-31,1509415200,844.0,846.0,837.0,837.0,159926432,1,dnse,2026-09-21T07:14:24.587974+00:00
VNINDEX,1D,2017-11-01,1509501600,838.75,842.88,837.28,842.71,154993610,1,dnse,2026-09-21T07:14:24.587974+00:00
VNINDEX,1D,2017-11-02,1509588000,842.19,849.53,833.09,833.09,174440020,1,dnse,2026-09-21T07:14:24.587974+00:00
VNINDEX,1D,2017-11-03,1509674400,833.16,843.73,831.58,843.73,149701990,1,dnse,2026-09-21T07:14:24.587974+00:00
VNINDEX,1D,2017-11-06,1509933600,846.12,849.09,843.73,849.09,128405430,1,dnse,2026-09-21T07:14:24.587974+00:00
VNINDEX,1D,2017-11-07,1510020000,850.2,854.6,847.88,850.33,150836950,1,dnse,2026-09-21T07:14:24.587974+00:00
VNINDEX,1D,2017-11-08,1510106400,853.15,863.07,850.33,859.7,147296730,1,dnse,2026-09-21T07:14:24.587974+00:00
VNINDEX,1D,2017-11-09,1510192800,862.38,864.2,858.16,860.4,142874820,1,dnse,2026-09-21T07:14:24.587974+00:00
VNINDEX,1D,2017-11-10,1510279200,859.91,869.37,859.24,868.21,150463680,1,dnse,2026-09-21T07:14:24.587974+00:00
VNINDEX,1D,2017-11-13,1510538400,871.7,879.34,868.21,879.34,189223330,1,dnse,2026-09-21T07:14:24.587974+00:00
VNINDEX,1D,2017-11-14,1510624800,883.8,884.14,876.66,880.9,168957930,1,dnse,2026-09-21T07:14:24.587974+00:00
VNINDEX,1D,2017-11-15,1510711200,877.65,884.83,876.6,882.59,162193450,1,dnse,2026-09-21T07:14:24.587974+00:00
VNINDEX,1D,2017-11-16,1510797600,880.17,892.8,880.17,892.8,169624640,1,dnse,2026-09-21T07:14:24.587974+00:00
VNINDEX,1D,2017-11-17,1510884000,893.99,898.11,886.86,890.69,168088500,1,dnse,2026-09-21T07:14:24.587974+00:00
VNINDEX,1D,2017-11-20,1511143200,889.87,903.55,889.55,903.55,145015010,1,dnse,2026-09-21T07:14:24.587974+00:00
VNINDEX,1D,2017-11-21,1511229600,907.51,929.89,903.55,918.3,207576000,1,dnse,2026-09-21T07:14:24.587974+00:00
VNINDEX,1D,2017-11-22,1511316000,921.13,932.66,918.3,932.66,181455380,1,dnse,2026-09-21T07:14:24.587974+00:00
VNINDEX,1D,2017-11-23,1511402400,938.31,943.15,927.0,933.7,205435150,1,dnse,2026-09-21T07:14:24.587974+00:00
VNINDEX,1D,2017-11-24,1511488800,930.52,937.54,924.65,935.57,199758010,1,dnse,2026-09-21T07:14:24.587974+00:00
VNINDEX,1D,2017-11-27,1511748000,933.38,947.06,931.29,938.61,225989050,1,dnse,2026-09-21T07:14:24.587974+00:00
VNINDEX,1D,2017-11-28,1511834400,939.1,943.45,933.59,941.21,323706840,1,dnse,2026-09-21T07:14:24.587974+00:00
VNINDEX,1D,2017-11-29,1511920800,943.46,952.14,940.4,952.14,206121930,1,dnse,2026-09-21T07:14:24.587974+00:00
VNINDEX,1D,2017-11-30,1512007200,956.0,960.0,950.0,950.0,248899084,1,dnse,2026-09-21T07:14:24.587974+00:00
VNINDEX,1D,2017-12-01,1512093600,952.76,960.33,949.93,960.33,226657365,1,dnse,2026-09-21T07:14:24.587974+00:00
VNINDEX,1D,2017-12-04,1512352800,962.47,972.53,960.33,970.02,268885747,1,dnse,2026-09-21T07:14:24.587974+00:00
VNINDEX,1D,2017-12-05,1512439200,972.28,974.8,953.3,953.3,264801518,1,dnse,2026-09-21T07:14:24.587974+00:00
VNINDEX,1D,2017-12-06,1512525600,950.21,953.3,932.64,947.64,242816645,1,dnse,2026-09-21T07:14:24.587974+00:00
VNINDEX,1D,2017-12-07,1512612000,950.23,954.24,932.68,938.65,196211880,1,dnse,2026-09-21T07:14:24.587974+00:00
VNINDEX,1D,2017-12-08,1512698400,938.41,944.75,930.29,940.16,197176392,1,dnse,2026-09-21T07:14:24.587974+00:00
VNINDEX,1D,2017-12-11,1512957600,930.17,940.16,917.45,917.45,192083805,1,dnse,2026-09-21T07:14:24.587974+00:00
VNINDEX,1D,2017-12-12,1513044000,927.67,931.12,895.73,927.25,242792940,1,dnse,2026-09-21T07:14:24.587974+00:00
VNINDEX,1D,2017-12-13,1513130400,932.05,932.48,922.97,924.4,156111264,1,dnse,2026-09-21T07:14:24.587974+00:00
VNINDEX,1D,2017-12-14,1513216800,925.51,936.29,923.99,935.85,171631523,1,dnse,2026-09-21T07:14:24.587974+00:00
VNINDEX,1D,2017-12-15,1513303200,933.63,939.57,932.96,935.16,239195950,1,dnse,2026-09-21T07:14:24.587974+00:00
VNINDEX,1D,2017-12-18,1513562400,945.9,958.06,935.16,958.06,241021639,1,dnse,2026-09-21T07:14:24.587974+00:00
VNINDEX,1D,2017-12-19,1513648800,961.03,963.01,951.25,951.42,227911477,1,dnse,2026-09-21T07:14:24.587974+00:00
VNINDEX,1D,2017-12-20,1513735200,945.12,958.82,945.12,953.51,219329591,1,dnse,2026-09-21T07:14:24.587974+00:00
VNINDEX,1D,2017-12-21,1513821600,949.45,957.56,946.06,946.06,211332183,1,dnse,2026-09-21T07:14:24.587974+00:00
VNINDEX,1D,2017-12-22,1513908000,947.54,952.7,945.18,952.32,196376667,1,dnse,2026-09-21T07:14:24.587974+00:00
VNINDEX,1D,2017-12-25,1514167200,954.28,958.57,952.32,958.31,167211387,1,dnse,2026-09-21T07:14:24.587974+00:00
VNINDEX,1D,2017-12-26,1514253600,960.32,965.93,957.24,965.93,183593330,1,dnse,2026-09-21T07:14:24.587974+00:00
VNINDEX,1D,2017-12-27,1514340000,969.72,972.6,965.18,968.46,234640508,1,dnse,2026-09-21T07:14:24.587974+00:00
VNINDEX,1D,2017-12-28,1514426400,970.63,978.65,967.73,976.72,158614926,1,dnse,2026-09-21T07:14:24.587974+00:00
VNINDEX,1D,2017-12-29,1514512800,978.39,990.1,976.33,984.24,209960294,1,dnse,2026-09-21T07:14:24.587974+00:00
VNINDEX,1D,2018-01-02,1514858400,986.05,996.18,984.24,995.77,185285246,1,dnse,2026-09-21T07:14:24.587974+00:00
VNINDEX,1D,2018-01-03,1514944800,999.86,1010.21,995.77,1005.67,236216643,1,dnse,2026-09-21T07:14:24.587974+00:00
VNINDEX,1D,2018-01-04,1515031200,1009.37,1019.75,1005.67,1019.75,251786350,1,dnse,2026-09-21T07:14:24.587974+00:00
VNINDEX,1D,2018-01-05,1515117600,1020.34,1020.6,1010.65,1012.65,281983216,1,dnse,2026-09-21T07:14:24.587974+00:00
VNINDEX,1D,2018-01-08,1515376800,1011.36,1022.9,1004.89,1022.9,267791885,1,dnse,2026-09-21T07:14:24.587974+00:00
VNINDEX,1D,2018-01-09,1515463200,1027.14,1033.56,1017.86,1033.56,319153690,1,dnse,2026-09-21T07:14:24.587974+00:00
VNINDEX,1D,2018-01-10,1515549600,1034.64,1045.63,1033.01,1038.11,373999707,1,dnse,2026-09-21T07:14:24.587974+00:00
VNINDEX,1D,2018-01-11,1515636000,1037.03,1049.73,1031.13,1048.17,314031903,1,dnse,2026-09-21T07:14:24.587974+00:00
VNINDEX,1D,2018-01-12,1515722400,1050.17,1057.88,1046.38,1050.11,350740790,1,dnse,2026-09-21T07:14:24.587974+00:00
VNINDEX,1D,2018-01-15,1515981600,1049.91,1063.47,1043.15,1063.47,292119041,1,dnse,2026-09-21T07:14:24.587974+00:00
VNINDEX,1D,2018-01-16,1516068000,1059.36,1065.39,1052.43,1062.96,339774441,1,dnse,2026-09-21T07:14:24.587974+00:00
VNINDEX,1D,2018-01-17,1516154400,1061.98,1064.77,1034.69,1034.69,332192428,1,dnse,2026-09-21T07:14:24.587974+00:00
VNINDEX,1D,2018-01-18,1516240800,1028.76,1050.25,1020.01,1050.25,280976139,1,dnse,2026-09-21T07:14:24.587974+00:00
VNINDEX,1D,2018-01-19,1516327200,1054.33,1067.21,1050.25,1062.07,341857498,1,dnse,2026-09-21T07:14:24.587974+00:00
VNINDEX,1D,2018-01-22,1516586400,1066.86,1086.51,1062.07,1086.51,264693040,1,dnse,2026-09-21T07:14:24.587974+00:00
VNINDEX,1D,2018-01-25,1516845600,1098.44,1117.08,1087.42,1104.57,509401981,1,dnse,2026-09-21T07:14:24.587974+00:00
VNINDEX,1D,2018-01-26,1516932000,1122.55,1122.6,1103.06,1115.64,291674120,1,dnse,2026-09-21T07:14:24.587974+00:00
VNINDEX,1D,2018-01-29,1517191200,1121.78,1130.1,1109.8,1109.8,276156693,1,dnse,2026-09-21T07:14:24.587974+00:00
VNINDEX,1D,2018-01-30,1517277600,1099.98,1110.56,1092.44,1110.56,334896874,1,dnse,2026-09-21T07:14:24.587974+00:00
VNINDEX,1D,2018-01-31,1517364000,1112.23,1128.1,1104.98,1110.36,349952858,1,dnse,2026-09-21T07:14:24.587974+00:00
VNINDEX,1D,2018-02-01,1517450400,1111.74,1111.74,1090.25,1099.67,268030513,1,dnse,2026-09-21T07:14:24.587974+00:00
VNINDEX,1D,2018-02-02,1517536800,1098.66,1105.04,1091.1,1105.04,199521956,1,dnse,2026-09-21T07:14:24.587974+00:00
VNINDEX,1D,2018-02-05,1517796000,1089.62,1105.04,1048.71,1048.71,281148550,1,dnse,2026-09-21T07:14:24.587974+00:00
VNINDEX,1D,2018-02-06,1517882400,1026.08,1048.71,983.06,1011.6,480499989,1,dnse,2026-09-21T07:14:24.587974+00:00
VNINDEX,1D,2018-02-07,1517968800,1040.53,1048.54,1011.6,1040.55,240704851,1,dnse,2026-09-21T07:14:24.587974+00:00
VNINDEX,1D,2018-02-08,1518055200,1031.46,1040.55,1023.25,1023.25,180931944,1,dnse,2026-09-21T07:14:24.587974+00:00
VNINDEX,1D,2018-02-09,1518141600,991.09,1023.25,973.78,1003.94,241623614,1,dnse,2026-09-21T07:14:24.587974+00:00
VNINDEX,1D,2018-02-12,1518400800,1011.64,1041.79,1003.94,1041.79,170886474,1,dnse,2026-09-21T07:14:24.587974+00:00
VNINDEX,1D,2018-02-13,1518487200,1054.69,1060.48,1041.79,1059.73,173361750,1,dnse,2026-09-21T07:14:24.587974+00:00
VNINDEX,1D,2018-02-21,1519178400,1073.33,1092.65,1059.73,1087.15,177459756,1,dnse,2026-09-21T07:14:24.587974+00:00
VNINDEX,1D,2018-02-22,1519264800,1087.15,1091.62,1074.27,1076.03,200002940,1,dnse,2026-09-21T07:14:24.587974+00:00
VNINDEX,1D,2018-02-23,1519351200,1086.81,1102.85,1076.03,1102.85,188357393,1,dnse,2026-09-21T07:14:24.587974+00:00
VNINDEX,1D,2018-02-26,1519610400,1115.9,1127.57,1102.85,1114.53,233918266,1,dnse,2026-09-21T07:14:24.587974+00:00
VNINDEX,1D,2018-02-27,1519696800,1124.03,1124.03,1106.77,1119.61,196356343,1,dnse,2026-09-21T07:14:24.587974+00:00
VNINDEX,1D,2018-02-28,1519783200,1110.3,1129.89,1109.89,1124.87,232098170,1,dnse,2026-09-21T07:14:24.587974+00:00
VNINDEX,1D,2018-03-01,1519869600,1121.54,1128.38,1110.92,1115.79,226986330,1,dnse,2026-09-21T07:14:24.587974+00:00
VNINDEX,1D,2018-03-02,1519956000,1103.16,1121.91,1103.16,1121.21,209353770,1,dnse,2026-09-21T07:14:24.587974+00:00
VNINDEX,1D,2018-03-05,1520215200,1121.21,1132.69,1093.48,1093.48,277434132,1,dnse,2026-09-21T07:14:24.587974+00:00
VNINDEX,1D,2018-03-06,1520301600,1093.48,1120.29,1091.67,1120.29,234353472,1,dnse,2026-09-21T07:14:24.587974+00:00
VNINDEX,1D,2018-03-07,1520388000,1121.99,1126.67,1103.29,1112.26,278767365,1,dnse,2026-09-21T07:14:24.587974+00:00
VNINDEX,1D,2018-03-08,1520474400,1112.24,1126.35,1111.76,1124.15,198688740,1,dnse,2026-09-21T07:14:24.587974+00:00
VNINDEX,1D,2018-03-09,1520560800,1128.73,1135.02,1119.18,1123.41,217075064,1,dnse,2026-09-21T07:14:24.587974+00:00
VNINDEX,1D,2018-03-12,1520820000,1135.37,1135.48,1123.41,1126.29,244001635,1,dnse,2026-09-21T07:14:24.587974+00:00
VNINDEX,1D,2018-03-13,1520906400,1127.53,1133.31,1118.49,1133.31,232375857,1,dnse,2026-09-21T07:14:24.587974+00:00
VNINDEX,1D,2018-03-14,1520992800,1135.99,1142.88,1133.31,1138.09,249528409,1,dnse,2026-09-21T07:14:24.587974+00:00
VNINDEX,1D,2018-03-15,1521079200,1134.51,1140.74,1129.66,1138.76,231979932,1,dnse,2026-09-21T07:14:24.587974+00:00
VNINDEX,1D,2018-03-16,1521165600,1144.54,1152.52,1138.76,1150.19,307956277,1,dnse,2026-09-21T07:14:24.587974+00:00
VNINDEX,1D,2018-03-19,1521424800,1160.74,1165.63,1150.19,1159.22,271697781,1,dnse,2026-09-21T07:14:24.587974+00:00
VNINDEX,1D,2018-03-20,1521511200,1154.48,1166.33,1154.48,1159.39,213407755,1,dnse,2026-09-21T07:14:24.587974+00:00
VNINDEX,1D,2018-03-21,1521597600,1166.51,1172.31,1159.39,1169.36,235134524,1,dnse,2026-09-21T07:14:24.587974+00:00
VNINDEX,1D,2018-03-22,1521684000,1175.22,1180.44,1169.36,1172.36,232653039,1,dnse,2026-09-21T07:14:24.587974+00:00
VNINDEX,1D,2018-03-23,1521770400,1154.25,1172.36,1139.07,1153.59,261519280,1,dnse,2026-09-21T07:14:24.587974+00:00
VNINDEX,1D,2018-03-26,1522029600,1150.51,1176.95,1150.51,1171.22,211276764,1,dnse,2026-09-21T07:14:24.587974+00:00
VNINDEX,1D,2018-03-27,1522116000,1187.42,1187.42,1169.58,1171.73,237309392,1,dnse,2026-09-21T07:14:24.587974+00:00
VNINDEX,1D,2018-03-28,1522202400,1168.87,1179.18,1165.71,1172.24,208016445,1,dnse,2026-09-21T07:14:24.587974+00:00
VNINDEX,1D,2018-03-29,1522288800,1174.73,1176.45,1164.12,1167.03,184296348,1,dnse,2026-09-21T07:14:24.587974+00:00
VNINDEX,1D,2018-03-30,1522375200,1169.29,1175.36,1158.49,1174.46,204495993,1,dnse,2026-09-21T07:14:24.587974+00:00
VNINDEX,1D,2018-04-02,1522634400,1180.26,1196.61,1174.46,1196.61,244220760,1,dnse,2026-09-21T07:14:24.587974+00:00
VNINDEX,1D,2018-04-03,1522720800,1197.0,1199.93,1185.83,1188.29,254218487,1,dnse,2026-09-21T07:14:24.587974+00:00
VNINDEX,1D,2018-04-04,1522807200,1194.26,1200.71,1188.29,1191.54,237528440,1,dnse,2026-09-21T07:14:24.587974+00:00
VNINDEX,1D,2018-04-05,1522893600,1197.76,1199.15,1186.75,1193.17,240277929,1,dnse,2026-09-21T07:14:24.587974+00:00
VNINDEX,1D,2018-04-06,1522980000,1194.15,1202.59,1193.17,1199.96,249232629,1,dnse,2026-09-21T07:14:24.587974+00:00
VNINDEX,1D,2018-04-09,1523239200,1202.44,1207.45,1197.44,1204.33,250765345,1,dnse,2026-09-21T07:14:24.587974+00:00
VNINDEX,1D,2018-04-10,1523325600,1207.62,1211.34,1192.22,1198.12,286340013,1,dnse,2026-09-21T07:14:24.587974+00:00
VNINDEX,1D,2018-04-11,1523412000,1201.51,1202.46,1167.11,1167.11,285291272,1,dnse,2026-09-21T07:14:24.587974+00:00
VNINDEX,1D,2018-04-12,1523498400,1162.48,1173.02,1153.64,1173.02,179577087,1,dnse,2026-09-21T07:14:24.587974+00:00
VNINDEX,1D,2018-04-13,1523584800,1178.57,1181.52,1153.93,1157.14,195463355,1,dnse,2026-09-21T07:14:24.587974+00:00
VNINDEX,1D,2018-04-16,1523844000,1156.49,1159.45,1141.81,1148.49,196039797,1,dnse,2026-09-21T07:14:24.587974+00:00
VNINDEX,1D,2018-04-17,1523930400,1149.02,1156.7,1139.33,1153.28,174859690,1,dnse,2026-09-21T07:14:24.587974+00:00
VNINDEX,1D,2018-04-18,1524016800,1153.28,1160.32,1138.42,1138.53,171343406,1,dnse,2026-09-21T07:14:24.587974+00:00
VNINDEX,1D,2018-04-19,1524103200,1137.99,1138.53,1094.63,1094.63,203715723,1,dnse,2026-09-21T07:14:24.587974+00:00
VNINDEX,1D,2018-04-20,1524189600,1095.84,1119.86,1078.01,1119.86,214184308,1,dnse,2026-09-21T07:14:24.587974+00:00
VNINDEX,1D,2018-04-23,1524448800,1124.33,1127.24,1076.78,1076.78,217223209,1,dnse,2026-09-21T07:14:24.587974+00:00
VNINDEX,1D,2018-04-24,1524535200,1064.86,1084.89,1048.68,1080.74,186463040,1,dnse,2026-09-21T07:14:24.587974+00:00
VNINDEX,1D,2018-04-26,1524708000,1082.52,1082.52,1039.35,1044.86,207301570,1,dnse,2026-09-21T07:14:24.587974+00:00
VNINDEX,1D,2018-04-27,1524794400,1037.36,1054.94,1031.89,1050.26,190763045,1,dnse,2026-09-21T07:14:24.587974+00:00
VNINDEX,1D,2018-05-02,1525226400,1053.26,1053.52,1024.75,1029.08,182993306,1,dnse,2026-09-21T07:14:24.587974+00:00
VNINDEX,1D,2018-05-03,1525312800,1018.47,1029.08,1003.79,1026.46,201591155,1,dnse,2026-09-21T07:14:24.587974+00:00
VNINDEX,1D,2018-05-04,1525399200,1032.12,1037.02,1022.14,1026.8,161918676,1,dnse,2026-09-21T07:14:24.587974+00:00
VNINDEX,1D,2018-05-07,1525658400,1034.64,1062.26,1026.8,1062.26,151869045,1,dnse,2026-09-21T07:14:24.587974+00:00
VNINDEX,1D,2018-05-08,1525744800,1061.12,1072.28,1057.24,1060.45,169574634,1,dnse,2026-09-21T07:14:24.587974+00:00
VNINDEX,1D,2018-05-09,1525831200,1058.33,1069.8,1051.79,1056.97,158292418,1,dnse,2026-09-21T07:14:24.587974+00:00
VNINDEX,1D,2018-05-10,1525917600,1058.22,1059.34,1025.75,1028.87,203199633,1,dnse,2026-09-21T07:14:24.587974+00:00
VNINDEX,1D,2018-05-11,1526004000,1026.34,1044.85,1014.3,1044.85,133958801,1,dnse,2026-09-21T07:14:24.587974+00:00
VNINDEX,1D,2018-05-14,1526263200,1051.69,1066.98,1042.31,1066.98,135506471,1,dnse,2026-09-21T07:14:24.587974+00:00
VNINDEX,1D,2018-05-15,1526349600,1072.25,1084.2,1066.98,1073.5,157878759,1,dnse,2026-09-21T07:14:24.587974+00:00
VNINDEX,1D,2018-05-16,1526436000,1073.5,1073.5,1052.18,1054.62,147997272,1,dnse,2026-09-21T07:14:24.587974+00:00
VNINDEX,1D,2018-05-17,1526522400,1055.21,1057.84,1030.64,1030.64,129158125,1,dnse,2026-09-21T07:14:24.587974+00:00
VNINDEX,1D,2018-05-18,1526608800,1033.33,1040.84,1013.57,1040.54,407433870,1,dnse,2026-09-21T07:14:24.587974+00:00
VNINDEX,1D,2018-05-21,1526868000,1043.82,1043.82,1014.98,1014.98,121868402,1,dnse,2026-09-21T07:14:24.587974+00:00
VNINDEX,1D,2018-05-22,1526954400,1006.18,1015.97,976.73,985.91,180056246,1,dnse,2026-09-21T07:14:24.587974+00:00
VNINDEX,1D,2018-05-23,1527040800,974.8,995.25,965.92,988.94,178574430,1,dnse,2026-09-21T07:14:24.587974+00:00
VNINDEX,1D,2018-05-24,1527127200,992.24,995.82,974.14,985.92,128768319,1,dnse,2026-09-21T07:14:24.587974+00:00
VNINDEX,1D,2018-05-25,1527213600,981.47,987.56,963.9,963.9,147741595,1,dnse,2026-09-21T07:14:24.587974+00:00
VNINDEX,1D,2018-05-28,1527472800,938.86,963.9,927.47,931.75,218740970,1,dnse,2026-09-21T07:14:24.587974+00:00
VNINDEX,1D,2018-05-29,1527559200,925.89,958.96,916.0,952.18,181915261,1,dnse,2026-09-21T07:14:24.587974+00:00
VNINDEX,1D,2018-05-30,1527645600,953.41,953.41,932.26,948.5,145952094,1,dnse,2026-09-21T07:14:24.587974+00:00
VNINDEX,1D,2018-05-31,1527732000,948.0,976.0,945.0,971.0,181235486,1,dnse,2026-09-21T07:14:24.587974+00:00
VNINDEX,1D,2018-06-01,1527818400,973.67,995.06,971.25,992.87,203081880,1,dnse,2026-09-21T07:14:24.587974+00:00
VNINDEX,1D,2018-06-04,1528077600,994.48,1013.78,992.01,1013.78,165295600,1,dnse,2026-09-21T07:14:24.587974+00:00
VNINDEX,1D,2018-06-05,1528164000,1013.59,1025.26,1011.59,1022.74,211691644,1,dnse,2026-09-21T07:14:24.587974+00:00
VNINDEX,1D,2018-06-06,1528250400,1020.97,1034.5,1012.98,1034.5,161424647,1,dnse,2026-09-21T07:14:24.587974+00:00
VNINDEX,1D,2018-06-07,1528336800,1038.93,1043.71,1030.79,1036.69,172658090,1,dnse,2026-09-21T07:14:24.587974+00:00
VNINDEX,1D,2018-06-08,1528423200,1032.59,1039.07,1026.94,1039.01,147668723,1,dnse,2026-09-21T07:14:24.587974+00:00
VNINDEX,1D,2018-06-11,1528682400,1033.55,1045.6,1029.19,1039.02,184839827,1,dnse,2026-09-21T07:14:24.587974+00:00
VNINDEX,1D,2018-06-12,1528768800,1033.55,1039.02,1005.1,1020.76,210808586,1,dnse,2026-09-21T07:14:24.587974+00:00
VNINDEX,1D,2018-06-13,1528855200,1017.93,1030.53,1017.93,1030.53,114624850,1,dnse,2026-09-21T07:14:24.587974+00:00
VNINDEX,1D,2018-06-14,1528941600,1032.62,1033.32,1015.72,1015.72,164427113,1,dnse,2026-09-21T07:14:24.587974+00:00
VNINDEX,1D,2018-06-15,1529028000,1012.71,1018.95,1006.75,1016.51,164954583,1,dnse,2026-09-21T07:14:24.587974+00:00
VNINDEX,1D,2018-06-18,1529287200,1012.71,1018.98,986.88,987.34,180463847,1,dnse,2026-09-21T07:14:24.587974+00:00
VNINDEX,1D,2018-06-19,1529373600,972.38,987.34,941.57,962.16,250122410,1,dnse,2026-09-21T07:14:24.587974+00:00
VNINDEX,1D,2018-06-20,1529460000,957.37,980.95,955.61,980.95,153725275,1,dnse,2026-09-21T07:14:24.587974+00:00
VNINDEX,1D,2018-06-21,1529546400,979.57,980.95,966.28,969.4,115863417,1,dnse,2026-09-21T07:14:24.587974+00:00
VNINDEX,1D,2018-06-22,1529632800,963.89,983.57,959.91,983.17,131559518,1,dnse,2026-09-21T07:14:24.587974+00:00
VNINDEX,1D,2018-06-25,1529892000,997.34,997.34,983.17,990.52,141016443,1,dnse,2026-09-21T07:14:24.587974+00:00
VNINDEX,1D,2018-06-26,1529978400,977.78,990.52,970.75,983.02,163126785,1,dnse,2026-09-21T07:14:24.587974+00:00
VNINDEX,1D,2018-06-27,1530064800,981.44,984.46,968.91,968.91,178618950,1,dnse,2026-09-21T07:14:24.587974+00:00
VNINDEX,1D,2018-06-28,1530151200,964.76,976.12,954.46,957.35,157128230,1,dnse,2026-09-21T07:14:24.587974+00:00
VNINDEX,1D,2018-06-29,1530237600,955.64,962.93,950.48,960.78,140916713,1,dnse,2026-09-21T07:14:24.587974+00:00
VNINDEX,1D,2018-07-02,1530496800,955.18,960.78,932.66,947.15,167726624,1,dnse,2026-09-21T07:14:24.587974+00:00
VNINDEX,1D,2018-07-03,1530583200,945.87,947.15,906.01,906.01,179732904,1,dnse,2026-09-21T07:14:24.587974+00:00
VNINDEX,1D,2018-07-04,1530669600,904.34,914.99,890.83,914.99,127049129,1,dnse,2026-09-21T07:14:24.587974+00:00
VNINDEX,1D,2018-07-05,1530756000,914.48,921.85,892.67,899.4,140920025,1,dnse,2026-09-21T07:14:24.587974+00:00
VNINDEX,1D,2018-07-06,1530842400,895.7,921.75,891.92,917.51,158240265,1,dnse,2026-09-21T07:14:24.587974+00:00
VNINDEX,1D,2018-07-09,1531101600,922.72,929.5,915.12,915.12,118710016,1,dnse,2026-09-21T07:14:24.587974+00:00
VNINDEX,1D,2018-07-10,1531188000,919.44,921.96,911.12,911.12,117174556,1,dnse,2026-09-21T07:14:24.587974+00:00
VNINDEX,1D,2018-07-11,1531274400,898.08,911.12,885.09,893.16,156522188,1,dnse,2026-09-21T07:14:24.587974+00:00
VNINDEX,1D,2018-07-12,1531360800,891.21,905.72,884.75,898.51,112874757,1,dnse,2026-09-21T07:14:24.587974+00:00
VNINDEX,1D,2018-07-13,1531447200,904.8,912.53,898.51,909.72,138098938,1,dnse,2026-09-21T07:14:24.587974+00:00
VNINDEX,1D,2018-07-16,1531706400,914.22,917.63,905.27,911.11,135156960,1,dnse,2026-09-21T07:14:24.587974+00:00
VNINDEX,1D,2018-07-17,1531792800,905.32,921.27,902.02,921.27,154392244,1,dnse,2026-09-21T07:14:24.587974+00:00
VNINDEX,1D,2018-07-18,1531879200,926.14,942.39,921.27,942.39,222546269,1,dnse,2026-09-21T07:14:24.587974+00:00
VNINDEX,1D,2018-07-19,1531965600,942.39,947.07,939.58,943.97,198700532,1,dnse,2026-09-21T07:14:24.587974+00:00
VNINDEX,1D,2018-07-20,1532052000,938.83,943.97,930.26,933.39,200838301,1,dnse,2026-09-21T07:14:24.587974+00:00
VNINDEX,1D,2018-07-23,1532311200,931.52,949.14,930.25,936.74,205734655,1,dnse,2026-09-21T07:14:24.587974+00:00
VNINDEX,1D,2018-07-24,1532397600,938.66,939.07,926.3,934.08,202770685,1,dnse,2026-09-21T07:14:24.587974+00:00
VNINDEX,1D,2018-07-25,1532484000,936.57,938.33,927.58,927.58,230408100,1,dnse,2026-09-21T07:14:24.587974+00:00
VNINDEX,1D,2018-07-26,1532570400,928.96,930.32,920.99,930.16,195058620,1,dnse,2026-09-21T07:14:24.587974+00:00
VNINDEX,1D,2018-07-27,1532656800,933.21,937.23,928.82,935.52,177491888,1,dnse,2026-09-21T07:14:24.587974+00:00
VNINDEX,1D,2018-07-30,1532916000,940.76,949.73,935.52,949.73,192626276,1,dnse,2026-09-21T07:14:24.587974+00:00
VNINDEX,1D,2018-07-31,1533002400,949.0,959.0,947.0,956.0,246908451,1,dnse,2026-09-21T07:14:24.587974+00:00
VNINDEX,1D,2018-08-01,1533088800,957.35,960.05,949.89,952.77,200891252,1,dnse,2026-09-21T07:14:24.587974+00:00
VNINDEX,1D,2018-08-02,1533175200,952.75,953.55,942.39,953.55,211409737,1,dnse,2026-09-21T07:14:24.587974+00:00
VNINDEX,1D,2018-08-03,1533261600,957.92,966.1,953.55,959.6,195164993,1,dnse,2026-09-21T07:14:24.587974+00:00
VNINDEX,1D,2018-08-06,1533520800,960.12,962.99,955.42,960.23,229293851,1,dnse,2026-09-21T07:14:24.587974+00:00
VNINDEX,1D,2018-08-07,1533607200,957.7,962.02,953.71,956.79,160717400,1,dnse,2026-09-21T07:14:24.587974+00:00
VNINDEX,1D,2018-08-08,1533693600,958.31,966.27,956.79,966.27,154700118,1,dnse,2026-09-21T07:14:24.587974+00:00
VNINDEX,1D,2018-08-09,1533780000,968.57,972.52,963.5,963.5,167352924,1,dnse,2026-09-21T07:14:24.587974+00:00
VNINDEX,1D,2018-08-10,1533866400,955.04,968.47,955.04,968.47,184454472,1,dnse,2026-09-21T07:14:24.587974+00:00
VNINDEX,1D,2018-08-13,1534125600,966.46,978.04,963.41,978.04,212747577,1,dnse,2026-09-21T07:14:24.587974+00:00
VNINDEX,1D,2018-08-14,1534212000,979.66,981.42,974.47,978.27,176229010,1,dnse,2026-09-21T07:14:24.587974+00:00
VNINDEX,1D,2018-08-15,1534298400,980.93,982.0,961.37,961.37,188689694,1,dnse,2026-09-21T07:14:24.587974+00:00
VNINDEX,1D,2018-08-16,1534384800,952.83,964.28,947.09,964.28,173396294,1,dnse,2026-09-21T07:14:24.587974+00:00
VNINDEX,1D,2018-08-17,1534471200,971.4,975.52,964.28,968.88,150831609,1,dnse,2026-09-21T07:14:24.587974+00:00
VNINDEX,1D,2018-08-20,1534730400,970.81,973.57,966.46,969.62,180286277,1,dnse,2026-09-21T07:14:24.587974+00:00
VNINDEX,1D,2018-08-21,1534816800,968.46,979.21,968.45,979.21,200280740,1,dnse,2026-09-21T07:14:24.587974+00:00
VNINDEX,1D,2018-08-22,1534903200,979.21,986.36,979.21,982.15,203562362,1,dnse,2026-09-21T07:14:24.587974+00:00
VNINDEX,1D,2018-08-23,1534989600,984.12,989.45,982.15,987.36,146355918,1,dnse,2026-09-21T07:14:24.587974+00:00
VNINDEX,1D,2018-08-24,1535076000,985.49,989.21,982.88,987.05,179652082,1,dnse,2026-09-21T07:14:24.587974+00:00
VNINDEX,1D,2018-08-27,1535335200,990.77,994.54,987.05,991.92,187919315,1,dnse,2026-09-21T07:14:24.587974+00:00
VNINDEX,1D,2018-08-28,1535421600,991.92,995.29,989.81,995.19,174536524,1,dnse,2026-09-21T07:14:24.587974+00:00
VNINDEX,1D,2018-08-29,1535508000,994.96,995.19,987.47,988.17,175121172,1,dnse,2026-09-21T07:14:24.587974+00:00
VNINDEX,1D,2018-08-30,1535594400,987.62,998.07,983.43,998.07,185513008,1,dnse,2026-09-21T07:14:24.587974+00:00
VNINDEX,1D,2018-08-31,1535680800,999.0,1003.0,990.0,990.0,185616231,1,dnse,2026-09-21T07:14:24.587974+00:00
VNINDEX,1D,2018-09-04,1536026400,990.79,1003.06,975.94,975.94,185152779,1,dnse,2026-09-21T07:14:24.587974+00:00
VNINDEX,1D,2018-09-05,1536112800,975.05,978.78,964.8,968.44,180628274,1,dnse,2026-09-21T07:14:24.587974+00:00
VNINDEX,1D,2018-09-06,1536199200,968.37,970.84,957.99,958.19,158924428,1,dnse,2026-09-21T07:14:24.587974+00:00
VNINDEX,1D,2018-09-07,1536285600,955.5,968.9,955.5,968.9,169075540,1,dnse,2026-09-21T07:14:24.587974+00:00
VNINDEX,1D,2018-09-10,1536544800,969.74,974.59,968.19,970.34,188688028,1,dnse,2026-09-21T07:14:24.587974+00:00
VNINDEX,1D,2018-09-11,1536631200,968.41,985.06,967.92,985.06,192348822,1,dnse,2026-09-21T07:14:24.587974+00:00
VNINDEX,1D,2018-09-12,1536717600,990.0,994.83,985.06,987.01,181733720,1,dnse,2026-09-21T07:14:24.587974+00:00
VNINDEX,1D,2018-09-13,1536804000,987.48,992.96,985.06,987.95,171494235,1,dnse,2026-09-21T07:14:24.587974+00:00
VNINDEX,1D,2018-09-14,1536890400,987.95,995.55,987.95,991.34,174343506,1,dnse,2026-09-21T07:14:24.587974+00:00
VNINDEX,1D,2018-09-17,1537149600,991.03,993.83,987.02,987.61,164043388,1,dnse,2026-09-21T07:14:24.587974+00:00
VNINDEX,1D,2018-09-18,1537236000,983.43,993.49,981.89,993.49,196294194,1,dnse,2026-09-21T07:14:24.587974+00:00
VNINDEX,1D,2018-09-19,1537322400,998.65,1001.83,993.49,995.54,243632710,1,dnse,2026-09-21T07:14:24.587974+00:00
VNINDEX,1D,2018-09-20,1537408800,995.54,1004.74,995.54,1004.74,203998854,1,dnse,2026-09-21T07:14:24.587974+00:00
VNINDEX,1D,2018-09-21,1537495200,1006.25,1009.1,1000.39,1002.97,300727501,1,dnse,2026-09-21T07:14:24.587974+00:00
VNINDEX,1D,2018-09-24,1537754400,1008.06,1011.29,1002.97,1011.29,185767286,1,dnse,2026-09-21T07:14:24.587974+00:00
VNINDEX,1D,2018-09-25,1537840800,1011.84,1014.53,1008.67,1010.74,230156870,1,dnse,2026-09-21T07:14:24.587974+00:00
VNINDEX,1D,2018-09-26,1537927200,1008.93,1014.86,1007.44,1009.61,260171777,1,dnse,2026-09-21T07:14:24.587974+00:00
VNINDEX,1D,2018-09-27,1538013600,1012.57,1017.78,1009.61,1015.37,206513381,1,dnse,2026-09-21T07:14:24.587974+00:00
VNINDEX,1D,2018-09-28,1538100000,1019.34,1020.84,1015.37,1017.13,246584742,1,dnse,2026-09-21T07:14:24.587974+00:00
VNINDEX,1D,2018-10-01,1538359200,1020.11,1023.87,1012.88,1012.88,247451695,1,dnse,2026-09-21T07:14:24.587974+00:00
VNINDEX,1D,2018-10-02,1538445600,1014.26,1021.51,1012.88,1018.79,357523377,1,dnse,2026-09-21T07:14:24.587974+00:00
VNINDEX,1D,2018-10-03,1538532000,1021.08,1024.59,1016.47,1020.4,173693870,1,dnse,2026-09-21T07:14:24.587974+00:00
VNINDEX,1D,2018-10-04,1538618400,1024.68,1024.68,1020.4,1023.62,195870279,1,dnse,2026-09-21T07:14:24.587974+00:00
VNINDEX,1D,2018-10-05,1538704800,1020.21,1023.62,1008.39,1008.39,290602181,1,dnse,2026-09-21T07:14:24.587974+00:00
VNINDEX,1D,2018-10-08,1538964000,1003.31,1008.39,996.12,996.12,203814694,1,dnse,2026-09-21T07:14:24.587974+00:00
VNINDEX,1D,2018-10-09,1539050400,998.7,1001.87,996.12,996.19,201377001,1,dnse,2026-09-21T07:14:24.587974+00:00
VNINDEX,1D,2018-10-10,1539136800,998.66,999.62,991.22,993.96,189839089,1,dnse,2026-09-21T07:14:24.587974+00:00
VNINDEX,1D,2018-10-11,1539223200,972.21,993.96,938.83,945.89,352319651,1,dnse,2026-09-21T07:14:24.587974+00:00
VNINDEX,1D,2018-10-12,1539309600,939.2,970.08,933.35,970.08,227895049,1,dnse,2026-09-21T07:14:24.587974+00:00
VNINDEX,1D,2018-10-15,1539568800,968.8,970.08,951.64,951.64,143094536,1,dnse,2026-09-21T07:14:24.587974+00:00
VNINDEX,1D,2018-10-16,1539655200,950.36,963.69,950.36,963.37,147985519,1,dnse,2026-09-21T07:14:24.587974+00:00
VNINDEX,1D,2018-10-17,1539741600,973.14,975.27,963.37,971.6,151562133,1,dnse,2026-09-21T07:14:24.587974+00:00
VNINDEX,1D,2018-10-18,1539828000,968.93,971.6,962.68,963.47,145016530,1,dnse,2026-09-21T07:14:24.587974+00:00
VNINDEX,1D,2018-10-19,1539914400,949.94,963.47,945.83,958.36,152331388,1,dnse,2026-09-21T07:14:24.587974+00:00
VNINDEX,1D,2018-10-22,1540173600,958.36,963.79,953.51,953.51,147040376,1,dnse,2026-09-21T07:14:24.587974+00:00
VNINDEX,1D,2018-10-23,1540260000,950.12,953.51,925.38,939.68,200028798,1,dnse,2026-09-21T07:14:24.587974+00:00
VNINDEX,1D,2018-10-24,1540346400,935.25,939.68,922.73,922.73,148892679,1,dnse,2026-09-21T07:14:24.587974+00:00
VNINDEX,1D,2018-10-25,1540432800,902.59,922.73,885.34,910.17,175043582,1,dnse,2026-09-21T07:14:24.587974+00:00
VNINDEX,1D,2018-10-26,1540519200,918.11,918.16,900.82,900.82,156925397,1,dnse,2026-09-21T07:14:24.587974+00:00
VNINDEX,1D,2018-10-29,1540778400,895.05,900.82,884.92,888.82,138533198,1,dnse,2026-09-21T07:14:24.587974+00:00
VNINDEX,1D,2018-10-30,1540864800,881.32,894.8,880.85,888.69,132237292,1,dnse,2026-09-21T07:14:24.587974+00:00
VNINDEX,1D,2018-10-31,1540951200,894.0,915.0,894.0,915.0,191963108,1,dnse,2026-09-21T07:14:24.587974+00:00
VNINDEX,1D,2018-11-01,1541037600,915.52,918.84,888.69,907.96,177895187,1,dnse,2026-09-21T07:14:24.587974+00:00
VNINDEX,1D,2018-11-02,1541124000,911.35,927.62,888.69,924.86,221725408,1,dnse,2026-09-21T07:14:24.587974+00:00
VNINDEX,1D,2018-11-05,1541383200,920.87,925.53,915.77,925.53,133567755,1,dnse,2026-09-21T07:14:24.587974+00:00
VNINDEX,1D,2018-11-06,1541469600,931.0,931.27,921.93,922.05,136566101,1,dnse,2026-09-21T07:14:24.587974+00:00
VNINDEX,1D,2018-11-07,1541556000,922.03,924.6,915.41,922.16,141600460,1,dnse,2026-09-21T07:14:24.587974+00:00
VNINDEX,1D,2018-11-08,1541642400,928.69,932.86,922.16,926.28,143684863,1,dnse,2026-09-21T07:14:24.587974+00:00
VNINDEX,1D,2018-11-09,1541728800,921.11,926.28,914.29,914.29,147757465,1,dnse,2026-09-21T07:14:24.587974+00:00
VNINDEX,1D,2018-11-12,1541988000,909.36,918.99,903.95,918.12,122555330,1,dnse,2026-09-21T07:14:24.587974+00:00
VNINDEX,1D,2018-11-13,1542074400,904.35,918.12,903.48,907.99,169360048,1,dnse,2026-09-21T07:14:24.587974+00:00
VNINDEX,1D,2018-11-14,1542160800,904.16,910.58,898.83,900.93,139408658,1,dnse,2026-09-21T07:14:24.587974+00:00
VNINDEX,1D,2018-11-15,1542247200,901.13,903.83,892.5,897.15,161555072,1,dnse,2026-09-21T07:14:24.587974+00:00
VNINDEX,1D,2018-11-16,1542333600,901.44,903.21,894.14,898.19,157126898,1,dnse,2026-09-21T07:14:24.587974+00:00
VNINDEX,1D,2018-11-19,1542592800,902.65,916.06,898.19,916.06,144588987,1,dnse,2026-09-21T07:14:24.587974+00:00
VNINDEX,1D,2018-11-20,1542679200,909.76,919.02,909.76,919.02,156125230,1,dnse,2026-09-21T07:14:24.587974+00:00
VNINDEX,1D,2018-11-21,1542765600,909.83,922.56,907.47,922.56,146610520,1,dnse,2026-09-21T07:14:24.587974+00:00
VNINDEX,1D,2018-11-22,1542852000,924.93,926.15,922.02,924.42,149875295,1,dnse,2026-09-21T07:14:24.587974+00:00
VNINDEX,1D,2018-11-23,1542938400,923.91,925.59,916.87,917.97,132033586,1,dnse,2026-09-21T07:14:24.587974+00:00
VNINDEX,1D,2018-11-26,1543197600,915.67,921.96,914.43,921.03,116116834,1,dnse,2026-09-21T07:14:24.587974+00:00
VNINDEX,1D,2018-11-27,1543284000,925.31,930.37,921.03,923.12,150368352,1,dnse,2026-09-21T07:14:24.587974+00:00
VNINDEX,1D,2018-11-28,1543370400,922.29,930.2,922.18,930.2,134987965,1,dnse,2026-09-21T07:14:24.587974+00:00
VNINDEX,1D,2018-11-29,1543456800,934.88,937.75,926.79,926.79,130384860,1,dnse,2026-09-21T07:14:24.587974+00:00
VNINDEX,1D,2018-11-30,1543543200,924.0,929.0,921.0,927.0,157132486,1,dnse,2026-09-21T07:14:24.587974+00:00
VNINDEX,1D,2018-12-03,1543802400,937.7,951.59,926.54,951.59,207953614,1,dnse,2026-09-21T07:14:24.587974+00:00
VNINDEX,1D,2018-12-04,1543888800,952.97,960.44,950.89,958.84,226059356,1,dnse,2026-09-21T07:14:24.587974+00:00
VNINDEX,1D,2018-12-05,1543975200,950.34,960.87,946.97,957.14,210997662,1,dnse,2026-09-21T07:14:24.587974+00:00
VNINDEX,1D,2018-12-06,1544061600,957.14,959.58,948.44,954.82,177813093,1,dnse,2026-09-21T07:14:24.587974+00:00
VNINDEX,1D,2018-12-07,1544148000,956.49,962.39,954.82,958.59,189692360,1,dnse,2026-09-21T07:14:24.587974+00:00
VNINDEX,1D,2018-12-10,1544407200,955.06,958.59,951.5,955.89,212226558,1,dnse,2026-09-21T07:14:24.587974+00:00
VNINDEX,1D,2018-12-11,1544493600,955.93,957.97,949.4,954.58,179967157,1,dnse,2026-09-21T07:14:24.587974+00:00
VNINDEX,1D,2018-12-12,1544580000,956.32,961.28,954.58,961.28,219546035,1,dnse,2026-09-21T07:14:24.587974+00:00
VNINDEX,1D,2018-12-13,1544666400,961.28,966.83,960.1,960.25,171323065,1,dnse,2026-09-21T07:14:24.587974+00:00
VNINDEX,1D,2018-12-14,1544752800,958.78,960.25,951.04,952.04,198998891,1,dnse,2026-09-21T07:14:24.587974+00:00
VNINDEX,1D,2018-12-17,1545012000,948.09,952.04,933.65,933.65,252994398,1,dnse,2026-09-21T07:14:24.587974+00:00
VNINDEX,1D,2018-12-18,1545098400,933.65,933.65,917.03,927.25,174016610,1,dnse,2026-09-21T07:14:24.587974+00:00
VNINDEX,1D,2018-12-19,1545184800,926.35,927.25,914.66,919.24,183236264,1,dnse,2026-09-21T07:14:24.587974+00:00
VNINDEX,1D,2018-12-20,1545271200,915.5,921.79,914.18,918.24,142881083,1,dnse,2026-09-21T07:14:24.587974+00:00
VNINDEX,1D,2018-12-21,1545357600,911.57,918.24,907.88,912.26,194021404,1,dnse,2026-09-21T07:14:24.587974+00:00
VNINDEX,1D,2018-12-24,1545616800,912.9,916.41,908.56,908.56,153635310,1,dnse,2026-09-21T07:14:24.587974+00:00
VNINDEX,1D,2018-12-25,1545703200,893.53,908.56,882.17,897.94,245577359,1,dnse,2026-09-21T07:14:24.587974+00:00
VNINDEX,1D,2018-12-26,1545789600,896.63,899.49,890.86,891.75,137428936,1,dnse,2026-09-21T07:14:24.587974+00:00
VNINDEX,1D,2018-12-27,1545876000,904.8,918.24,882.17,900.81,150229157,1,dnse,2026-09-21T07:14:24.587974+00:00
VNINDEX,1D,2018-12-28,1545962400,903.79,906.63,891.75,892.54,174430626,1,dnse,2026-09-21T07:14:24.587974+00:00
VNINDEX,1D,2019-01-02,1546394400,903.79,906.63,891.1,891.75,106682750,1,dnse,2026-09-21T07:14:24.587974+00:00
VNINDEX,1D,2019-01-03,1546480800,889.78,892.21,872.12,878.22,151816745,1,dnse,2026-09-21T07:14:24.587974+00:00
VNINDEX,1D,2019-01-04,1546567200,872.69,881.48,861.85,880.9,133182976,1,dnse,2026-09-21T07:14:24.587974+00:00
VNINDEX,1D,2019-01-07,1546826400,890.47,896.63,880.9,889.64,125858999,1,dnse,2026-09-21T07:14:24.587974+00:00
VNINDEX,1D,2019-01-08,1546912800,891.37,891.87,883.67,887.44,107002355,1,dnse,2026-09-21T07:14:24.587974+00:00
VNINDEX,1D,2019-01-09,1546999200,890.26,897.25,887.44,896.99,158483147,1,dnse,2026-09-21T07:14:24.587974+00:00
VNINDEX,1D,2019-01-10,1547085600,897.85,899.47,895.17,898.3,129343689,1,dnse,2026-09-21T07:14:24.587974+00:00
VNINDEX,1D,2019-01-11,1547172000,899.1,904.37,898.3,902.71,129890920,1,dnse,2026-09-21T07:14:24.587974+00:00
VNINDEX,1D,2019-01-14,1547431200,903.83,903.83,897.18,901.8,142411021,1,dnse,2026-09-21T07:14:24.587974+00:00
VNINDEX,1D,2019-01-15,1547517600,901.21,909.68,898.92,909.68,124839735,1,dnse,2026-09-21T07:14:24.587974+00:00
VNINDEX,1D,2019-01-16,1547604000,911.32,912.48,906.39,908.7,161988751,1,dnse,2026-09-21T07:14:24.587974+00:00
VNINDEX,1D,2019-01-17,1547690400,908.48,909.06,901.89,901.89,132314850,1,dnse,2026-09-21T07:14:24.587974+00:00
VNINDEX,1D,2019-01-18,1547776800,902.7,906.35,900.64,902.3,139195280,1,dnse,2026-09-21T07:14:24.587974+00:00
VNINDEX,1D,2019-01-21,1548036000,905.25,911.74,902.3,911.05,164353539,1,dnse,2026-09-21T07:14:24.587974+00:00
VNINDEX,1D,2019-01-22,1548122400,912.73,913.37,906.55,906.55,150899563,1,dnse,2026-09-21T07:14:24.587974+00:00
VNINDEX,1D,2019-01-23,1548208800,905.73,910.12,905.12,908.02,127437780,1,dnse,2026-09-21T07:14:24.587974+00:00
VNINDEX,1D,2019-01-24,1548295200,908.56,910.59,906.59,908.79,109636847,1,dnse,2026-09-21T07:14:24.587974+00:00
VNINDEX,1D,2019-01-25,1548381600,908.86,911.59,907.96,908.88,115786522,1,dnse,2026-09-21T07:14:24.587974+00:00
VNINDEX,1D,2019-01-28,1548640800,912.53,913.43,908.88,912.18,125508675,1,dnse,2026-09-21T07:14:24.587974+00:00
VNINDEX,1D,2019-01-29,1548727200,913.67,915.93,907.09,915.93,119199720,1,dnse,2026-09-21T07:14:24.587974+00:00
VNINDEX,1D,2019-01-30,1548813600,914.08,917.8,913.48,915.84,132760608,1,dnse,2026-09-21T07:14:24.587974+00:00
VNINDEX,1D,2019-01-31,1548900000,919.51,920.36,910.38,910.65,135611470,1,dnse,2026-09-21T07:14:24.587974+00:00
VNINDEX,1D,2019-02-01,1548986400,911.98,912.81,907.52,908.67,137066092,1,dnse,2026-09-21T07:14:24.587974+00:00
VNINDEX,1D,2019-02-11,1549850400,916.98,926.1,908.67,926.1,123347865,1,dnse,2026-09-21T07:14:24.587974+00:00
VNINDEX,1D,2019-02-12,1549936800,930.37,938.64,926.1,937.54,186256419,1,dnse,2026-09-21T07:14:24.587974+00:00
VNINDEX,1D,2019-02-13,1550023200,937.61,945.25,937.34,945.25,212897526,1,dnse,2026-09-21T07:14:24.587974+00:00
VNINDEX,1D,2019-02-14,1550109600,946.21,953.66,945.25,952.34,179699603,1,dnse,2026-09-21T07:14:24.587974+00:00
VNINDEX,1D,2019-02-15,1550196000,951.9,955.4,948.26,950.89,157626720,1,dnse,2026-09-21T07:14:24.587974+00:00
VNINDEX,1D,2019-02-18,1550455200,954.85,961.3,950.89,961.3,193399548,1,dnse,2026-09-21T07:14:24.587974+00:00
VNINDEX,1D,2019-02-19,1550541600,962.84,971.92,961.3,964.35,228333540,1,dnse,2026-09-21T07:14:24.587974+00:00
VNINDEX,1D,2019-02-20,1550628000,964.37,972.75,964.35,970.58,169541615,1,dnse,2026-09-21T07:14:24.587974+00:00
VNINDEX,1D,2019-02-21,1550714400,972.82,987.57,970.31,987.57,176856625,1,dnse,2026-09-21T07:14:24.587974+00:00
VNINDEX,1D,2019-02-22,1550800800,983.99,993.05,982.86,988.91,212577729,1,dnse,2026-09-21T07:14:24.587974+00:00
VNINDEX,1D,2019-02-25,1551060000,996.06,999.9,988.91,994.43,225671802,1,dnse,2026-09-21T07:14:24.587974+00:00
VNINDEX,1D,2019-02-26,1551146400,991.63,996.44,979.24,987.06,250091695,1,dnse,2026-09-21T07:14:24.587974+00:00
VNINDEX,1D,2019-02-27,1551232800,990.06,994.46,987.06,990.27,256596694,1,dnse,2026-09-21T07:14:24.587974+00:00
VNINDEX,1D,2019-02-28,1551319200,989.84,990.27,965.47,965.47,222642380,1,dnse,2026-09-21T07:14:24.587974+00:00
VNINDEX,1D,2019-03-01,1551405600,971.05,980.82,965.47,979.63,166417455,1,dnse,2026-09-21T07:14:24.587974+00:00
VNINDEX,1D,2019-03-04,1551664800,983.5,994.46,979.63,993.99,234389447,1,dnse,2026-09-21T07:14:24.587974+00:00
VNINDEX,1D,2019-03-05,1551751200,990.08,1000.25,987.92,992.45,295958096,1,dnse,2026-09-21T07:14:24.587974+00:00
VNINDEX,1D,2019-03-06,1551837600,993.01,994.49,985.51,994.49,244821252,1,dnse,2026-09-21T07:14:24.587974+00:00
VNINDEX,1D,2019-03-07,1551924000,995.65,1004.55,994.03,994.03,209715357,1,dnse,2026-09-21T07:14:24.587974+00:00
VNINDEX,1D,2019-03-08,1552010400,987.89,994.03,984.48,985.25,201224801,1,dnse,2026-09-21T07:14:24.587974+00:00
VNINDEX,1D,2019-03-11,1552269600,982.94,987.11,981.34,984.6,177480784,1,dnse,2026-09-21T07:14:24.587974+00:00
VNINDEX,1D,2019-03-12,1552356000,991.14,1001.32,984.6,1001.32,206006519,1,dnse,2026-09-21T07:14:24.587974+00:00
VNINDEX,1D,2019-03-13,1552442400,1003.75,1009.77,1001.32,1005.41,227617946,1,dnse,2026-09-21T07:14:24.587974+00:00
VNINDEX,1D,2019-03-14,1552528800,1006.37,1011.39,1002.09,1009.56,198409806,1,dnse,2026-09-21T07:14:24.587974+00:00
VNINDEX,1D,2019-03-15,1552615200,1008.44,1008.44,1001.1,1004.12,248704934,1,dnse,2026-09-21T07:14:24.587974+00:00
VNINDEX,1D,2019-03-18,1552874400,1004.12,1013.29,1004.12,1011.86,229852143,1,dnse,2026-09-21T07:14:24.587974+00:00
VNINDEX,1D,2019-03-19,1552960800,1013.75,1014.51,1004.22,1006.59,236096439,1,dnse,2026-09-21T07:14:24.587974+00:00
VNINDEX,1D,2019-03-20,1553047200,1002.86,1006.59,992.02,1002.3,299014177,1,dnse,2026-09-21T07:14:24.587974+00:00
VNINDEX,1D,2019-03-21,1553133600,1005.12,1006.37,981.78,981.78,199707625,1,dnse,2026-09-21T07:14:24.587974+00:00
VNINDEX,1D,2019-03-22,1553220000,984.9,990.07,981.3,988.71,205659684,1,dnse,2026-09-21T07:14:24.587974+00:00
VNINDEX,1D,2019-03-25,1553479200,976.53,988.71,964.76,970.07,244842502,1,dnse,2026-09-21T07:14:24.587974+00:00
VNINDEX,1D,2019-03-26,1553565600,970.07,978.99,966.9,969.79,174213657,1,dnse,2026-09-21T07:14:24.587974+00:00
VNINDEX,1D,2019-03-27,1553652000,976.67,979.32,969.79,975.91,159046085,1,dnse,2026-09-21T07:14:24.587974+00:00
VNINDEX,1D,2019-03-28,1553738400,973.44,983.18,972.6,982.98,216315637,1,dnse,2026-09-21T07:14:24.587974+00:00
VNINDEX,1D,2019-03-29,1553824800,985.35,988.24,980.76,980.76,172891815,1,dnse,2026-09-21T07:14:24.587974+00:00
VNINDEX,1D,2019-04-01,1554084000,980.76,988.53,980.76,988.53,187224494,1,dnse,2026-09-21T07:14:24.587974+00:00
VNINDEX,1D,2019-04-02,1554170400,994.87,996.41,985.48,985.81,234192667,1,dnse,2026-09-21T07:14:24.587974+00:00
VNINDEX,1D,2019-04-03,1554256800,984.74,985.81,980.3,984.46,216003555,1,dnse,2026-09-21T07:14:24.587974+00:00
VNINDEX,1D,2019-04-04,1554343200,987.47,989.08,982.94,986.91,164485802,1,dnse,2026-09-21T07:14:24.587974+00:00
VNINDEX,1D,2019-04-05,1554429600,986.91,990.38,986.39,989.26,188254636,1,dnse,2026-09-21T07:14:24.587974+00:00
VNINDEX,1D,2019-04-08,1554688800,989.26,997.56,989.26,997.56,162521095,1,dnse,2026-09-21T07:14:24.587974+00:00
VNINDEX,1D,2019-04-09,1554775200,999.89,1000.02,987.82,988.48,164248810,1,dnse,2026-09-21T07:14:24.587974+00:00
VNINDEX,1D,2019-04-10,1554861600,984.79,988.48,976.83,981.91,158980531,1,dnse,2026-09-21T07:14:24.587974+00:00
VNINDEX,1D,2019-04-11,1554948000,984.46,985.95,981.06,985.95,128944818,1,dnse,2026-09-21T07:14:24.587974+00:00
VNINDEX,1D,2019-04-12,1555034400,984.66,985.95,980.26,982.9,152276526,1,dnse,2026-09-21T07:14:24.587974+00:00
VNINDEX,1D,2019-04-16,1555380000,970.87,982.9,963.06,977.17,149053999,1,dnse,2026-09-21T07:14:24.587974+00:00
VNINDEX,1D,2019-04-17,1555466400,977.17,980.71,972.1,972.1,184885151,1,dnse,2026-09-21T07:14:24.587974+00:00
VNINDEX,1D,2019-04-18,1555552800,969.5,973.73,962.05,962.3,159608841,1,dnse,2026-09-21T07:14:24.587974+00:00
VNINDEX,1D,2019-04-19,1555639200,968.27,971.73,962.3,966.21,106479320,1,dnse,2026-09-21T07:14:24.587974+00:00
VNINDEX,1D,2019-04-22,1555898400,963.78,966.69,959.33,965.86,215473399,1,dnse,2026-09-21T07:14:24.587974+00:00
VNINDEX,1D,2019-04-23,1555984800,964.84,970.98,964.35,968.0,153493795,1,dnse,2026-09-21T07:14:24.587974+00:00
VNINDEX,1D,2019-04-24,1556071200,969.66,978.71,968.0,976.92,133175692,1,dnse,2026-09-21T07:14:24.587974+00:00
VNINDEX,1D,2019-04-25,1556157600,976.34,976.92,971.92,974.13,147906136,1,dnse,2026-09-21T07:14:24.587974+00:00
VNINDEX,1D,2019-04-26,1556244000,972.86,979.64,970.73,979.64,117149642,1,dnse,2026-09-21T07:14:24.587974+00:00
VNINDEX,1D,2019-05-02,1556762400,978.81,979.93,975.51,978.5,151745410,1,dnse,2026-09-21T07:14:24.587974+00:00
VNINDEX,1D,2019-05-03,1556848800,976.77,978.5,971.75,974.14,146562382,1,dnse,2026-09-21T07:14:24.587974+00:00
VNINDEX,1D,2019-05-06,1557108000,964.37,974.14,955.41,957.97,155066933,1,dnse,2026-09-21T07:14:24.587974+00:00
VNINDEX,1D,2019-05-07,1557194400,961.31,965.61,955.42,957.56,144928463,1,dnse,2026-09-21T07:14:24.587974+00:00
VNINDEX,1D,2019-05-08,1557280800,950.1,957.56,947.86,951.22,140800644,1,dnse,2026-09-21T07:14:24.587974+00:00
VNINDEX,1D,2019-05-09,1557367200,950.45,953.66,944.91,947.01,180972362,1,dnse,2026-09-21T07:14:24.587974+00:00
VNINDEX,1D,2019-05-10,1557453600,950.37,953.92,947.01,952.55,129335823,1,dnse,2026-09-21T07:14:24.587974+00:00
VNINDEX,1D,2019-05-13,1557712800,952.11,958.54,951.76,958.54,231514712,1,dnse,2026-09-21T07:14:24.587974+00:00
VNINDEX,1D,2019-05-14,1557799200,957.74,965.34,955.79,965.34,157304444,1,dnse,2026-09-21T07:14:24.587974+00:00
VNINDEX,1D,2019-05-15,1557885600,967.95,977.65,965.34,975.64,188191147,1,dnse,2026-09-21T07:14:24.587974+00:00
VNINDEX,1D,2019-05-16,1557972000,976.19,981.22,975.64,975.69,168976403,1,dnse,2026-09-21T07:14:24.587974+00:00
VNINDEX,1D,2019-05-17,1558058400,977.85,980.04,974.91,976.48,134342858,1,dnse,2026-09-21T07:14:24.587974+00:00
VNINDEX,1D,2019-05-20,1558317600,981.92,987.13,981.91,987.13,152486814,1,dnse,2026-09-21T07:14:24.587974+00:00
VNINDEX,1D,2019-05-21,1558404000,989.67,992.84,986.07,986.29,205946899,1,dnse,2026-09-21T07:14:24.587974+00:00
VNINDEX,1D,2019-05-22,1558490400,986.97,992.26,982.68,983.78,174063453,1,dnse,2026-09-21T07:14:24.587974+00:00
VNINDEX,1D,2019-05-23,1558576800,982.0,984.57,977.17,982.71,156484399,1,dnse,2026-09-21T07:14:24.587974+00:00
VNINDEX,1D,2019-05-24,1558663200,976.43,983.14,970.03,970.03,167702106,1,dnse,2026-09-21T07:14:24.587974+00:00
VNINDEX,1D,2019-05-27,1558922400,970.73,975.4,970.03,975.14,134734494,1,dnse,2026-09-21T07:14:24.587974+00:00
VNINDEX,1D,2019-05-28,1559008800,977.02,978.8,969.51,972.0,148496956,1,dnse,2026-09-21T07:14:24.587974+00:00
VNINDEX,1D,2019-05-29,1559095200,972.75,974.96,969.55,971.54,144346753,1,dnse,2026-09-21T07:14:24.587974+00:00
VNINDEX,1D,2019-05-30,1559181600,971.04,974.56,967.21,969.34,159714242,1,dnse,2026-09-21T07:14:24.587974+00:00
VNINDEX,1D,2019-05-31,1559268000,968.84,969.94,959.88,959.88,135008526,1,dnse,2026-09-21T07:14:24.587974+00:00
VNINDEX,1D,2019-06-03,1559527200,953.58,959.88,940.28,946.47,182611353,1,dnse,2026-09-21T07:14:24.587974+00:00
VNINDEX,1D,2019-06-04,1559613600,945.62,951.42,943.21,951.16,161793584,1,dnse,2026-09-21T07:14:24.587974+00:00
VNINDEX,1D,2019-06-05,1559700000,956.46,958.39,951.16,951.41,128713393,1,dnse,2026-09-21T07:14:24.587974+00:00
VNINDEX,1D,2019-06-06,1559786400,951.41,951.41,939.35,948.21,124463456,1,dnse,2026-09-21T07:14:24.587974+00:00
VNINDEX,1D,2019-06-07,1559872800,951.64,958.28,948.21,958.28,146284943,1,dnse,2026-09-21T07:14:24.587974+00:00
VNINDEX,1D,2019-06-10,1560132000,963.78,966.9,958.28,962.9,150537432,1,dnse,2026-09-21T07:14:24.587974+00:00
VNINDEX,1D,2019-06-11,1560218400,962.43,964.81,959.98,962.07,135833856,1,dnse,2026-09-21T07:14:24.587974+00:00
VNINDEX,1D,2019-06-12,1560304800,960.6,962.07,953.83,954.17,136003856,1,dnse,2026-09-21T07:14:24.587974+00:00
VNINDEX,1D,2019-06-13,1560391200,951.26,954.17,946.29,950.08,141785922,1,dnse,2026-09-21T07:14:24.587974+00:00
VNINDEX,1D,2019-06-14,1560477600,948.65,954.7,948.65,953.61,155287405,1,dnse,2026-09-21T07:14:24.587974+00:00
VNINDEX,1D,2019-06-17,1560736800,953.97,955.18,944.47,946.95,170366599,1,dnse,2026-09-21T07:14:24.587974+00:00
VNINDEX,1D,2019-06-18,1560823200,945.73,947.3,938.95,944.01,166070417,1,dnse,2026-09-21T07:14:24.587974+00:00
VNINDEX,1D,2019-06-19,1560909600,948.92,950.04,944.01,949.69,144712256,1,dnse,2026-09-21T07:14:24.587974+00:00
VNINDEX,1D,2019-06-20,1560996000,949.48,962.33,948.97,959.18,184248610,1,dnse,2026-09-21T07:14:24.587974+00:00
VNINDEX,1D,2019-06-21,1561082400,962.69,964.52,959.12,959.2,205444307,1,dnse,2026-09-21T07:14:24.587974+00:00
VNINDEX,1D,2019-06-24,1561341600,949.48,967.11,962.63,962.85,148779079,1,dnse,2026-09-21T07:14:24.587974+00:00
VNINDEX,1D,2019-06-25,1561428000,949.48,963.23,960.06,960.13,163270719,1,dnse,2026-09-21T07:14:24.587974+00:00
VNINDEX,1D,2019-06-26,1561514400,949.48,962.7,958.49,959.13,251407689,1,dnse,2026-09-21T07:14:24.587974+00:00
VNINDEX,1D,2019-06-27,1561600800,949.48,958.07,943.11,943.11,157565481,1,dnse,2026-09-21T07:14:24.587974+00:00
VNINDEX,1D,2019-06-28,1561687200,944.53,949.94,939.12,949.94,177873791,1,dnse,2026-09-21T07:14:24.587974+00:00
VNINDEX,1D,2019-07-01,1561946400,958.92,965.61,949.94,965.61,165483258,1,dnse,2026-09-21T07:14:24.587974+00:00
VNINDEX,1D,2019-07-02,1562032800,964.77,966.76,959.8,961.98,136683642,1,dnse,2026-09-21T07:14:24.587974+00:00
VNINDEX,1D,2019-07-03,1562119200,960.44,961.98,956.91,960.39,134141176,1,dnse,2026-09-21T07:14:24.587974+00:00
VNINDEX,1D,2019-07-04,1562205600,961.78,973.04,960.39,973.04,187407706,1,dnse,2026-09-21T07:14:24.587974+00:00
VNINDEX,1D,2019-07-05,1562292000,973.04,975.34,970.16,975.34,135907288,1,dnse,2026-09-21T07:14:24.587974+00:00
VNINDEX,1D,2019-07-08,1562551200,972.83,975.34,963.84,966.35,165044017,1,dnse,2026-09-21T07:14:24.587974+00:00
VNINDEX,1D,2019-07-09,1562637600,965.24,969.05,963.05,969.05,168394047,1,dnse,2026-09-21T07:14:24.587974+00:00
VNINDEX,1D,2019-07-10,1562724000,971.19,974.96,969.05,973.65,150128412,1,dnse,2026-09-21T07:14:24.587974+00:00
VNINDEX,1D,2019-07-11,1562810400,976.95,980.02,973.65,978.63,161255567,1,dnse,2026-09-21T07:14:24.587974+00:00
VNINDEX,1D,2019-07-12,1562896800,980.11,982.1,974.32,975.4,155757580,1,dnse,2026-09-21T07:14:24.587974+00:00
VNINDEX,1D,2019-07-15,1563156000,975.57,975.66,970.93,972.53,149099328,1,dnse,2026-09-21T07:14:24.587974+00:00
VNINDEX,1D,2019-07-16,1563242400,975.05,982.11,972.53,982.11,171316809,1,dnse,2026-09-21T07:14:24.587974+00:00
VNINDEX,1D,2019-07-17,1563328800,981.49,985.59,979.05,982.57,168994587,1,dnse,2026-09-21T07:14:24.587974+00:00
VNINDEX,1D,2019-07-18,1563415200,979.16,982.57,975.01,976.05,135555338,1,dnse,2026-09-21T07:14:24.587974+00:00
VNINDEX,1D,2019-07-19,1563501600,978.12,986.12,976.05,982.34,169739993,1,dnse,2026-09-21T07:14:24.587974+00:00
VNINDEX,1D,2019-07-22,1563760800,981.17,985.13,980.08,982.04,160382175,1,dnse,2026-09-21T07:14:24.587974+00:00
VNINDEX,1D,2019-07-23,1563847200,981.38,990.39,980.22,989.46,182614475,1,dnse,2026-09-21T07:14:24.587974+00:00
VNINDEX,1D,2019-07-24,1563933600,993.01,994.85,986.34,988.41,166474367,1,dnse,2026-09-21T07:14:24.587974+00:00
VNINDEX,1D,2019-07-25,1564020000,986.85,997.49,986.85,994.95,169770546,1,dnse,2026-09-21T07:14:24.587974+00:00
VNINDEX,1D,2019-07-26,1564106400,994.8,998.52,992.97,993.35,149897544,1,dnse,2026-09-21T07:14:24.587974+00:00
VNINDEX,1D,2019-07-29,1564365600,994.23,997.94,988.29,997.94,145948711,1,dnse,2026-09-21T07:14:24.587974+00:00
VNINDEX,1D,2019-07-30,1564452000,1001.46,1002.77,986.02,986.02,153040865,1,dnse,2026-09-21T07:14:24.587974+00:00
VNINDEX,1D,2019-07-31,1564538400,986.0,993.4,982.64,991.66,171661856,1,dnse,2026-09-21T07:14:24.587974+00:00
VNINDEX,1D,2019-08-01,1564624800,993.25,997.39,990.88,997.39,222057053,1,dnse,2026-09-21T07:14:24.587974+00:00
VNINDEX,1D,2019-08-02,1564711200,987.55,997.39,985.69,991.1,185842033,1,dnse,2026-09-21T07:14:24.587974+00:00
VNINDEX,1D,2019-08-05,1564970400,988.6,991.1,973.15,973.15,193827944,1,dnse,2026-09-21T07:14:24.587974+00:00
VNINDEX,1D,2019-08-06,1565056800,960.29,973.15,958.39,964.61,209831960,1,dnse,2026-09-21T07:14:24.587974+00:00
VNINDEX,1D,2019-08-07,1565143200,967.18,971.96,961.64,965.93,217532781,1,dnse,2026-09-21T07:14:24.587974+00:00
VNINDEX,1D,2019-08-08,1565229600,965.93,975.83,964.21,975.24,217819979,1,dnse,2026-09-21T07:14:24.587974+00:00
VNINDEX,1D,2019-08-09,1565316000,976.41,978.69,974.33,974.34,191457353,1,dnse,2026-09-21T07:14:24.587974+00:00
VNINDEX,1D,2019-08-12,1565575200,975.38,977.63,973.22,975.31,173678500,1,dnse,2026-09-21T07:14:24.587974+00:00
VNINDEX,1D,2019-08-13,1565661600,972.7,975.31,964.03,966.83,180847000,1,dnse,2026-09-21T07:14:24.587974+00:00
VNINDEX,1D,2019-08-14,1565748000,975.88,975.99,966.83,968.91,149839838,1,dnse,2026-09-21T07:14:24.587974+00:00
VNINDEX,1D,2019-08-15,1565834400,958.05,979.38,955.76,979.38,180329544,1,dnse,2026-09-21T07:14:24.587974+00:00
VNINDEX,1D,2019-08-16,1565920800,974.88,985.61,974.88,980.0,196738484,1,dnse,2026-09-21T07:14:24.587974+00:00
VNINDEX,1D,2019-08-19,1566180000,984.04,985.48,979.17,981.03,156542121,1,dnse,2026-09-21T07:14:24.587974+00:00
VNINDEX,1D,2019-08-20,1566266400,983.94,985.35,981.03,984.67,177266657,1,dnse,2026-09-21T07:14:24.587974+00:00
VNINDEX,1D,2019-08-21,1566352800,984.36,995.44,983.3,994.38,200449208,1,dnse,2026-09-21T07:14:24.587974+00:00
VNINDEX,1D,2019-08-22,1566439200,996.41,998.67,993.23,997.26,152296408,1,dnse,2026-09-21T07:14:24.587974+00:00
VNINDEX,1D,2019-08-23,1566525600,998.21,998.21,990.83,992.45,161728129,1,dnse,2026-09-21T07:14:24.587974+00:00
VNINDEX,1D,2019-08-26,1566784800,983.8,992.45,977.0,982.88,188560111,1,dnse,2026-09-21T07:14:24.587974+00:00
VNINDEX,1D,2019-08-27,1566871200,986.33,988.49,976.79,976.79,198871499,1,dnse,2026-09-21T07:14:24.587974+00:00
VNINDEX,1D,2019-08-28,1566957600,977.1,981.35,976.79,977.26,146072789,1,dnse,2026-09-21T07:14:24.587974+00:00
VNINDEX,1D,2019-08-29,1567044000,978.17,978.78,973.34,978.59,137077049,1,dnse,2026-09-21T07:14:24.587974+00:00
VNINDEX,1D,2019-08-30,1567130400,980.25,984.87,978.59,984.06,140758544,1,dnse,2026-09-21T07:14:24.587974+00:00
VNINDEX,1D,2019-09-03,1567476000,984.79,985.21,978.62,979.36,185027349,1,dnse,2026-09-21T07:14:24.587974+00:00
VNINDEX,1D,2019-09-04,1567562400,977.97,979.91,973.37,977.63,156515303,1,dnse,2026-09-21T07:14:24.587974+00:00
VNINDEX,1D,2019-09-05,1567648800,979.83,981.67,976.79,976.79,158849767,1,dnse,2026-09-21T07:14:24.587974+00:00
VNINDEX,1D,2019-09-06,1567735200,977.83,978.73,973.87,974.08,160481484,1,dnse,2026-09-21T07:14:24.587974+00:00
VNINDEX,1D,2019-09-09,1567994400,974.53,975.03,972.47,974.12,152251382,1,dnse,2026-09-21T07:14:24.587974+00:00
VNINDEX,1D,2019-09-10,1568080800,974.62,977.44,968.36,970.26,160350088,1,dnse,2026-09-21T07:14:24.587974+00:00
VNINDEX,1D,2019-09-11,1568167200,969.59,973.13,967.14,969.31,153374880,1,dnse,2026-09-21T07:14:24.587974+00:00
VNINDEX,1D,2019-09-12,1568253600,972.39,976.07,969.31,976.07,139801696,1,dnse,2026-09-21T07:14:24.587974+00:00
VNINDEX,1D,2019-09-13,1568340000,976.07,987.22,975.95,987.22,188000858,1,dnse,2026-09-21T07:14:24.587974+00:00
VNINDEX,1D,2019-09-16,1568599200,987.07,992.6,986.72,989.86,185759222,1,dnse,2026-09-21T07:14:24.587974+00:00
VNINDEX,1D,2019-09-17,1568685600,990.06,996.74,986.96,996.74,229745711,1,dnse,2026-09-21T07:14:24.587974+00:00
VNINDEX,1D,2019-09-18,1568772000,995.75,998.4,993.94,995.15,190094519,1,dnse,2026-09-21T07:14:24.587974+00:00
VNINDEX,1D,2019-09-19,1568858400,995.49,997.2,990.55,997.1,184955148,1,dnse,2026-09-21T07:14:24.587974+00:00
VNINDEX,1D,2019-09-20,1568944800,997.6,998.56,990.36,990.36,202660672,1,dnse,2026-09-21T07:14:24.587974+00:00
VNINDEX,1D,2019-09-23,1569204000,991.75,993.98,987.54,987.54,173375182,1,dnse,2026-09-21T07:14:24.587974+00:00
VNINDEX,1D,2019-09-24,1569290400,986.33,991.36,984.94,988.13,164121707,1,dnse,2026-09-21T07:14:24.587974+00:00
VNINDEX,1D,2019-09-25,1569376800,985.96,989.18,983.06,987.3,170628250,1,dnse,2026-09-21T07:14:24.587974+00:00
VNINDEX,1D,2019-09-26,1569463200,988.7,991.66,986.35,990.75,151611641,1,dnse,2026-09-21T07:14:24.587974+00:00
VNINDEX,1D,2019-09-27,1569549600,992.26,998.34,990.75,997.84,179468579,1,dnse,2026-09-21T07:14:24.587974+00:00
VNINDEX,1D,2019-09-30,1569808800,999.92,1004.17,996.51,996.56,175389041,1,dnse,2026-09-21T07:14:24.587974+00:00
VNINDEX,1D,2019-10-01,1569895200,997.87,999.72,996.2,999.59,209462141,1,dnse,2026-09-21T07:14:24.587974+00:00
VNINDEX,1D,2019-10-02,1569981600,999.18,1000.93,989.63,991.19,177738960,1,dnse,2026-09-21T07:14:24.587974+00:00
VNINDEX,1D,2019-10-03,1570068000,985.65,992.45,983.35,992.45,193011978,1,dnse,2026-09-21T07:14:24.587974+00:00
VNINDEX,1D,2019-10-04,1570154400,993.69,994.81,987.59,987.59,204268609,1,dnse,2026-09-21T07:14:24.587974+00:00
VNINDEX,1D,2019-10-07,1570413600,989.45,990.34,983.09,983.09,178681474,1,dnse,2026-09-21T07:14:24.587974+00:00
VNINDEX,1D,2019-10-08,1570500000,983.62,988.51,981.89,988.22,177370455,1,dnse,2026-09-21T07:14:24.587974+00:00
VNINDEX,1D,2019-10-09,1570586400,987.82,992.0,986.74,987.83,179531142,1,dnse,2026-09-21T07:14:24.587974+00:00
VNINDEX,1D,2019-10-10,1570672800,988.81,990.89,986.93,987.38,181920834,1,dnse,2026-09-21T07:14:24.587974+00:00
VNINDEX,1D,2019-10-11,1570759200,988.57,991.84,987.38,991.84,167306542,1,dnse,2026-09-21T07:14:24.587974+00:00
VNINDEX,1D,2019-10-14,1571018400,994.61,997.25,991.84,993.57,192663382,1,dnse,2026-09-21T07:14:24.587974+00:00
VNINDEX,1D,2019-10-15,1571104800,993.55,994.75,990.74,993.05,178255097,1,dnse,2026-09-21T07:14:24.587974+00:00
VNINDEX,1D,2019-10-16,1571191200,995.75,997.41,993.05,994.46,187508950,1,dnse,2026-09-21T07:14:24.587974+00:00
VNINDEX,1D,2019-10-17,1571277600,995.04,995.81,989.82,989.82,189958077,1,dnse,2026-09-21T07:14:24.587974+00:00
VNINDEX,1D,2019-10-18,1571364000,992.0,993.03,988.56,989.2,173360850,1,dnse,2026-09-21T07:14:24.587974+00:00
VNINDEX,1D,2019-10-21,1571623200,988.18,989.2,983.56,983.56,198718418,1,dnse,2026-09-21T07:14:24.587974+00:00
VNINDEX,1D,2019-10-22,1571709600,983.52,987.59,983.52,987.19,230549053,1,dnse,2026-09-21T07:14:24.587974+00:00
VNINDEX,1D,2019-10-23,1571796000,987.04,989.61,985.52,987.79,177569684,1,dnse,2026-09-21T07:14:24.587974+00:00
VNINDEX,1D,2019-10-24,1571882400,988.85,993.6,987.65,993.6,157889100,1,dnse,2026-09-21T07:14:24.587974+00:00
VNINDEX,1D,2019-10-25,1571968800,993.91,996.67,992.91,996.57,171679347,1,dnse,2026-09-21T07:14:24.587974+00:00
VNINDEX,1D,2019-10-28,1572228000,998.27,999.56,996.48,996.48,181708244,1,dnse,2026-09-21T07:14:24.587974+00:00
VNINDEX,1D,2019-10-29,1572314400,997.77,999.88,995.87,995.87,248717069,1,dnse,2026-09-21T07:14:24.587974+00:00
VNINDEX,1D,2019-10-30,1572400800,996.83,1003.4,994.86,1000.89,179789647,1,dnse,2026-09-21T07:14:24.587974+00:00
VNINDEX,1D,2019-10-31,1572487200,1000.89,1004.4,998.58,998.82,217977500,1,dnse,2026-09-21T07:14:24.587974+00:00
VNINDEX,1D,2019-11-01,1572573600,998.82,1015.88,998.82,1015.59,239818015,1,dnse,2026-09-21T07:14:24.587974+00:00
VNINDEX,1D,2019-11-04,1572832800,1019.0,1023.92,1015.59,1022.43,231717876,1,dnse,2026-09-21T07:14:24.587974+00:00
VNINDEX,1D,2019-11-05,1572919200,1022.77,1025.19,1021.63,1024.34,197745956,1,dnse,2026-09-21T07:14:24.587974+00:00
VNINDEX,1D,2019-11-06,1573005600,1023.43,1028.97,1023.42,1024.91,224304670,1,dnse,2026-09-21T07:14:24.587974+00:00
VNINDEX,1D,2019-11-07,1573092000,1023.49,1028.45,1022.61,1024.03,191501313,1,dnse,2026-09-21T07:14:24.587974+00:00
VNINDEX,1D,2019-11-08,1573178400,1026.98,1027.39,1021.11,1022.49,179615447,1,dnse,2026-09-21T07:14:24.587974+00:00
VNINDEX,1D,2019-11-11,1573437600,1023.32,1024.77,1016.35,1016.75,208975060,1,dnse,2026-09-21T07:14:24.587974+00:00
VNINDEX,1D,2019-11-12,1573524000,1016.97,1021.84,1015.97,1018.33,219974046,1,dnse,2026-09-21T07:14:24.587974+00:00
VNINDEX,1D,2019-11-13,1573610400,1019.07,1020.09,1010.8,1012.77,285252167,1,dnse,2026-09-21T07:14:24.587974+00:00
VNINDEX,1D,2019-11-14,1573696800,1013.85,1016.71,1010.6,1012.3,204712185,1,dnse,2026-09-21T07:14:24.587974+00:00
VNINDEX,1D,2019-11-15,1573783200,1012.93,1015.16,1005.1,1010.03,211278635,1,dnse,2026-09-21T07:14:24.587974+00:00
VNINDEX,1D,2019-11-18,1574042400,1010.03,1012.09,1002.63,1002.91,180944000,1,dnse,2026-09-21T07:14:24.587974+00:00
VNINDEX,1D,2019-11-19,1574128800,1002.89,1008.35,1001.35,1008.35,230061254,1,dnse,2026-09-21T07:14:24.587974+00:00
VNINDEX,1D,2019-11-20,1574215200,1009.21,1009.21,1000.56,1000.56,208254980,1,dnse,2026-09-21T07:14:24.587974+00:00
VNINDEX,1D,2019-11-21,1574301600,999.37,1000.56,987.89,987.89,212521093,1,dnse,2026-09-21T07:14:24.587974+00:00
VNINDEX,1D,2019-11-22,1574388000,992.73,993.7,971.03,977.78,229391413,1,dnse,2026-09-21T07:14:24.587974+00:00
VNINDEX,1D,2019-11-25,1574647200,977.85,979.6,971.24,976.35,187427229,1,dnse,2026-09-21T07:14:24.587974+00:00
VNINDEX,1D,2019-11-26,1574733600,976.35,981.96,976.35,976.79,190195718,1,dnse,2026-09-21T07:14:24.587974+00:00
VNINDEX,1D,2019-11-27,1574820000,978.98,982.76,976.79,978.17,196305936,1,dnse,2026-09-21T07:14:24.587974+00:00
VNINDEX,1D,2019-11-28,1574906400,977.66,979.17,967.68,970.39,189976351,1,dnse,2026-09-21T07:14:24.587974+00:00
VNINDEX,1D,2019-11-29,1574992800,971.1,972.89,968.03,970.75,166180199,1,dnse,2026-09-21T07:14:24.587974+00:00
VNINDEX,1D,2019-12-02,1575252000,971.42,972.91,958.3,959.31,209857143,1,dnse,2026-09-21T07:14:24.587974+00:00
VNINDEX,1D,2019-12-03,1575338400,957.4,960.82,950.96,953.43,263964885,1,dnse,2026-09-21T07:14:24.587974+00:00
VNINDEX,1D,2019-12-04,1575424800,952.51,965.9,950.13,965.9,209212959,1,dnse,2026-09-21T07:14:24.587974+00:00
VNINDEX,1D,2019-12-05,1575511200,969.0,969.53,962.16,963.27,193167601,1,dnse,2026-09-21T07:14:24.587974+00:00
VNINDEX,1D,2019-12-06,1575597600,962.38,965.41,960.99,963.56,170179884,1,dnse,2026-09-21T07:14:24.587974+00:00
VNINDEX,1D,2019-12-09,1575856800,963.91,967.57,962.59,966.06,271480529,1,dnse,2026-09-21T07:14:24.587974+00:00
VNINDEX,1D,2019-12-10,1575943200,965.92,966.58,955.14,960.3,241040002,1,dnse,2026-09-21T07:14:24.587974+00:00
VNINDEX,1D,2019-12-11,1576029600,960.59,961.78,954.56,961.78,215395115,1,dnse,2026-09-21T07:14:24.587974+00:00
VNINDEX,1D,2019-12-12,1576116000,963.39,968.39,961.78,968.17,217566989,1,dnse,2026-09-21T07:14:24.587974+00:00
VNINDEX,1D,2019-12-13,1576202400,969.43,971.84,965.93,966.18,218006493,1,dnse,2026-09-21T07:14:24.587974+00:00
VNINDEX,1D,2019-12-16,1576461600,966.0,966.18,960.39,961.47,276131193,1,dnse,2026-09-21T07:14:24.587974+00:00
VNINDEX,1D,2019-12-17,1576548000,962.49,962.79,954.03,954.03,278730480,1,dnse,2026-09-21T07:14:24.587974+00:00
VNINDEX,1D,2019-12-18,1576634400,951.52,954.18,949.86,951.13,321613384,1,dnse,2026-09-21T07:14:24.587974+00:00
VNINDEX,1D,2019-12-19,1576720800,950.61,955.85,946.74,952.26,219466625,1,dnse,2026-09-21T07:14:24.587974+00:00
VNINDEX,1D,2019-12-20,1576807200,953.55,957.52,952.26,956.41,240319668,1,dnse,2026-09-21T07:14:24.587974+00:00
VNINDEX,1D,2019-12-23,1577066400,959.55,960.71,956.41,959.43,237561660,1,dnse,2026-09-21T07:14:24.587974+00:00
VNINDEX,1D,2019-12-24,1577152800,959.43,959.43,953.29,958.88,227388705,1,dnse,2026-09-21T07:14:24.587974+00:00
VNINDEX,1D,2019-12-25,1577239200,958.18,962.83,957.5,960.92,235025084,1,dnse,2026-09-21T07:14:24.587974+00:00
VNINDEX,1D,2019-12-26,1577325600,960.67,962.11,957.43,958.59,264335777,1,dnse,2026-09-21T07:14:24.587974+00:00
VNINDEX,1D,2019-12-27,1577412000,957.7,963.51,954.19,963.51,178754671,1,dnse,2026-09-21T07:14:24.587974+00:00
VNINDEX,1D,2019-12-30,1577671200,962.89,967.52,962.47,965.03,175590090,1,dnse,2026-09-21T07:14:24.587974+00:00
VNINDEX,1D,2019-12-31,1577757600,965.71,965.71,958.23,960.99,184117173,1,dnse,2026-09-21T07:14:24.587974+00:00
VNINDEX,1D,2020-01-02,1577930400,960.26,966.67,959.67,966.67,199078197,1,dnse,2026-09-21T07:14:24.587974+00:00
VNINDEX,1D,2020-01-03,1578016800,968.72,970.88,965.14,965.14,163377030,1,dnse,2026-09-21T07:14:24.587974+00:00
VNINDEX,1D,2020-01-06,1578276000,962.79,963.2,955.59,955.79,174743568,1,dnse,2026-09-21T07:14:24.587974+00:00
VNINDEX,1D,2020-01-07,1578362400,955.79,959.46,953.19,958.88,170274833,1,dnse,2026-09-21T07:14:24.587974+00:00
VNINDEX,1D,2020-01-08,1578448800,954.13,955.84,945.28,948.98,314889160,1,dnse,2026-09-21T07:14:24.587974+00:00
VNINDEX,1D,2020-01-09,1578535200,960.01,960.73,952.16,960.15,156704789,1,dnse,2026-09-21T07:14:24.587974+00:00
VNINDEX,1D,2020-01-10,1578621600,961.17,969.71,961.17,968.54,215612110,1,dnse,2026-09-21T07:14:24.587974+00:00
VNINDEX,1D,2020-01-13,1578880800,966.89,968.63,964.79,965.84,140812853,1,dnse,2026-09-21T07:14:24.587974+00:00
VNINDEX,1D,2020-01-14,1578967200,966.26,968.85,965.76,967.0,184399054,1,dnse,2026-09-21T07:14:24.587974+00:00
VNINDEX,1D,2020-01-15,1579053600,967.69,967.69,964.84,967.56,145276529,1,dnse,2026-09-21T07:14:24.587974+00:00
VNINDEX,1D,2020-01-16,1579140000,967.2,974.7,967.17,974.31,187338263,1,dnse,2026-09-21T07:14:24.587974+00:00
VNINDEX,1D,2020-01-17,1579226400,976.28,980.02,973.79,978.96,155643394,1,dnse,2026-09-21T07:14:24.587974+00:00
VNINDEX,1D,2020-01-20,1579485600,978.23,979.85,975.93,978.63,139621069,1,dnse,2026-09-21T07:14:24.587974+00:00
VNINDEX,1D,2020-01-21,1579572000,978.82,986.37,978.82,986.37,150240335,1,dnse,2026-09-21T07:14:24.587974+00:00
VNINDEX,1D,2020-01-22,1579658400,986.52,991.46,983.92,991.46,144045252,1,dnse,2026-09-21T07:14:24.587974+00:00
VNINDEX,1D,2020-01-30,1580349600,975.15,977.72,954.0,959.58,191988780,1,dnse,2026-09-21T07:14:24.587974+00:00
VNINDEX,1D,2020-01-31,1580436000,959.58,960.96,936.62,936.62,248951880,1,dnse,2026-09-21T07:14:24.587974+00:00
VNINDEX,1D,2020-02-03,1580695200,916.6,930.37,891.85,928.14,268750540,1,dnse,2026-09-21T07:14:24.587974+00:00
VNINDEX,1D,2020-02-04,1580781600,929.42,934.91,919.33,929.09,190295660,1,dnse,2026-09-21T07:14:24.587974+00:00
VNINDEX,1D,2020-02-05,1580868000,934.75,936.33,921.89,925.91,187355088,1,dnse,2026-09-21T07:14:24.587974+00:00
VNINDEX,1D,2020-02-06,1580954400,926.66,938.54,925.21,938.54,220891034,1,dnse,2026-09-21T07:14:24.587974+00:00
VNINDEX,1D,2020-02-07,1581040800,938.61,943.48,935.94,940.75,183112320,1,dnse,2026-09-21T07:14:24.587974+00:00
VNINDEX,1D,2020-02-10,1581300000,934.38,935.87,926.61,930.73,151372718,1,dnse,2026-09-21T07:14:24.587974+00:00
VNINDEX,1D,2020-02-11,1581386400,930.73,936.04,930.73,934.67,176240010,1,dnse,2026-09-21T07:14:24.587974+00:00
VNINDEX,1D,2020-02-12,1581472800,940.72,943.11,937.34,937.68,223996560,1,dnse,2026-09-21T07:14:24.587974+00:00
VNINDEX,1D,2020-02-13,1581559200,937.19,939.1,934.47,938.24,175110780,1,dnse,2026-09-21T07:14:24.587974+00:00
VNINDEX,1D,2020-02-14,1581645600,939.28,940.65,936.47,937.45,203731291,1,dnse,2026-09-21T07:14:24.587974+00:00
VNINDEX,1D,2020-02-17,1581904800,938.52,938.52,931.66,934.77,180980659,1,dnse,2026-09-21T07:14:24.587974+00:00
VNINDEX,1D,2020-02-18,1581991200,934.47,934.98,926.01,927.93,185672824,1,dnse,2026-09-21T07:14:24.587974+00:00
VNINDEX,1D,2020-02-19,1582077600,926.41,931.66,925.86,928.76,190514987,1,dnse,2026-09-21T07:14:24.587974+00:00
VNINDEX,1D,2020-02-20,1582164000,933.69,938.13,930.41,938.13,196076108,1,dnse,2026-09-21T07:14:24.587974+00:00
VNINDEX,1D,2020-02-21,1582250400,938.13,940.53,932.32,933.09,204777789,1,dnse,2026-09-21T07:14:24.587974+00:00
VNINDEX,1D,2020-02-24,1582509600,917.49,917.49,903.34,903.34,290227839,1,dnse,2026-09-21T07:14:24.587974+00:00
VNINDEX,1D,2020-02-25,1582596000,893.95,909.67,893.95,909.67,215729307,1,dnse,2026-09-21T07:14:24.587974+00:00
VNINDEX,1D,2020-02-26,1582682400,901.51,903.27,894.25,895.97,141350090,1,dnse,2026-09-21T07:14:24.587974+00:00
VNINDEX,1D,2020-02-27,1582768800,892.15,899.34,889.14,898.44,162521398,1,dnse,2026-09-21T07:14:24.587974+00:00
VNINDEX,1D,2020-02-28,1582855200,885.47,887.07,872.46,882.19,241346580,1,dnse,2026-09-21T07:14:24.587974+00:00
VNINDEX,1D,2020-03-02,1583114400,878.43,886.45,877.31,884.43,205497912,1,dnse,2026-09-21T07:14:24.587974+00:00
VNINDEX,1D,2020-03-03,1583200800,895.39,896.39,890.06,890.61,211917192,1,dnse,2026-09-21T07:14:24.587974+00:00
VNINDEX,1D,2020-03-04,1583287200,887.85,889.85,882.83,889.37,237500826,1,dnse,2026-09-21T07:14:24.587974+00:00
VNINDEX,1D,2020-03-05,1583373600,892.71,898.43,891.2,893.31,230725699,1,dnse,2026-09-21T07:14:24.587974+00:00
VNINDEX,1D,2020-03-06,1583460000,888.96,891.44,882.71,891.44,210067994,1,dnse,2026-09-21T07:14:24.587974+00:00
VNINDEX,1D,2020-03-09,1583719200,875.8,875.8,834.67,835.49,307929473,1,dnse,2026-09-21T07:14:24.587974+00:00
VNINDEX,1D,2020-03-10,1583805600,813.83,843.28,806.63,837.5,293563642,1,dnse,2026-09-21T07:14:24.587974+00:00
VNINDEX,1D,2020-03-11,1583892000,843.52,844.94,794.54,811.35,317715700,1,dnse,2026-09-21T07:14:24.587974+00:00
VNINDEX,1D,2020-03-12,1583978400,778.06,778.06,762.12,769.25,337825235,1,dnse,2026-09-21T07:14:24.587974+00:00
VNINDEX,1D,2020-03-13,1584064800,735.6,764.69,723.42,761.78,353511100,1,dnse,2026-09-21T07:14:24.587974+00:00
VNINDEX,1D,2020-03-16,1584324000,758.28,758.59,737.58,747.86,290933937,1,dnse,2026-09-21T07:14:24.587974+00:00
VNINDEX,1D,2020-03-17,1584410400,724.07,750.03,721.84,745.78,285882921,1,dnse,2026-09-21T07:14:24.587974+00:00
VNINDEX,1D,2020-03-18,1584496800,747.4,752.65,742.12,747.66,258181937,1,dnse,2026-09-21T07:14:24.587974+00:00
VNINDEX,1D,2020-03-19,1584583200,732.35,733.43,714.02,725.94,352024045,1,dnse,2026-09-21T07:14:24.587974+00:00
VNINDEX,1D,2020-03-20,1584669600,728.55,729.35,709.73,709.73,228909653,1,dnse,2026-09-21T07:14:24.587974+00:00
VNINDEX,1D,2020-03-23,1584928800,694.77,694.77,664.23,666.59,279065985,1,dnse,2026-09-21T07:14:24.587974+00:00
VNINDEX,1D,2020-03-24,1585015200,666.59,666.59,652.27,659.21,243955927,1,dnse,2026-09-21T07:14:24.587974+00:00
VNINDEX,1D,2020-03-25,1585101600,669.76,690.25,667.58,690.25,268953570,1,dnse,2026-09-21T07:14:24.587974+00:00
VNINDEX,1D,2020-03-26,1585188000,689.0,700.76,680.1,694.21,220853680,1,dnse,2026-09-21T07:14:24.587974+00:00
VNINDEX,1D,2020-03-27,1585274400,692.54,703.22,682.52,696.06,325102990,1,dnse,2026-09-21T07:14:24.587974+00:00
VNINDEX,1D,2020-03-30,1585533600,663.91,665.56,657.36,662.26,232201218,1,dnse,2026-09-21T07:14:24.587974+00:00
VNINDEX,1D,2020-03-31,1585620000,669.74,678.64,649.1,662.53,258685418,1,dnse,2026-09-21T07:14:24.587974+00:00
VNINDEX,1D,2020-04-01,1585706400,658.8,684.96,657.41,680.23,265162596,1,dnse,2026-09-21T07:14:24.587974+00:00
VNINDEX,1D,2020-04-03,1585879200,687.92,701.8,687.92,701.8,231696136,1,dnse,2026-09-21T07:14:24.587974+00:00
VNINDEX,1D,2020-04-06,1586138400,716.22,736.75,715.39,736.75,332849528,1,dnse,2026-09-21T07:14:24.587974+00:00
VNINDEX,1D,2020-04-07,1586224800,744.97,749.13,730.28,746.69,291169450,1,dnse,2026-09-21T07:14:24.587974+00:00
VNINDEX,1D,2020-04-08,1586311200,740.03,748.36,730.12,748.02,251864140,1,dnse,2026-09-21T07:14:24.587974+00:00
VNINDEX,1D,2020-04-09,1586397600,751.08,765.87,751.08,760.33,297983597,1,dnse,2026-09-21T07:14:24.587974+00:00
VNINDEX,1D,2020-04-10,1586484000,759.08,764.36,751.59,757.94,337848204,1,dnse,2026-09-21T07:14:24.587974+00:00
VNINDEX,1D,2020-04-13,1586743200,762.99,774.62,762.53,765.79,234876297,1,dnse,2026-09-21T07:14:24.587974+00:00
VNINDEX,1D,2020-04-14,1586829600,769.01,769.53,753.85,767.41,265998122,1,dnse,2026-09-21T07:14:24.587974+00:00
VNINDEX,1D,2020-04-15,1586916000,768.05,779.52,768.01,777.22,302090210,1,dnse,2026-09-21T07:14:24.587974+00:00
VNINDEX,1D,2020-04-16,1587002400,773.11,781.06,770.91,780.7,250402800,1,dnse,2026-09-21T07:14:24.587974+00:00
VNINDEX,1D,2020-04-17,1587088800,786.96,790.95,783.74,789.6,308802172,1,dnse,2026-09-21T07:14:24.587974+00:00
VNINDEX,1D,2020-04-20,1587348000,796.17,797.49,786.73,794.97,333885492,1,dnse,2026-09-21T07:14:24.587974+00:00
VNINDEX,1D,2020-04-21,1587434400,794.97,794.97,761.96,766.84,395833150,1,dnse,2026-09-21T07:14:24.587974+00:00
VNINDEX,1D,2020-04-22,1587520800,752.8,774.94,749.97,768.92,251674441,1,dnse,2026-09-21T07:14:24.587974+00:00
VNINDEX,1D,2020-04-23,1587607200,774.23,785.6,768.92,773.91,205377143,1,dnse,2026-09-21T07:14:24.587974+00:00
VNINDEX,1D,2020-04-24,1587693600,777.28,778.3,767.31,776.66,260958208,1,dnse,2026-09-21T07:14:24.587974+00:00
VNINDEX,1D,2020-04-27,1587952800,774.63,785.74,770.77,770.77,306700832,1,dnse,2026-09-21T07:14:24.587974+00:00
VNINDEX,1D,2020-04-28,1588039200,773.31,776.13,763.66,767.21,218679645,1,dnse,2026-09-21T07:14:24.587974+00:00
VNINDEX,1D,2020-04-29,1588125600,768.59,772.62,768.19,769.11,249696191,1,dnse,2026-09-21T07:14:24.587974+00:00
VNINDEX,1D,2020-05-04,1588557600,766.14,769.73,761.64,762.47,283854068,1,dnse,2026-09-21T07:14:24.587974+00:00
VNINDEX,1D,2020-05-05,1588644000,763.22,767.03,760.04,764.16,211891745,1,dnse,2026-09-21T07:14:24.587974+00:00
VNINDEX,1D,2020-05-06,1588730400,767.3,782.59,765.37,782.59,271904258,1,dnse,2026-09-21T07:14:24.587974+00:00
VNINDEX,1D,2020-05-07,1588816800,785.08,796.54,785.08,796.54,240410059,1,dnse,2026-09-21T07:14:24.587974+00:00
VNINDEX,1D,2020-05-08,1588903200,800.32,825.72,800.2,813.73,370976239,1,dnse,2026-09-21T07:14:24.587974+00:00
VNINDEX,1D,2020-05-11,1589162400,818.26,828.33,812.48,828.33,353416000,1,dnse,2026-09-21T07:14:24.587974+00:00
VNINDEX,1D,2020-05-13,1589335200,835.32,839.59,815.13,834.21,374602816,1,dnse,2026-09-21T07:14:24.587974+00:00
VNINDEX,1D,2020-05-15,1589508000,835.42,838.47,824.59,827.03,301891136,1,dnse,2026-09-21T07:14:24.587974+00:00
VNINDEX,1D,2020-05-18,1589767200,827.49,827.9,823.23,823.23,29758024,1,dnse,2026-09-21T07:14:24.587974+00:00
VNINDEX,1D,2020-05-19,1589853600,852.14,854.25,844.15,845.92,385271840,1,dnse,2026-09-21T07:14:24.587974+00:00
VNINDEX,1D,2020-05-20,1589940000,843.26,850.46,842.21,850.46,178192416,1,dnse,2026-09-21T07:14:24.587974+00:00
VNINDEX,1D,2020-05-21,1590026400,854.93,862.73,854.04,862.73,328605856,1,dnse,2026-09-21T07:14:24.587974+00:00
VNINDEX,1D,2020-05-25,1590372000,852.74,858.26,849.12,857.99,165032192,1,dnse,2026-09-21T07:14:24.587974+00:00
VNINDEX,1D,2020-05-26,1590458400,861.47,864.47,860.22,863.74,164662816,1,dnse,2026-09-21T07:14:24.587974+00:00
VNINDEX,1D,2020-05-28,1590631200,858.97,866.17,856.48,861.39,312561856,1,dnse,2026-09-21T07:14:24.587974+00:00
VNINDEX,1D,2020-06-01,1590976800,868.97,874.92,868.97,873.62,193475168,1,dnse,2026-09-21T07:14:24.587974+00:00
VNINDEX,1D,2020-06-02,1591063200,879.23,882.73,877.47,879.24,212590640,1,dnse,2026-09-21T07:14:24.587974+00:00
VNINDEX,1D,2020-06-03,1591149600,876.73,881.17,874.01,881.17,347558592,1,dnse,2026-09-21T07:14:24.587974+00:00
VNINDEX,1D,2020-06-04,1591236000,883.22,888.32,883.22,883.9,429474080,1,dnse,2026-09-21T07:14:24.587974+00:00
VNINDEX,1D,2020-06-05,1591322400,883.4,886.59,878.5,886.22,497498720,1,dnse,2026-09-21T07:14:24.587974+00:00
VNINDEX,1D,2020-06-08,1591581600,888.7,905.65,888.7,899.92,566177408,1,dnse,2026-09-21T07:14:24.587974+00:00
VNINDEX,1D,2020-06-09,1591668000,902.26,904.89,898.87,899.43,501725120,1,dnse,2026-09-21T07:14:24.587974+00:00
VNINDEX,1D,2020-06-10,1591754400,898.78,902.69,890.3,900.0,540489216,1,dnse,2026-09-21T07:14:24.587974+00:00
VNINDEX,1D,2020-06-11,1591840800,900.48,903.7,873.39,873.39,634409664,1,dnse,2026-09-21T07:14:24.587974+00:00
VNINDEX,1D,2020-06-12,1591927200,841.85,863.52,841.44,863.52,617701888,1,dnse,2026-09-21T07:14:24.587974+00:00
VNINDEX,1D,2020-06-15,1592186400,867.52,868.16,832.47,832.47,706576960,1,dnse,2026-09-21T07:14:24.587974+00:00
VNINDEX,1D,2020-06-16,1592272800,848.86,858.7,844.67,856.13,406455488,1,dnse,2026-09-21T07:14:24.587974+00:00
VNINDEX,1D,2020-06-17,1592359200,861.05,861.05,852.27,854.44,353852832,1,dnse,2026-09-21T07:14:24.587974+00:00
VNINDEX,1D,2020-06-18,1592445600,850.92,858.03,847.49,855.27,272130304,1,dnse,2026-09-21T07:14:24.587974+00:00
VNINDEX,1D,2020-06-19,1592532900,857.77,868.56,857.77,868.56,436782048,1,dnse,2026-09-21T07:14:24.587974+00:00
VNINDEX,1D,2020-06-22,1592792100,871.56,872.94,867.37,871.28,348625664,1,dnse,2026-09-21T07:14:24.587974+00:00
VNINDEX,1D,2020-06-23,1592878500,871.12,873.2,864.02,868.2,449815616,1,dnse,2026-09-21T07:14:24.587974+00:00
VNINDEX,1D,2020-06-24,1592964900,868.2,873.13,857.58,859.71,366401152,1,dnse,2026-09-21T07:14:24.587974+00:00
VNINDEX,1D,2020-06-25,1593051300,851.09,856.23,849.65,854.59,311072928,1,dnse,2026-09-21T07:14:24.587974+00:00
VNINDEX,1D,2020-06-26,1593137700,859.07,862.59,850.66,851.98,299985536,1,dnse,2026-09-21T07:14:24.587974+00:00
VNINDEX,1D,2020-06-29,1593396900,846.26,846.53,826.0,829.36,388718400,1,dnse,2026-09-21T07:14:24.587974+00:00
VNINDEX,1D,2020-06-30,1593483300,836.72,840.31,821.92,825.11,357307008,1,dnse,2026-09-21T07:14:24.587974+00:00
VNINDEX,1D,2020-07-01,1593569700,827.67,844.26,826.38,843.49,299935104,1,dnse,2026-09-21T07:14:24.587974+00:00
VNINDEX,1D,2020-07-02,1593656100,845.66,845.66,838.48,842.38,223235856,1,dnse,2026-09-21T07:14:24.587974+00:00
VNINDEX,1D,2020-07-03,1593742500,845.26,848.16,843.25,847.44,166008672,1,dnse,2026-09-21T07:14:24.587974+00:00
VNINDEX,1D,2020-07-06,1594001700,851.47,861.85,850.04,861.16,214705120,1,dnse,2026-09-21T07:14:24.587974+00:00
VNINDEX,1D,2020-07-07,1594088100,865.46,870.63,863.42,863.42,321946272,1,dnse,2026-09-21T07:14:24.587974+00:00
VNINDEX,1D,2020-07-08,1594174500,861.75,865.58,859.98,864.5,236354704,1,dnse,2026-09-21T07:14:24.587974+00:00
VNINDEX,1D,2020-07-09,1594260900,867.66,876.38,867.45,875.57,198632320,1,dnse,2026-09-21T07:14:24.587974+00:00
VNINDEX,1D,2020-07-10,1594347300,873.7,878.53,867.59,871.21,286337216,1,dnse,2026-09-21T07:14:24.587974+00:00
VNINDEX,1D,2020-07-13,1594606500,874.85,876.83,873.67,874.05,59205060,1,dnse,2026-09-21T07:14:24.587974+00:00
VNINDEX,1D,2020-07-14,1594692900,865.01,866.36,860.28,863.84,165637600,1,dnse,2026-09-21T07:14:24.587974+00:00
VNINDEX,1D,2020-07-15,1594779300,872.8,876.69,872.8,873.57,137181104,1,dnse,2026-09-21T07:14:24.587974+00:00
VNINDEX,1D,2020-07-21,1595297700,863.94,864.7,856.94,861.69,241711008,1,dnse,2026-09-21T07:14:24.587974+00:00
VNINDEX,1D,2020-07-22,1595384100,862.8,864.0,854.97,855.08,277714112,1,dnse,2026-09-21T07:14:24.587974+00:00
VNINDEX,1D,2020-07-23,1595470500,854.92,857.22,851.97,856.75,240163424,1,dnse,2026-09-21T07:14:24.587974+00:00
VNINDEX,1D,2020-07-24,1595556900,854.23,854.57,816.65,829.16,503563840,1,dnse,2026-09-21T07:14:24.587974+00:00
VNINDEX,1D,2020-07-27,1595816100,794.14,808.74,780.64,785.17,416770496,1,dnse,2026-09-21T07:14:24.587974+00:00
VNINDEX,1D,2020-07-28,1595902500,786.72,814.4,786.67,813.36,327063104,1,dnse,2026-09-21T07:14:24.587974+00:00
VNINDEX,1D,2020-07-29,1595988900,800.39,800.39,779.82,788.29,305660192,1,dnse,2026-09-21T07:14:24.587974+00:00
VNINDEX,1D,2020-07-30,1596075300,796.22,802.97,794.88,801.13,187303808,1,dnse,2026-09-21T07:14:24.587974+00:00
VNINDEX,1D,2020-07-31,1596161700,787.78,803.55,786.98,798.39,246572576,1,dnse,2026-09-21T07:14:24.587974+00:00
VNINDEX,1D,2020-08-03,1596420900,796.86,814.84,796.47,814.65,297589184,1,dnse,2026-09-21T07:14:24.587974+00:00
VNINDEX,1D,2020-08-04,1596507300,822.86,827.57,820.2,827.57,273010048,1,dnse,2026-09-21T07:14:24.587974+00:00
VNINDEX,1D,2020-08-05,1596593700,827.54,839.52,820.74,837.8,302780672,1,dnse,2026-09-21T07:14:24.587974+00:00
VNINDEX,1D,2020-08-06,1596680100,838.01,844.16,833.56,840.04,255225088,1,dnse,2026-09-21T07:14:24.587974+00:00
VNINDEX,1D,2020-08-07,1596766500,840.65,844.33,836.84,841.46,258641120,1,dnse,2026-09-21T07:14:24.587974+00:00
VNINDEX,1D,2020-08-10,1597025700,845.11,849.52,843.2,843.2,307182304,1,dnse,2026-09-21T07:14:24.587974+00:00
VNINDEX,1D,2020-08-11,1597112100,847.61,847.61,840.35,843.08,245112784,1,dnse,2026-09-21T07:14:24.587974+00:00
VNINDEX,1D,2020-08-12,1597198500,844.19,848.54,842.88,846.92,269543168,1,dnse,2026-09-21T07:14:24.587974+00:00
VNINDEX,1D,2020-08-13,1597284900,849.96,855.19,849.86,855.05,256101744,1,dnse,2026-09-21T07:14:24.587974+00:00
VNINDEX,1D,2020-08-14,1597371300,854.29,860.32,848.38,850.74,298087296,1,dnse,2026-09-21T07:14:24.587974+00:00
VNINDEX,1D,2020-08-17,1597630500,848.08,852.05,841.62,850.15,236768240,1,dnse,2026-09-21T07:14:24.587974+00:00
VNINDEX,1D,2020-08-18,1597716900,850.15,851.06,845.0,846.43,224491664,1,dnse,2026-09-21T07:14:24.587974+00:00
VNINDEX,1D,2020-08-19,1597803300,847.19,853.07,846.22,853.04,171861520,1,dnse,2026-09-21T07:14:24.587974+00:00
VNINDEX,1D,2020-08-26,1598408100,873.62,876.97,871.78,873.47,349794208,1,dnse,2026-09-21T07:14:24.587974+00:00
VNINDEX,1D,2020-08-27,1598494500,872.38,875.71,871.93,874.71,324316928,1,dnse,2026-09-21T07:14:24.587974+00:00
VNINDEX,1D,2020-08-28,1598580900,878.79,885.86,877.7,878.98,394668288,1,dnse,2026-09-21T07:14:24.587974+00:00
VNINDEX,1D,2020-08-31,1598840100,882.13,888.44,879.26,881.65,348626528,1,dnse,2026-09-21T07:14:24.587974+00:00
VNINDEX,1D,2020-09-01,1598926500,882.4,892.51,880.79,891.73,307182048,1,dnse,2026-09-21T07:14:24.587974+00:00
VNINDEX,1D,2020-09-03,1599099300,898.25,904.32,896.26,903.97,367066176,1,dnse,2026-09-21T07:14:24.587974+00:00
VNINDEX,1D,2020-09-04,1599185700,896.02,903.11,893.86,901.54,339328160,1,dnse,2026-09-21T07:14:24.587974+00:00
VNINDEX,1D,2020-09-07,1599444900,903.85,905.8,888.25,888.25,430515328,1,dnse,2026-09-21T07:14:24.587974+00:00
VNINDEX,1D,2020-09-08,1599531300,891.61,894.58,884.88,890.14,289231712,1,dnse,2026-09-21T07:14:24.587974+00:00
VNINDEX,1D,2020-09-09,1599617700,883.68,892.4,881.57,889.32,314746784,1,dnse,2026-09-21T07:14:24.587974+00:00
VNINDEX,1D,2020-09-10,1599704100,895.29,896.78,888.82,888.82,384987136,1,dnse,2026-09-21T07:14:24.587974+00:00
VNINDEX,1D,2020-09-11,1599790500,888.82,889.81,884.67,888.0,181389664,1,dnse,2026-09-21T07:14:24.587974+00:00
VNINDEX,1D,2020-09-16,1600222500,897.43,897.58,894.63,897.47,288877504,1,dnse,2026-09-21T07:14:24.587974+00:00
VNINDEX,1D,2020-09-17,1600308900,897.47,898.48,895.58,897.44,119131608,1,dnse,2026-09-21T07:14:24.587974+00:00
VNINDEX,1D,2020-09-21,1600654500,904.5,909.75,904.5,908.49,219443840,1,dnse,2026-09-21T07:14:24.587974+00:00
VNINDEX,1D,2020-09-22,1600740900,905.9,909.69,902.47,906.19,394882880,1,dnse,2026-09-21T07:14:24.587974+00:00
VNINDEX,1D,2020-09-23,1600827300,908.97,913.52,908.97,912.5,390852224,1,dnse,2026-09-21T07:14:24.587974+00:00
VNINDEX,1D,2020-09-24,1600913700,910.53,914.51,907.32,908.58,392759936,1,dnse,2026-09-21T07:14:24.587974+00:00
VNINDEX,1D,2020-09-25,1601000100,910.78,911.3,905.56,908.27,352970624,1,dnse,2026-09-21T07:14:24.587974+00:00
VNINDEX,1D,2020-09-29,1601345700,916.63,917.49,904.69,905.28,439606432,1,dnse,2026-09-21T07:14:24.587974+00:00
VNINDEX,1D,2020-09-30,1601432100,904.34,907.0,900.44,905.21,339708800,1,dnse,2026-09-21T07:14:24.587974+00:00
VNINDEX,1D,2020-10-01,1601518500,910.13,914.09,909.13,914.09,351520032,1,dnse,2026-09-21T07:14:24.587974+00:00
VNINDEX,1D,2020-10-02,1601604900,914.09,916.67,897.72,909.91,521811200,1,dnse,2026-09-21T07:14:24.587974+00:00
VNINDEX,1D,2020-10-05,1601864100,913.77,915.55,910.96,914.68,456077408,1,dnse,2026-09-21T07:14:24.587974+00:00
VNINDEX,1D,2020-10-06,1601950500,918.11,918.93,912.77,915.67,491463872,1,dnse,2026-09-21T07:14:24.587974+00:00
VNINDEX,1D,2020-10-07,1602036900,913.62,923.57,912.69,919.72,516240608,1,dnse,2026-09-21T07:14:24.587974+00:00
VNINDEX,1D,2020-10-08,1602123300,922.08,922.08,916.95,918.4,250672288,1,dnse,2026-09-21T07:14:24.587974+00:00
VNINDEX,1D,2020-10-09,1602209700,919.48,924.0,917.7,924.0,385953024,1,dnse,2026-09-21T07:14:24.587974+00:00
VNINDEX,1D,2020-10-12,1602468900,930.78,933.13,923.28,925.83,455583840,1,dnse,2026-09-21T07:14:24.587974+00:00
VNINDEX,1D,2020-10-13,1602555300,926.76,930.96,923.78,929.86,354660992,1,dnse,2026-09-21T07:14:24.587974+00:00
VNINDEX,1D,2020-10-14,1602641700,931.89,940.18,931.89,940.18,473979232,1,dnse,2026-09-21T07:14:24.587974+00:00
VNINDEX,1D,2020-10-15,1602728100,945.28,945.93,938.7,942.76,469150432,1,dnse,2026-09-21T07:14:24.587974+00:00
VNINDEX,1D,2020-10-16,1602814500,944.03,946.23,935.98,943.3,441944288,1,dnse,2026-09-21T07:14:24.587974+00:00
VNINDEX,1D,2020-10-19,1603073700,945.01,946.29,941.92,943.69,388916480,1,dnse,2026-09-21T07:14:24.587974+00:00
VNINDEX,1D,2020-10-20,1603160100,941.0,943.17,937.32,939.16,332656352,1,dnse,2026-09-21T07:14:24.587974+00:00
VNINDEX,1D,2020-10-21,1603246500,947.68,948.2,939.0,939.03,409376192,1,dnse,2026-09-21T07:14:24.587974+00:00
VNINDEX,1D,2020-10-22,1603332900,938.06,949.9,933.78,949.9,363556096,1,dnse,2026-09-21T07:14:24.587974+00:00
VNINDEX,1D,2020-10-23,1603419300,953.45,961.26,953.14,961.26,450714944,1,dnse,2026-09-21T07:14:24.587974+00:00
VNINDEX,1D,2020-10-26,1603678500,967.52,970.15,950.8,950.8,426328160,1,dnse,2026-09-21T07:14:24.587974+00:00
VNINDEX,1D,2020-10-27,1603764900,950.8,954.72,946.28,946.47,454866080,1,dnse,2026-09-21T07:14:24.587974+00:00
VNINDEX,1D,2020-10-28,1603851300,942.82,946.91,921.05,921.05,451897856,1,dnse,2026-09-21T07:14:24.587974+00:00
VNINDEX,1D,2020-10-29,1603937700,916.49,923.53,914.48,921.53,214723504,1,dnse,2026-09-21T07:14:24.587974+00:00
VNINDEX,1D,2020-10-30,1604024100,925.41,926.32,911.2,925.47,310626432,1,dnse,2026-09-21T07:14:24.587974+00:00
VNINDEX,1D,2020-11-02,1604283300,926.09,933.68,924.14,933.68,297071936,1,dnse,2026-09-21T07:14:24.587974+00:00
VNINDEX,1D,2020-11-03,1604369700,936.73,937.57,932.18,935.41,316796544,1,dnse,2026-09-21T07:14:24.587974+00:00
VNINDEX,1D,2020-11-04,1604456100,935.41,943.56,933.86,939.76,350261568,1,dnse,2026-09-21T07:14:24.587974+00:00
VNINDEX,1D,2020-11-05,1604542500,940.32,945.51,937.75,937.75,300944672,1,dnse,2026-09-21T07:14:24.587974+00:00
VNINDEX,1D,2020-11-06,1604628900,939.73,941.2,934.63,938.29,266470704,1,dnse,2026-09-21T07:14:24.587974+00:00
VNINDEX,1D,2020-11-09,1604888100,942.15,951.99,942.15,951.99,388388512,1,dnse,2026-09-21T07:14:24.587974+00:00
VNINDEX,1D,2020-11-10,1604974500,962.68,963.47,951.9,951.9,455630784,1,dnse,2026-09-21T07:14:24.587974+00:00
VNINDEX,1D,2020-11-11,1605060900,954.46,956.65,947.61,952.22,375033152,1,dnse,2026-09-21T07:14:24.587974+00:00
VNINDEX,1D,2020-11-12,1605147300,953.97,959.28,953.62,959.28,331040704,1,dnse,2026-09-21T07:14:24.587974+00:00
VNINDEX,1D,2020-11-13,1605233700,959.56,966.29,959.13,966.29,457004800,1,dnse,2026-09-21T07:14:24.587974+00:00
VNINDEX,1D,2020-11-16,1605492900,970.11,972.98,950.5,950.79,517018592,1,dnse,2026-09-21T07:14:24.587974+00:00
VNINDEX,1D,2020-11-17,1605579300,955.52,968.9,953.22,968.9,397382272,1,dnse,2026-09-21T07:14:24.587974+00:00
VNINDEX,1D,2020-11-18,1605665700,969.48,974.3,966.32,973.53,478142880,1,dnse,2026-09-21T07:14:24.587974+00:00
VNINDEX,1D,2020-11-19,1605752100,975.32,983.26,974.33,983.26,497047392,1,dnse,2026-09-21T07:14:24.587974+00:00
VNINDEX,1D,2020-11-20,1605838500,984.71,990.0,980.72,990.0,498397120,1,dnse,2026-09-21T07:14:24.587974+00:00
VNINDEX,1D,2020-11-23,1606097700,991.87,995.9,985.38,994.19,485071392,1,dnse,2026-09-21T07:14:24.587974+00:00
VNINDEX,1D,2020-11-24,1606184100,996.55,997.99,984.92,995.76,544793216,1,dnse,2026-09-21T07:14:24.587974+00:00
VNINDEX,1D,2020-11-25,1606270500,1000.39,1002.31,996.8,999.94,472805088,1,dnse,2026-09-21T07:14:24.587974+00:00
VNINDEX,1D,2020-11-26,1606356900,999.24,1005.97,994.91,1005.97,487284224,1,dnse,2026-09-21T07:14:24.587974+00:00
VNINDEX,1D,2020-11-27,1606443300,1006.68,1010.22,1004.0,1010.22,432952288,1,dnse,2026-09-21T07:14:24.587974+00:00
VNINDEX,1D,2020-11-30,1606702500,1011.82,1012.5,1002.61,1003.08,530834528,1,dnse,2026-09-21T07:14:24.587974+00:00
VNINDEX,1D,2020-12-01,1606788900,988.71,1008.87,988.71,1008.87,578853376,1,dnse,2026-09-21T07:14:24.587974+00:00
VNINDEX,1D,2020-12-02,1606875300,1008.77,1015.86,1007.91,1014.32,679373824,1,dnse,2026-09-21T07:14:24.587974+00:00
VNINDEX,1D,2020-12-03,1606961700,1016.73,1020.35,1014.06,1019.8,516118208,1,dnse,2026-09-21T07:14:24.587974+00:00
VNINDEX,1D,2020-12-04,1607048100,1019.8,1025.17,1018.67,1021.49,551804224,1,dnse,2026-09-21T07:14:24.587974+00:00
VNINDEX,1D,2020-12-07,1607307300,1024.34,1030.41,1022.14,1029.98,512401600,1,dnse,2026-09-21T07:14:24.587974+00:00
VNINDEX,1D,2020-12-08,1607393700,1027.91,1032.03,1027.7,1028.63,503586368,1,dnse,2026-09-21T07:14:24.587974+00:00
VNINDEX,1D,2020-12-09,1607480100,1029.26,1039.55,1029.26,1039.13,581588224,1,dnse,2026-09-21T07:14:24.587974+00:00
VNINDEX,1D,2020-12-10,1607566500,1041.65,1044.1,1030.91,1030.91,625054272,1,dnse,2026-09-21T07:14:24.587974+00:00
VNINDEX,1D,2020-12-11,1607652900,1033.19,1045.96,1030.06,1045.96,459865120,1,dnse,2026-09-21T07:14:24.587974+00:00
VNINDEX,1D,2020-12-14,1607912100,1048.97,1064.09,1048.97,1064.09,575954048,1,dnse,2026-09-21T07:14:24.587974+00:00
VNINDEX,1D,2020-12-15,1607998500,1062.02,1067.45,1052.01,1055.27,671053504,1,dnse,2026-09-21T07:14:24.587974+00:00
VNINDEX,1D,2020-12-16,1608084900,1058.34,1066.99,1057.21,1066.99,589124416,1,dnse,2026-09-21T07:14:24.587974+00:00
VNINDEX,1D,2020-12-17,1608171300,1065.85,1065.85,1051.42,1051.77,660979264,1,dnse,2026-09-21T07:14:24.587974+00:00
VNINDEX,1D,2020-12-18,1608257700,1055.75,1068.56,1055.75,1067.46,618501056,1,dnse,2026-09-21T07:14:24.587974+00:00
VNINDEX,1D,2020-12-21,1608516900,1071.62,1081.6,1070.86,1081.08,706880960,1,dnse,2026-09-21T07:14:24.587974+00:00
VNINDEX,1D,2020-12-22,1608603300,1081.85,1084.23,1077.06,1083.45,752019904,1,dnse,2026-09-21T07:14:24.587974+00:00
VNINDEX,1D,2020-12-23,1608689700,1087.89,1094.09,1077.92,1078.9,808257408,1,dnse,2026-09-21T07:14:24.587974+00:00
VNINDEX,1D,2020-12-24,1608776100,1083.83,1084.76,1046.89,1067.52,750640384,1,dnse,2026-09-21T07:14:24.587974+00:00
VNINDEX,1D,2020-12-25,1608862500,1068.83,1084.42,1061.83,1084.42,644964992,1,dnse,2026-09-21T07:14:24.587974+00:00
VNINDEX,1D,2020-12-28,1609121700,1094.37,1096.11,1083.9,1091.33,707511808,1,dnse,2026-09-21T07:14:24.587974+00:00
VNINDEX,1D,2020-12-29,1609208100,1090.49,1102.79,1087.93,1099.49,651425984,1,dnse,2026-09-21T07:14:24.587974+00:00
VNINDEX,1D,2020-12-30,1609294500,1099.78,1108.83,1094.91,1097.54,674479744,1,dnse,2026-09-21T07:14:24.587974+00:00
VNINDEX,1D,2020-12-31,1609380900,1098.25,1105.33,1096.27,1103.87,522818624,1,dnse,2026-09-21T07:14:24.587974+00:00
VNINDEX,1D,2021-01-04,1609726500,1113.77,1126.43,1113.59,1120.47,761359296,1,dnse,2026-09-21T07:14:24.587974+00:00
VNINDEX,1D,2021-01-05,1609812900,1116.96,1134.45,1116.49,1132.55,757840704,1,dnse,2026-09-21T07:14:24.587974+00:00
VNINDEX,1D,2021-01-06,1609899300,1139.12,1152.85,1133.7,1143.21,780492032,1,dnse,2026-09-21T07:14:24.587974+00:00
VNINDEX,1D,2021-01-07,1609985700,1147.26,1156.49,1143.44,1156.49,748227968,1,dnse,2026-09-21T07:14:24.587974+00:00
VNINDEX,1D,2021-01-08,1610072100,1164.1,1176.33,1160.48,1167.69,803793792,1,dnse,2026-09-21T07:14:24.587974+00:00
VNINDEX,1D,2021-01-11,1610331300,1176.47,1186.45,1175.0,1184.89,844438144,1,dnse,2026-09-21T07:14:24.587974+00:00
VNINDEX,1D,2021-01-12,1610417700,1190.38,1192.28,1179.24,1192.28,709578368,1,dnse,2026-09-21T07:14:24.587974+00:00
VNINDEX,1D,2021-01-13,1610504100,1197.32,1200.82,1183.18,1186.05,804921728,1,dnse,2026-09-21T07:14:24.587974+00:00
VNINDEX,1D,2021-01-14,1610590500,1189.48,1190.5,1178.84,1187.4,776717760,1,dnse,2026-09-21T07:14:24.587974+00:00
VNINDEX,1D,2021-01-15,1610676900,1188.84,1197.74,1188.84,1194.2,779559296,1,dnse,2026-09-21T07:14:24.587974+00:00
VNINDEX,1D,2021-01-18,1610936100,1198.79,1200.85,1190.33,1191.94,741797760,1,dnse,2026-09-21T07:14:24.587974+00:00
VNINDEX,1D,2021-01-19,1611022500,1189.91,1189.91,1117.17,1131.0,984733440,1,dnse,2026-09-21T07:14:24.587974+00:00
VNINDEX,1D,2021-01-20,1611108900,1136.5,1142.48,1098.05,1134.68,832868480,1,dnse,2026-09-21T07:14:24.587974+00:00
VNINDEX,1D,2021-02-05,1612491300,1114.79,1126.91,1112.19,1126.91,523998528,1,dnse,2026-09-21T07:14:24.587974+00:00
VNINDEX,1D,2021-02-08,1612750500,1127.06,1127.06,1075.1,1083.18,692740736,1,dnse,2026-09-21T07:14:24.587974+00:00
VNINDEX,1D,2021-02-09,1612836900,1090.88,1114.93,1078.98,1114.93,514816672,1,dnse,2026-09-21T07:14:24.587974+00:00
VNINDEX,1D,2021-02-17,1613528100,1127.46,1155.78,1127.46,1155.78,566668096,1,dnse,2026-09-21T07:14:24.587974+00:00
VNINDEX,1D,2021-02-18,1613614500,1157.1,1174.38,1148.66,1174.38,612883392,1,dnse,2026-09-21T07:14:24.587974+00:00
VNINDEX,1D,2021-02-19,1613700900,1160.65,1178.18,1157.6,1173.5,574417024,1,dnse,2026-09-21T07:14:24.587974+00:00
VNINDEX,1D,2021-02-22,1613960100,1173.57,1182.67,1169.12,1175.04,622766144,1,dnse,2026-09-21T07:14:24.587974+00:00
VNINDEX,1D,2021-02-23,1614046500,1174.57,1184.32,1168.32,1177.64,591988992,1,dnse,2026-09-21T07:14:24.587974+00:00
VNINDEX,1D,2021-02-24,1614132900,1184.32,1185.58,1154.36,1162.01,598665856,1,dnse,2026-09-21T07:14:24.587974+00:00
VNINDEX,1D,2021-02-25,1614219300,1169.97,1169.97,1155.74,1165.43,508740480,1,dnse,2026-09-21T07:14:24.587974+00:00
VNINDEX,1D,2021-02-26,1614305700,1148.88,1169.28,1148.88,1169.04,499873216,1,dnse,2026-09-21T07:14:24.587974+00:00
VNINDEX,1D,2021-03-01,1614564900,1176.93,1186.82,1174.45,1186.17,640006912,1,dnse,2026-09-21T07:14:24.587974+00:00
VNINDEX,1D,2021-03-02,1614651300,1196.16,1196.16,1181.99,1186.61,569568192,1,dnse,2026-09-21T07:14:24.587974+00:00
VNINDEX,1D,2021-03-03,1614737700,1184.73,1189.18,1180.25,1186.95,628660736,1,dnse,2026-09-21T07:14:24.587974+00:00
VNINDEX,1D,2021-03-04,1614824100,1191.78,1191.9,1159.48,1168.52,668388288,1,dnse,2026-09-21T07:14:24.587974+00:00
VNINDEX,1D,2021-03-05,1614910500,1164.19,1169.56,1155.6,1168.69,591770304,1,dnse,2026-09-21T07:14:24.587974+00:00
VNINDEX,1D,2021-03-08,1615169700,1180.33,1181.25,1164.02,1168.27,650153664,1,dnse,2026-09-21T07:14:24.587974+00:00
VNINDEX,1D,2021-03-09,1615256100,1160.96,1166.42,1150.94,1161.97,639095616,1,dnse,2026-09-21T07:14:24.587974+00:00
VNINDEX,1D,2021-03-10,1615342500,1163.86,1170.59,1154.89,1170.08,700688384,1,dnse,2026-09-21T07:14:24.587974+00:00
VNINDEX,1D,2021-03-11,1615428900,1170.08,1183.73,1170.08,1181.73,627326337,1,dnse,2026-09-21T07:14:24.587974+00:00
VNINDEX,1D,2021-03-12,1615515300,1185.21,1186.52,1178.14,1181.56,621833088,1,dnse,2026-09-21T07:14:24.587974+00:00
VNINDEX,1D,2021-03-15,1615774500,1183.89,1186.06,1178.8,1184.56,673179776,1,dnse,2026-09-21T07:14:24.587974+00:00
VNINDEX,1D,2021-03-16,1615860900,1184.91,1184.91,1171.76,1179.9,683298240,1,dnse,2026-09-21T07:14:24.587974+00:00
VNINDEX,1D,2021-03-17,1615947300,1178.64,1186.09,1176.26,1186.09,685116160,1,dnse,2026-09-21T07:14:24.587974+00:00
VNINDEX,1D,2021-03-18,1616033700,1196.6,1200.94,1191.94,1200.94,613144512,1,dnse,2026-09-21T07:14:24.587974+00:00
VNINDEX,1D,2021-03-19,1616120100,1195.47,1199.67,1191.96,1194.05,668228928,1,dnse,2026-09-21T07:14:24.587974+00:00
VNINDEX,1D,2021-03-22,1616379300,1200.05,1200.21,1189.31,1194.43,698752896,1,dnse,2026-09-21T07:14:24.587974+00:00
VNINDEX,1D,2021-03-23,1616465700,1190.28,1191.47,1177.1,1183.45,681511552,1,dnse,2026-09-21T07:14:24.587974+00:00
VNINDEX,1D,2021-03-24,1616552100,1169.42,1174.2,1154.22,1161.81,745117824,1,dnse,2026-09-21T07:14:24.587974+00:00
VNINDEX,1D,2021-03-25,1616638500,1164.41,1170.76,1154.44,1163.1,680121344,1,dnse,2026-09-21T07:14:24.587974+00:00
VNINDEX,1D,2021-03-26,1616724900,1162.71,1165.76,1137.9,1148.46,553416960,1,dnse,2026-09-21T07:14:24.587974+00:00
VNINDEX,1D,2021-03-29,1616984100,1169.65,1175.77,1165.78,1175.68,658223232,1,dnse,2026-09-21T07:14:24.587974+00:00
VNINDEX,1D,2021-03-30,1617070500,1179.64,1187.29,1172.85,1186.36,775502144,1,dnse,2026-09-21T07:14:24.587974+00:00
VNINDEX,1D,2021-03-31,1617156900,1186.36,1196.45,1186.36,1191.44,701422849,1,dnse,2026-09-21T07:14:24.587974+00:00
VNINDEX,1D,2021-04-01,1617243300,1194.59,1217.26,1192.83,1216.1,669558848,1,dnse,2026-09-21T07:14:24.587974+00:00
VNINDEX,1D,2021-04-02,1617329700,1225.76,1228.29,1221.07,1224.45,660388032,1,dnse,2026-09-21T07:14:24.587974+00:00
VNINDEX,1D,2021-04-05,1617588900,1245.28,1245.28,1228.18,1236.05,689912832,1,dnse,2026-09-21T07:14:24.587974+00:00
VNINDEX,1D,2021-04-06,1617675300,1233.37,1244.63,1231.14,1239.96,688807040,1,dnse,2026-09-21T07:14:24.587974+00:00
VNINDEX,1D,2021-04-07,1617761700,1237.39,1242.38,1232.52,1242.38,721204096,1,dnse,2026-09-21T07:14:24.587974+00:00
VNINDEX,1D,2021-04-08,1617848100,1242.38,1246.4,1232.26,1234.89,661930752,1,dnse,2026-09-21T07:14:24.587974+00:00
VNINDEX,1D,2021-04-09,1617934500,1231.51,1234.98,1227.6,1231.66,728188224,1,dnse,2026-09-21T07:14:24.587974+00:00
VNINDEX,1D,2021-04-12,1618193700,1236.79,1252.45,1232.35,1252.45,886260608,1,dnse,2026-09-21T07:14:24.587974+00:00
VNINDEX,1D,2021-04-13,1618280100,1262.44,1268.02,1247.66,1248.33,1020857664,1,dnse,2026-09-21T07:14:24.587974+00:00
VNINDEX,1D,2021-04-14,1618366500,1240.9,1255.87,1233.01,1255.87,860784640,1,dnse,2026-09-21T07:14:24.587974+00:00
VNINDEX,1D,2021-04-15,1618452900,1262.25,1265.87,1247.25,1247.25,798227840,1,dnse,2026-09-21T07:14:24.587974+00:00
VNINDEX,1D,2021-04-16,1618539300,1245.06,1254.61,1227.14,1238.71,982946240,1,dnse,2026-09-21T07:14:24.587974+00:00
VNINDEX,1D,2021-04-19,1618798500,1243.58,1260.58,1233.77,1260.58,812583744,1,dnse,2026-09-21T07:14:24.587974+00:00
VNINDEX,1D,2021-04-20,1618884900,1267.74,1286.32,1261.28,1268.28,839123776,1,dnse,2026-09-21T07:14:24.587974+00:00
VNINDEX,1D,2021-04-22,1619057700,1264.31,1271.98,1227.82,1227.82,764632896,1,dnse,2026-09-21T07:14:24.587974+00:00
VNINDEX,1D,2021-04-23,1619144100,1227.18,1248.53,1216.15,1248.53,712385664,1,dnse,2026-09-21T07:14:24.587974+00:00
VNINDEX,1D,2021-04-26,1619403300,1251.25,1251.25,1214.14,1215.77,741112448,1,dnse,2026-09-21T07:14:24.587974+00:00
VNINDEX,1D,2021-04-27,1619489700,1213.84,1220.96,1204.14,1219.75,593764800,1,dnse,2026-09-21T07:14:24.587974+00:00
VNINDEX,1D,2021-04-28,1619576100,1220.26,1230.91,1217.49,1229.55,610754496,1,dnse,2026-09-21T07:14:24.587974+00:00
VNINDEX,1D,2021-04-29,1619662500,1234.91,1239.39,1231.25,1239.39,640565952,1,dnse,2026-09-21T07:14:24.587974+00:00
VNINDEX,1D,2021-05-04,1620094500,1222.08,1242.8,1212.56,1242.2,786542656,1,dnse,2026-09-21T07:14:24.587974+00:00
VNINDEX,1D,2021-05-05,1620180900,1244.69,1265.93,1244.69,1256.43,742476864,1,dnse,2026-09-21T07:14:24.587974+00:00
VNINDEX,1D,2021-05-06,1620267300,1255.42,1261.49,1246.64,1250.57,727607808,1,dnse,2026-09-21T07:14:24.587974+00:00
VNINDEX,1D,2021-05-07,1620353700,1245.48,1250.5,1231.92,1241.81,779989376,1,dnse,2026-09-21T07:14:24.587974+00:00
VNINDEX,1D,2021-05-10,1620612900,1239.96,1259.58,1236.85,1259.58,769141824,1,dnse,2026-09-21T07:14:24.587974+00:00
VNINDEX,1D,2021-05-11,1620699300,1265.11,1272.55,1256.04,1256.04,763921920,1,dnse,2026-09-21T07:14:24.587974+00:00
VNINDEX,1D,2021-05-12,1620785700,1251.97,1269.09,1249.18,1269.09,697701376,1,dnse,2026-09-21T07:14:24.587974+00:00
VNINDEX,1D,2021-05-13,1620872100,1262.98,1273.49,1261.99,1261.99,703813056,1,dnse,2026-09-21T07:14:24.587974+00:00
VNINDEX,1D,2021-05-14,1620958500,1266.43,1271.45,1259.97,1266.36,729990336,1,dnse,2026-09-21T07:14:24.587974+00:00
VNINDEX,1D,2021-05-17,1621217700,1272.55,1277.83,1258.5,1258.7,754980160,1,dnse,2026-09-21T07:14:24.587974+00:00
VNINDEX,1D,2021-05-18,1621304100,1259.57,1262.22,1249.02,1252.68,690106304,1,dnse,2026-09-21T07:14:24.587974+00:00
VNINDEX,1D,2021-05-19,1621390500,1254.78,1262.71,1250.58,1262.49,691145664,1,dnse,2026-09-21T07:14:24.587974+00:00
VNINDEX,1D,2021-05-20,1621476900,1264.62,1278.22,1255.78,1278.22,740844160,1,dnse,2026-09-21T07:14:24.587974+00:00
VNINDEX,1D,2021-05-21,1621563300,1272.84,1289.03,1268.46,1283.93,692529920,1,dnse,2026-09-21T07:14:24.587974+00:00
VNINDEX,1D,2021-05-24,1621822500,1287.5,1299.83,1287.36,1297.98,710524160,1,dnse,2026-09-21T07:14:24.587974+00:00
VNINDEX,1D,2021-05-25,1621908900,1299.19,1308.58,1297.23,1308.58,673821376,1,dnse,2026-09-21T07:14:24.587974+00:00
VNINDEX,1D,2021-05-26,1621995300,1308.04,1317.3,1304.68,1316.7,710504384,1,dnse,2026-09-21T07:14:24.587974+00:00
VNINDEX,1D,2021-05-27,1622081700,1318.42,1319.67,1299.99,1303.57,730038906,1,dnse,2026-09-21T07:14:24.587974+00:00
VNINDEX,1D,2021-05-28,1622168100,1307.79,1323.09,1300.06,1320.46,768362752,1,dnse,2026-09-21T07:14:24.587974+00:00
VNINDEX,1D,2021-05-31,1622427300,1326.65,1328.05,1307.56,1328.05,730465660,1,dnse,2026-09-21T07:14:24.587974+00:00
VNINDEX,1D,2021-06-01,1622513700,1329.47,1346.34,1328.84,1337.78,629421184,1,dnse,2026-09-21T07:14:24.587974+00:00
VNINDEX,1D,2021-06-02,1622600100,1337.78,1344.98,1330.82,1340.78,804521921,1,dnse,2026-09-21T07:14:24.587974+00:00
VNINDEX,1D,2021-06-03,1622686500,1345.21,1366.0,1345.21,1364.28,895269252,1,dnse,2026-09-21T07:14:24.587974+00:00
VNINDEX,1D,2021-06-04,1622772900,1367.06,1374.05,1360.42,1374.05,940314240,1,dnse,2026-09-21T07:14:24.587974+00:00
VNINDEX,1D,2021-06-07,1623032100,1374.8,1375.74,1347.21,1358.78,872809900,1,dnse,2026-09-21T07:14:24.587974+00:00
VNINDEX,1D,2021-06-08,1623118500,1355.36,1364.48,1318.11,1319.88,921420544,1,dnse,2026-09-21T07:14:24.587974+00:00
VNINDEX,1D,2021-06-09,1623204900,1323.52,1339.14,1312.08,1332.9,818482876,1,dnse,2026-09-21T07:14:24.587974+00:00
VNINDEX,1D,2021-06-10,1623291300,1332.9,1336.71,1317.49,1323.58,719836672,1,dnse,2026-09-21T07:14:24.587974+00:00
VNINDEX,1D,2021-06-11,1623377700,1326.79,1352.47,1322.08,1351.74,729930560,1,dnse,2026-09-21T07:14:24.587974+00:00
VNINDEX,1D,2021-06-14,1623636900,1352.73,1368.53,1352.73,1361.72,774566720,1,dnse,2026-09-21T07:14:24.587974+00:00
VNINDEX,1D,2021-06-15,1623723300,1361.58,1372.72,1356.59,1367.36,727219584,1,dnse,2026-09-21T07:14:24.587974+00:00
VNINDEX,1D,2021-06-16,1623809700,1363.85,1370.14,1350.73,1356.52,765679296,1,dnse,2026-09-21T07:14:24.587974+00:00
VNINDEX,1D,2021-06-17,1623896100,1341.06,1364.55,1337.49,1359.92,758000128,1,dnse,2026-09-21T07:14:24.587974+00:00
VNINDEX,1D,2021-06-18,1623982500,1366.19,1377.77,1363.52,1377.77,797554560,1,dnse,2026-09-21T07:14:24.587974+00:00
VNINDEX,1D,2021-06-21,1624241700,1373.59,1381.74,1367.85,1372.63,765113216,1,dnse,2026-09-21T07:14:24.587974+00:00
VNINDEX,1D,2021-06-22,1624328100,1380.84,1385.98,1375.0,1379.97,742905280,1,dnse,2026-09-21T07:14:24.587974+00:00
VNINDEX,1D,2021-06-23,1624414500,1383.15,1388.33,1372.06,1376.87,687378304,1,dnse,2026-09-21T07:14:24.587974+00:00
VNINDEX,1D,2021-06-24,1624500900,1376.87,1384.71,1372.99,1379.72,590234304,1,dnse,2026-09-21T07:14:24.587974+00:00
VNINDEX,1D,2021-06-25,1624587300,1382.11,1390.12,1372.8,1390.12,591310976,1,dnse,2026-09-21T07:14:24.587974+00:00
VNINDEX,1D,2021-06-28,1624846500,1397.96,1406.02,1390.56,1405.81,693161344,1,dnse,2026-09-21T07:14:24.587974+00:00
VNINDEX,1D,2021-06-29,1624932900,1408.34,1416.34,1406.87,1410.04,634305152,1,dnse,2026-09-21T07:14:24.587974+00:00
VNINDEX,1D,2021-06-30,1625019300,1410.83,1419.61,1408.18,1408.55,585257536,1,dnse,2026-09-21T07:14:24.587974+00:00
VNINDEX,1D,2021-07-01,1625105700,1412.15,1417.27,1402.18,1417.08,744995840,1,dnse,2026-09-21T07:14:24.587974+00:00
VNINDEX,1D,2021-07-02,1625192100,1422.89,1424.28,1415.82,1420.27,703308800,1,dnse,2026-09-21T07:14:24.587974+00:00
VNINDEX,1D,2021-07-05,1625451300,1420.27,1420.27,1394.68,1411.13,817327360,1,dnse,2026-09-21T07:14:24.587974+00:00
VNINDEX,1D,2021-07-06,1625537700,1411.13,1418.99,1354.79,1354.79,803157248,1,dnse,2026-09-21T07:14:24.587974+00:00
VNINDEX,1D,2021-07-07,1625624100,1354.79,1388.55,1334.88,1388.55,780790656,1,dnse,2026-09-21T07:14:24.587974+00:00
VNINDEX,1D,2021-07-08,1625710500,1388.55,1388.55,1363.92,1374.68,549356224,1,dnse,2026-09-21T07:14:24.587974+00:00
VNINDEX,1D,2021-07-09,1625796900,1374.68,1374.68,1335.9,1347.14,753739904,1,dnse,2026-09-21T07:14:24.587974+00:00
VNINDEX,1D,2021-07-15,1626315300,1270.95,1299.18,1270.95,1293.92,439087200,1,dnse,2026-09-21T07:14:24.587974+00:00
VNINDEX,1D,2021-07-16,1626401700,1299.05,1304.37,1296.06,1299.31,462262304,1,dnse,2026-09-21T07:14:24.587974+00:00
VNINDEX,1D,2021-07-19,1626660900,1270.7,1276.55,1237.79,1243.51,729253504,1,dnse,2026-09-21T07:14:24.587974+00:00
VNINDEX,1D,2021-07-20,1626747300,1247.49,1273.29,1225.52,1273.29,566382080,1,dnse,2026-09-21T07:14:24.587974+00:00
VNINDEX,1D,2021-07-21,1626833700,1277.87,1284.33,1266.71,1270.79,448559744,1,dnse,2026-09-21T07:14:24.587974+00:00
VNINDEX,1D,2021-07-22,1626920100,1270.57,1294.16,1266.54,1293.67,534550656,1,dnse,2026-09-21T07:14:24.587974+00:00
VNINDEX,1D,2021-07-26,1627265700,1261.91,1277.33,1254.57,1272.71,504503840,1,dnse,2026-09-21T07:14:24.587974+00:00
VNINDEX,1D,2021-07-27,1627352100,1283.89,1288.35,1276.53,1276.93,552081024,1,dnse,2026-09-21T07:14:24.587974+00:00
VNINDEX,1D,2021-07-28,1627438500,1273.45,1281.17,1271.78,1277.07,403539872,1,dnse,2026-09-21T07:14:24.587974+00:00
VNINDEX,1D,2021-07-29,1627524900,1287.27,1293.6,1282.88,1293.6,490637024,1,dnse,2026-09-21T07:14:24.587974+00:00
VNINDEX,1D,2021-07-30,1627611300,1297.18,1311.97,1296.95,1310.05,635233408,1,dnse,2026-09-21T07:14:24.587974+00:00
VNINDEX,1D,2021-08-02,1627870500,1308.53,1322.35,1304.49,1314.22,613293760,1,dnse,2026-09-21T07:14:24.587974+00:00
VNINDEX,1D,2021-08-03,1627956900,1315.87,1332.44,1315.57,1332.44,646811840,1,dnse,2026-09-21T07:14:24.587974+00:00
VNINDEX,1D,2021-08-04,1628043300,1336.63,1340.76,1328.4,1334.74,660956672,1,dnse,2026-09-21T07:14:24.587974+00:00
VNINDEX,1D,2021-08-05,1628129700,1331.56,1346.62,1326.8,1345.55,631647040,1,dnse,2026-09-21T07:14:24.587974+00:00
VNINDEX,1D,2021-08-06,1628216100,1348.97,1351.85,1341.45,1341.45,732191360,1,dnse,2026-09-21T07:14:24.587974+00:00
VNINDEX,1D,2021-08-09,1628475300,1337.71,1361.12,1334.69,1359.86,687149696,1,dnse,2026-09-21T07:14:24.587974+00:00
VNINDEX,1D,2021-08-10,1628561700,1367.49,1370.35,1358.12,1362.43,714066816,1,dnse,2026-09-21T07:14:24.587974+00:00
VNINDEX,1D,2021-08-11,1628648100,1365.07,1374.03,1357.79,1357.79,805842048,1,dnse,2026-09-21T07:14:24.587974+00:00
VNINDEX,1D,2021-08-12,1628734500,1356.0,1365.01,1353.05,1353.05,741464320,1,dnse,2026-09-21T07:14:24.587974+00:00
VNINDEX,1D,2021-08-13,1628820900,1351.88,1357.41,1336.74,1357.05,740370496,1,dnse,2026-09-21T07:14:24.587974+00:00
VNINDEX,1D,2021-08-16,1629080100,1363.76,1372.33,1361.75,1370.96,826644480,1,dnse,2026-09-21T07:14:24.587974+00:00
VNINDEX,1D,2021-08-17,1629166500,1377.22,1379.7,1359.11,1363.09,767520384,1,dnse,2026-09-21T07:14:24.587974+00:00
VNINDEX,1D,2021-08-18,1629252900,1362.29,1370.5,1355.83,1360.94,688297024,1,dnse,2026-09-21T07:14:24.587974+00:00
VNINDEX,1D,2021-08-19,1629339300,1360.56,1374.85,1352.94,1374.85,726525632,1,dnse,2026-09-21T07:14:24.587974+00:00
VNINDEX,1D,2021-08-20,1629425700,1368.38,1369.39,1317.52,1329.43,1202935936,1,dnse,2026-09-21T07:14:24.587974+00:00
VNINDEX,1D,2021-08-23,1629684900,1323.28,1327.04,1298.86,1298.86,794012096,1,dnse,2026-09-21T07:14:24.587974+00:00
VNINDEX,1D,2021-08-24,1629771300,1304.23,1307.56,1289.16,1298.74,710500160,1,dnse,2026-09-21T07:14:24.587974+00:00
VNINDEX,1D,2021-08-25,1629857700,1301.42,1309.8,1291.7,1309.55,518735872,1,dnse,2026-09-21T07:14:24.587974+00:00
VNINDEX,1D,2021-08-26,1629944100,1313.14,1316.26,1295.77,1301.12,520458720,1,dnse,2026-09-21T07:14:24.587974+00:00
VNINDEX,1D,2021-08-27,1630030500,1295.9,1313.2,1285.16,1313.2,682595904,1,dnse,2026-09-21T07:14:24.587974+00:00
VNINDEX,1D,2021-08-30,1630289700,1323.09,1329.62,1318.76,1328.14,673820096,1,dnse,2026-09-21T07:14:24.587974+00:00
VNINDEX,1D,2021-08-31,1630376100,1332.95,1336.14,1325.69,1331.47,730907904,1,dnse,2026-09-21T07:14:24.587974+00:00
VNINDEX,1D,2021-09-01,1630462500,1328.86,1338.02,1328.13,1334.65,718513280,1,dnse,2026-09-21T07:14:24.587974+00:00
VNINDEX,1D,2021-09-06,1630894500,1341.34,1348.36,1339.8,1346.39,940656000,1,dnse,2026-09-21T07:14:24.587974+00:00
VNINDEX,1D,2021-09-07,1630980900,1349.12,1353.66,1340.32,1341.9,869134848,1,dnse,2026-09-21T07:14:24.587974+00:00
VNINDEX,1D,2021-09-08,1631067300,1344.48,1344.49,1328.35,1333.61,625074944,1,dnse,2026-09-21T07:14:24.587974+00:00
VNINDEX,1D,2021-09-09,1631153700,1334.63,1345.59,1332.67,1343.98,634258560,1,dnse,2026-09-21T07:14:24.587974+00:00
VNINDEX,1D,2021-09-10,1631240100,1349.29,1350.43,1345.07,1345.31,597835328,1,dnse,2026-09-21T07:14:24.587974+00:00
VNINDEX,1D,2021-09-13,1631499300,1348.27,1350.69,1340.5,1341.43,771718272,1,dnse,2026-09-21T07:14:24.587974+00:00
VNINDEX,1D,2021-09-14,1631585700,1343.88,1349.13,1336.84,1339.7,726923584,1,dnse,2026-09-21T07:14:24.587974+00:00
VNINDEX,1D,2021-09-15,1631672100,1338.45,1347.7,1334.97,1345.83,681041152,1,dnse,2026-09-21T07:14:24.587974+00:00
VNINDEX,1D,2021-09-16,1631758500,1351.99,1353.12,1341.23,1345.87,595423424,1,dnse,2026-09-21T07:14:24.587974+00:00
VNINDEX,1D,2021-09-17,1631844900,1347.77,1356.45,1347.13,1352.64,848579968,1,dnse,2026-09-21T07:14:24.587974+00:00
VNINDEX,1D,2021-09-20,1632104100,1360.86,1365.92,1349.18,1350.48,891279104,1,dnse,2026-09-21T07:14:24.587974+00:00
VNINDEX,1D,2021-09-21,1632190500,1336.92,1346.32,1324.82,1339.84,852484544,1,dnse,2026-09-21T07:14:24.587974+00:00
VNINDEX,1D,2021-09-22,1632276900,1344.84,1350.71,1336.63,1350.68,773613632,1,dnse,2026-09-21T07:14:24.587974+00:00
VNINDEX,1D,2021-09-23,1632363300,1358.64,1361.09,1350.43,1352.76,992678016,1,dnse,2026-09-21T07:14:24.587974+00:00
VNINDEX,1D,2021-09-24,1632449700,1355.31,1356.97,1348.07,1351.17,668809664,1,dnse,2026-09-21T07:14:24.587974+00:00
VNINDEX,1D,2021-09-27,1632708900,1353.44,1354.38,1324.99,1324.99,776728320,1,dnse,2026-09-21T07:14:24.587974+00:00
VNINDEX,1D,2021-09-28,1632795300,1320.12,1341.81,1316.41,1339.31,621919168,1,dnse,2026-09-21T07:14:24.587974+00:00
VNINDEX,1D,2021-09-29,1632881700,1338.29,1340.9,1328.17,1339.21,596805632,1,dnse,2026-09-21T07:14:24.587974+00:00
VNINDEX,1D,2021-09-30,1632968100,1342.24,1348.89,1341.15,1342.06,472897120,1,dnse,2026-09-21T07:14:24.587974+00:00
VNINDEX,1D,2021-10-01,1633054500,1340.29,1344.06,1332.97,1334.89,732745088,1,dnse,2026-09-21T07:14:24.587974+00:00
VNINDEX,1D,2021-10-04,1633313700,1338.97,1347.49,1333.53,1339.54,734807360,1,dnse,2026-09-21T07:14:24.587974+00:00
VNINDEX,1D,2021-10-05,1633400100,1345.13,1354.63,1343.67,1354.63,632801600,1,dnse,2026-09-21T07:14:24.587974+00:00
VNINDEX,1D,2021-10-06,1633486500,1359.24,1362.82,1355.0,1362.82,632608576,1,dnse,2026-09-21T07:14:24.587974+00:00
VNINDEX,1D,2021-10-07,1633572900,1366.39,1367.64,1360.57,1365.99,692447488,1,dnse,2026-09-21T07:14:24.587974+00:00
VNINDEX,1D,2021-10-08,1633659300,1369.33,1373.18,1365.93,1372.73,631841152,1,dnse,2026-09-21T07:14:24.587974+00:00
VNINDEX,1D,2021-10-11,1633918500,1377.52,1394.64,1377.3,1394.09,763575296,1,dnse,2026-09-21T07:14:24.587974+00:00
VNINDEX,1D,2021-10-12,1634004900,1398.19,1400.78,1389.43,1394.8,738382336,1,dnse,2026-09-21T07:14:24.587974+00:00
VNINDEX,1D,2021-10-13,1634091300,1398.14,1400.67,1389.61,1391.91,644516160,1,dnse,2026-09-21T07:14:24.587974+00:00
VNINDEX,1D,2021-10-14,1634177700,1393.27,1398.67,1388.89,1391.85,708552384,1,dnse,2026-09-21T07:14:24.587974+00:00
VNINDEX,1D,2021-10-15,1634264100,1395.64,1399.03,1388.0,1392.7,781275072,1,dnse,2026-09-21T07:14:24.587974+00:00
VNINDEX,1D,2021-10-18,1634523300,1395.68,1402.63,1390.88,1395.53,787297792,1,dnse,2026-09-21T07:14:24.587974+00:00
VNINDEX,1D,2021-10-19,1634609700,1395.35,1399.66,1388.95,1395.33,634701568,1,dnse,2026-09-21T07:14:24.587974+00:00
VNINDEX,1D,2021-10-20,1634696100,1398.37,1401.76,1376.15,1393.8,837495232,1,dnse,2026-09-21T07:14:24.587974+00:00
VNINDEX,1D,2021-10-21,1634782500,1397.55,1398.45,1384.77,1384.77,707026560,1,dnse,2026-09-21T07:14:24.587974+00:00
VNINDEX,1D,2021-10-22,1634868900,1388.82,1393.7,1385.53,1389.24,795578112,1,dnse,2026-09-21T07:14:24.587974+00:00
VNINDEX,1D,2021-10-25,1635128100,1395.14,1395.69,1385.4,1385.4,898401600,1,dnse,2026-09-21T07:14:24.587974+00:00
VNINDEX,1D,2021-10-26,1635214500,1384.45,1393.03,1377.56,1391.63,745308032,1,dnse,2026-09-21T07:14:24.587974+00:00
VNINDEX,1D,2021-10-27,1635300900,1397.49,1423.02,1395.83,1423.02,928049600,1,dnse,2026-09-21T07:14:24.587974+00:00
VNINDEX,1D,2021-10-28,1635387300,1427.39,1440.64,1420.42,1438.01,861708800,1,dnse,2026-09-21T07:14:24.587974+00:00
VNINDEX,1D,2021-10-29,1635473700,1439.27,1447.62,1432.19,1444.27,978806592,1,dnse,2026-09-21T07:14:24.587974+00:00
VNINDEX,1D,2021-11-01,1635732900,1448.58,1451.81,1435.57,1438.97,1130970368,1,dnse,2026-09-21T07:14:24.587974+00:00
VNINDEX,1D,2021-11-02,1635819300,1439.9,1452.46,1438.83,1452.46,1007353920,1,dnse,2026-09-21T07:14:24.587974+00:00
VNINDEX,1D,2021-11-03,1635905700,1459.48,1463.63,1440.67,1444.3,1500452736,1,dnse,2026-09-21T07:14:24.587974+00:00
VNINDEX,1D,2021-11-04,1635992100,1443.06,1451.98,1435.84,1448.34,925156672,1,dnse,2026-09-21T07:14:24.587974+00:00
VNINDEX,1D,2021-11-05,1636078500,1450.63,1459.93,1444.51,1456.51,870062656,1,dnse,2026-09-21T07:14:24.587974+00:00
VNINDEX,1D,2021-11-08,1636337700,1462.5,1470.49,1456.9,1467.57,1053921152,1,dnse,2026-09-21T07:14:24.587974+00:00
VNINDEX,1D,2021-11-09,1636424100,1470.35,1474.2,1457.57,1461.5,1026660480,1,dnse,2026-09-21T07:14:24.587974+00:00
VNINDEX,1D,2021-11-10,1636510500,1465.48,1470.19,1457.98,1465.02,983535808,1,dnse,2026-09-21T07:14:24.587974+00:00
VNINDEX,1D,2021-11-11,1636596900,1469.26,1472.89,1449.18,1462.35,1259121024,1,dnse,2026-09-21T07:14:24.587974+00:00
VNINDEX,1D,2021-11-12,1636683300,1464.58,1474.98,1453.22,1473.37,942625984,1,dnse,2026-09-21T07:14:24.587974+00:00
VNINDEX,1D,2021-11-15,1636942500,1481.96,1481.96,1466.01,1476.57,1172819328,1,dnse,2026-09-21T07:14:24.587974+00:00
VNINDEX,1D,2021-11-16,1637028900,1472.15,1476.97,1459.08,1466.45,1216002560,1,dnse,2026-09-21T07:14:24.587974+00:00
VNINDEX,1D,2021-11-17,1637115300,1467.83,1477.04,1464.78,1475.85,854638976,1,dnse,2026-09-21T07:14:24.587974+00:00
VNINDEX,1D,2021-11-18,1637201700,1478.82,1482.68,1469.83,1469.83,1087978496,1,dnse,2026-09-21T07:14:24.587974+00:00
VNINDEX,1D,2021-11-19,1637288100,1474.86,1481.53,1434.69,1452.35,1518391424,1,dnse,2026-09-21T07:14:24.587974+00:00
VNINDEX,1D,2021-11-22,1637547300,1452.94,1466.46,1442.85,1447.25,1261482496,1,dnse,2026-09-21T07:14:24.587974+00:00
VNINDEX,1D,2021-11-23,1637633700,1442.2,1463.63,1438.41,1463.63,878628352,1,dnse,2026-09-21T07:14:24.587974+00:00
VNINDEX,1D,2021-11-24,1637720100,1471.24,1491.05,1467.29,1488.87,1114417792,1,dnse,2026-09-21T07:14:24.587974+00:00
VNINDEX,1D,2021-11-25,1637806500,1496.69,1505.36,1490.32,1500.81,1001072896,1,dnse,2026-09-21T07:14:24.587974+00:00
VNINDEX,1D,2021-11-26,1637892900,1506.64,1511.68,1488.83,1493.03,1053654464,1,dnse,2026-09-21T07:14:24.587974+00:00
VNINDEX,1D,2021-11-29,1638152100,1469.24,1488.93,1468.25,1484.84,1010860608,1,dnse,2026-09-21T07:14:24.587974+00:00
VNINDEX,1D,2021-11-30,1638238500,1497.06,1503.09,1471.57,1478.44,1084182016,1,dnse,2026-09-21T07:14:24.587974+00:00
VNINDEX,1D,2021-12-01,1638324900,1477.84,1487.68,1471.3,1485.19,870021888,1,dnse,2026-09-21T07:14:24.587974+00:00
VNINDEX,1D,2021-12-02,1638411300,1489.04,1493.84,1482.05,1482.05,761232832,1,dnse,2026-09-21T07:14:24.587974+00:00
VNINDEX,1D,2021-12-03,1638497700,1490.4,1491.2,1443.32,1443.32,1090061056,1,dnse,2026-09-21T07:14:24.587974+00:00
VNINDEX,1D,2021-12-06,1638756900,1447.52,1452.55,1400.87,1413.58,1034718208,1,dnse,2026-09-21T07:14:24.587974+00:00
VNINDEX,1D,2021-12-07,1638843300,1428.47,1446.77,1421.6,1446.77,754054336,1,dnse,2026-09-21T07:14:24.587974+00:00
VNINDEX,1D,2021-12-08,1638929700,1452.09,1460.28,1447.88,1452.87,767416000,1,dnse,2026-09-21T07:14:24.587974+00:00
VNINDEX,1D,2021-12-09,1639016100,1448.18,1467.98,1446.88,1467.98,659412480,1,dnse,2026-09-21T07:14:24.587974+00:00
VNINDEX,1D,2021-12-10,1639102500,1470.55,1475.85,1461.78,1463.54,797823488,1,dnse,2026-09-21T07:14:24.587974+00:00
VNINDEX,1D,2021-12-13,1639361700,1471.27,1481.7,1470.08,1476.21,859105472,1,dnse,2026-09-21T07:14:24.587974+00:00
VNINDEX,1D,2021-12-14,1639448100,1476.58,1485.14,1469.21,1476.02,961817920,1,dnse,2026-09-21T07:14:24.587974+00:00
VNINDEX,1D,2021-12-15,1639534500,1476.43,1481.67,1468.21,1475.5,904653440,1,dnse,2026-09-21T07:14:24.587974+00:00
VNINDEX,1D,2021-12-16,1639620900,1482.19,1482.32,1468.95,1476.61,925186624,1,dnse,2026-09-21T07:14:24.587974+00:00
VNINDEX,1D,2021-12-17,1639707300,1482.62,1487.73,1479.79,1479.79,1113566720,1,dnse,2026-09-21T07:14:24.587974+00:00
VNINDEX,1D,2021-12-20,1639966500,1482.09,1483.23,1468.88,1477.33,955232640,1,dnse,2026-09-21T07:14:24.587974+00:00
VNINDEX,1D,2021-12-21,1640052900,1475.31,1486.03,1472.43,1478.74,899152640,1,dnse,2026-09-21T07:14:24.587974+00:00
VNINDEX,1D,2021-12-22,1640139300,1485.4,1489.24,1471.84,1477.67,1066749760,1,dnse,2026-09-21T07:14:24.587974+00:00
VNINDEX,1D,2021-12-23,1640225700,1480.52,1481.21,1447.14,1456.96,1355777152,1,dnse,2026-09-21T07:14:24.587974+00:00
VNINDEX,1D,2021-12-24,1640312100,1465.0,1478.8,1456.32,1477.03,888131584,1,dnse,2026-09-21T07:14:24.587974+00:00
VNINDEX,1D,2021-12-27,1640571300,1485.1,1490.12,1469.91,1488.88,750900224,1,dnse,2026-09-21T07:14:24.587974+00:00
VNINDEX,1D,2021-12-28,1640657700,1497.16,1499.77,1483.97,1494.39,1000895104,1,dnse,2026-09-21T07:14:24.587974+00:00
VNINDEX,1D,2021-12-29,1640744100,1498.3,1498.91,1485.82,1485.82,840898240,1,dnse,2026-09-21T07:14:24.587974+00:00
VNINDEX,1D,2021-12-30,1640830500,1491.24,1493.38,1484.82,1485.97,747236992,1,dnse,2026-09-21T07:14:24.587974+00:00
VNINDEX,1D,2021-12-31,1640916900,1490.25,1499.07,1490.08,1498.28,873116160,1,dnse,2026-09-21T07:14:24.587974+00:00
VNINDEX,1D,2022-01-04,1641262500,1508.15,1526.69,1508.15,1525.58,881549760,1,dnse,2026-09-21T07:14:24.587974+00:00
VNINDEX,1D,2022-01-05,1641348900,1531.81,1535.82,1522.5,1522.5,1056163776,1,dnse,2026-09-21T07:14:24.587974+00:00
VNINDEX,1D,2022-01-06,1641435300,1518.78,1536.24,1518.18,1528.57,1117564800,1,dnse,2026-09-21T07:14:24.587974+00:00
VNINDEX,1D,2022-01-07,1641521700,1534.1,1534.52,1524.96,1528.48,1019140480,1,dnse,2026-09-21T07:14:24.587974+00:00
VNINDEX,1D,2022-01-10,1641780900,1530.74,1536.45,1503.71,1503.71,1369197184,1,dnse,2026-09-21T07:14:24.587974+00:00
VNINDEX,1D,2022-01-11,1641867300,1506.73,1512.05,1488.4,1492.31,1246802304,1,dnse,2026-09-21T07:14:24.587974+00:00
VNINDEX,1D,2022-01-12,1641953700,1491.3,1510.51,1464.49,1510.51,1129745664,1,dnse,2026-09-21T07:14:24.587974+00:00
VNINDEX,1D,2022-01-13,1642040100,1519.79,1522.6,1495.13,1496.05,993886208,1,dnse,2026-09-21T07:14:24.587974+00:00
VNINDEX,1D,2022-01-14,1642126500,1477.5,1503.25,1476.68,1496.02,784394560,1,dnse,2026-09-21T07:14:24.587974+00:00
VNINDEX,1D,2022-01-17,1642385700,1499.47,1503.86,1452.84,1452.84,985088256,1,dnse,2026-09-21T07:14:24.587974+00:00
VNINDEX,1D,2022-01-18,1642472100,1444.16,1452.14,1424.65,1438.94,738556992,1,dnse,2026-09-21T07:14:24.587974+00:00
VNINDEX,1D,2022-01-19,1642558500,1444.6,1449.11,1434.46,1442.79,635225024,1,dnse,2026-09-21T07:14:24.587974+00:00
VNINDEX,1D,2022-01-20,1642644900,1439.06,1469.08,1432.58,1465.3,785235712,1,dnse,2026-09-21T07:14:24.587974+00:00
VNINDEX,1D,2022-01-21,1642731300,1470.75,1477.09,1463.06,1472.89,810727744,1,dnse,2026-09-21T07:14:24.587974+00:00
VNINDEX,1D,2022-01-24,1642990500,1465.33,1467.99,1432.18,1439.71,824774592,1,dnse,2026-09-21T07:14:24.587974+00:00
VNINDEX,1D,2022-01-25,1643076900,1433.2,1479.58,1424.36,1479.58,747488320,1,dnse,2026-09-21T07:14:24.587974+00:00
VNINDEX,1D,2022-01-26,1643163300,1485.83,1490.45,1478.41,1481.58,809859520,1,dnse,2026-09-21T07:14:24.587974+00:00
VNINDEX,1D,2022-01-27,1643249700,1475.15,1486.39,1464.06,1470.76,563214464,1,dnse,2026-09-21T07:14:24.587974+00:00
VNINDEX,1D,2022-01-28,1643336100,1471.14,1484.48,1465.22,1478.96,698895872,1,dnse,2026-09-21T07:14:24.587974+00:00
VNINDEX,1D,2022-02-07,1644200100,1497.55,1505.69,1493.89,1497.66,577578688,1,dnse,2026-09-21T07:14:24.587974+00:00
VNINDEX,1D,2022-02-08,1644286500,1495.58,1503.33,1491.78,1500.99,732983104,1,dnse,2026-09-21T07:14:24.587974+00:00
VNINDEX,1D,2022-02-09,1644372900,1501.67,1511.72,1499.53,1505.38,793861952,1,dnse,2026-09-21T07:14:24.587974+00:00
VNINDEX,1D,2022-02-10,1644459300,1510.66,1512.88,1495.7,1506.79,679449792,1,dnse,2026-09-21T07:14:24.587974+00:00
VNINDEX,1D,2022-02-11,1644545700,1502.83,1508.54,1499.06,1501.71,634921088,1,dnse,2026-09-21T07:14:24.587974+00:00
VNINDEX,1D,2022-02-14,1644804900,1486.73,1495.99,1471.96,1471.96,800495488,1,dnse,2026-09-21T07:14:24.587974+00:00
VNINDEX,1D,2022-02-15,1644891300,1473.92,1495.56,1470.06,1492.75,605248896,1,dnse,2026-09-21T07:14:24.587974+00:00
VNINDEX,1D,2022-02-16,1644977700,1499.07,1499.5,1486.68,1492.1,702251584,1,dnse,2026-09-21T07:14:24.587974+00:00
VNINDEX,1D,2022-02-17,1645064100,1494.02,1507.99,1492.49,1507.99,608987520,1,dnse,2026-09-21T07:14:24.587974+00:00
VNINDEX,1D,2022-02-18,1645150500,1494.3,1507.29,1492.38,1504.84,696726720,1,dnse,2026-09-21T07:14:24.587974+00:00
VNINDEX,1D,2022-02-21,1645409700,1504.96,1516.63,1500.97,1510.84,788541632,1,dnse,2026-09-21T07:14:24.587974+00:00
VNINDEX,1D,2022-02-22,1645496100,1499.18,1506.38,1484.81,1503.47,903169984,1,dnse,2026-09-21T07:14:24.587974+00:00
VNINDEX,1D,2022-02-23,1645582500,1509.12,1520.78,1507.37,1512.3,692671488,1,dnse,2026-09-21T07:14:24.587974+00:00
VNINDEX,1D,2022-02-24,1645668900,1508.73,1513.25,1473.76,1494.85,1158726528,1,dnse,2026-09-21T07:14:24.587974+00:00
VNINDEX,1D,2022-02-25,1645755300,1504.55,1512.05,1494.85,1498.89,767097728,1,dnse,2026-09-21T07:14:24.587974+00:00
VNINDEX,1D,2022-02-28,1646014500,1499.43,1502.36,1487.57,1490.13,729177536,1,dnse,2026-09-21T07:14:24.587974+00:00
VNINDEX,1D,2022-03-01,1646100900,1493.93,1501.73,1491.48,1498.78,842192192,1,dnse,2026-09-21T07:14:24.587974+00:00
VNINDEX,1D,2022-03-02,1646187300,1499.37,1500.41,1479.55,1485.52,936451904,1,dnse,2026-09-21T07:14:24.587974+00:00
VNINDEX,1D,2022-03-03,1646273700,1492.48,1505.0,1487.69,1505.0,921857664,1,dnse,2026-09-21T07:14:24.587974+00:00
VNINDEX,1D,2022-03-04,1646360100,1505.0,1509.19,1501.39,1505.33,924964992,1,dnse,2026-09-21T07:14:24.587974+00:00
VNINDEX,1D,2022-03-07,1646619300,1500.65,1505.32,1493.87,1499.05,971475776,1,dnse,2026-09-21T07:14:24.587974+00:00
VNINDEX,1D,2022-03-08,1646705700,1487.37,1499.05,1473.71,1473.71,1030217920,1,dnse,2026-09-21T07:14:24.587974+00:00
VNINDEX,1D,2022-03-09,1646792100,1478.43,1482.86,1462.8,1473.74,921452288,1,dnse,2026-09-21T07:14:24.587974+00:00
VNINDEX,1D,2022-03-10,1646878500,1485.11,1488.59,1476.76,1479.08,648611328,1,dnse,2026-09-21T07:14:24.587974+00:00
VNINDEX,1D,2022-03-11,1646964900,1478.44,1480.29,1458.88,1466.54,877365504,1,dnse,2026-09-21T07:14:24.587974+00:00
VNINDEX,1D,2022-03-14,1647224100,1459.28,1466.54,1439.19,1446.25,855380032,1,dnse,2026-09-21T07:14:24.587974+00:00
VNINDEX,1D,2022-03-15,1647310500,1444.92,1453.07,1437.27,1452.74,672243776,1,dnse,2026-09-21T07:14:24.587974+00:00
VNINDEX,1D,2022-03-16,1647396900,1459.68,1462.98,1453.91,1459.33,622497536,1,dnse,2026-09-21T07:14:24.587974+00:00
VNINDEX,1D,2022-03-17,1647483300,1466.56,1467.74,1459.14,1461.34,715216192,1,dnse,2026-09-21T07:14:24.587974+00:00
VNINDEX,1D,2022-03-18,1647569700,1467.67,1474.86,1465.57,1469.1,792375744,1,dnse,2026-09-21T07:14:24.587974+00:00
VNINDEX,1D,2022-03-21,1647828900,1474.78,1494.95,1474.38,1494.95,787335936,1,dnse,2026-09-21T07:14:24.587974+00:00
VNINDEX,1D,2022-03-22,1647915300,1500.08,1507.71,1494.95,1503.78,941863744,1,dnse,2026-09-21T07:14:24.587974+00:00
VNINDEX,1D,2022-03-23,1648001700,1505.76,1513.9,1501.67,1502.34,853836160,1,dnse,2026-09-21T07:14:24.587974+00:00
VNINDEX,1D,2022-03-24,1648088100,1503.91,1505.39,1495.18,1498.26,783228608,1,dnse,2026-09-21T07:14:24.587974+00:00
VNINDEX,1D,2022-03-25,1648174500,1500.17,1503.29,1494.55,1498.5,766886848,1,dnse,2026-09-21T07:14:24.587974+00:00
VNINDEX,1D,2022-03-28,1648433700,1490.44,1496.79,1473.8,1483.18,1062270016,1,dnse,2026-09-21T07:14:24.587974+00:00
VNINDEX,1D,2022-03-29,1648520100,1487.57,1498.45,1485.22,1497.76,730062528,1,dnse,2026-09-21T07:14:24.587974+00:00
VNINDEX,1D,2022-03-30,1648606500,1491.92,1503.89,1483.9,1490.51,898903680,1,dnse,2026-09-21T07:14:24.587974+00:00
VNINDEX,1D,2022-03-31,1648692900,1492.5,1498.41,1488.27,1492.15,677216960,1,dnse,2026-09-21T07:14:24.587974+00:00
VNINDEX,1D,2022-04-01,1648779300,1489.48,1516.87,1484.13,1516.44,964757952,1,dnse,2026-09-21T07:14:24.587974+00:00
VNINDEX,1D,2022-04-04,1649038500,1528.87,1530.95,1522.82,1524.7,777734208,1,dnse,2026-09-21T07:14:24.587974+00:00
VNINDEX,1D,2022-04-05,1649124900,1521.4,1527.57,1519.28,1520.03,701620416,1,dnse,2026-09-21T07:14:24.587974+00:00
VNINDEX,1D,2022-04-06,1649211300,1510.69,1523.75,1507.62,1522.9,942764416,1,dnse,2026-09-21T07:14:24.587974+00:00
VNINDEX,1D,2022-04-07,1649297700,1524.12,1524.92,1502.35,1502.35,794151680,1,dnse,2026-09-21T07:14:24.587974+00:00
VNINDEX,1D,2022-04-08,1649384100,1504.31,1507.73,1482.0,1482.0,761998208,1,dnse,2026-09-21T07:14:24.587974+00:00
VNINDEX,1D,2022-04-12,1649729700,1487.94,1490.58,1455.25,1455.25,673778240,1,dnse,2026-09-21T07:14:24.587974+00:00
VNINDEX,1D,2022-04-13,1649816100,1455.25,1477.2,1448.52,1477.2,672831296,1,dnse,2026-09-21T07:14:24.587974+00:00
VNINDEX,1D,2022-04-14,1649902500,1483.08,1484.34,1471.75,1472.12,521901792,1,dnse,2026-09-21T07:14:24.587974+00:00
VNINDEX,1D,2022-04-15,1649988900,1470.32,1478.95,1456.39,1458.56,657232064,1,dnse,2026-09-21T07:14:24.587974+00:00
VNINDEX,1D,2022-04-18,1650248100,1455.04,1456.47,1425.07,1432.6,826007360,1,dnse,2026-09-21T07:14:24.587974+00:00
VNINDEX,1D,2022-04-19,1650334500,1435.82,1442.04,1406.45,1406.45,697273024,1,dnse,2026-09-21T07:14:24.587974+00:00
VNINDEX,1D,2022-04-20,1650420900,1401.63,1410.64,1384.72,1384.72,685262976,1,dnse,2026-09-21T07:14:24.587974+00:00
VNINDEX,1D,2022-04-21,1650507300,1369.8,1392.33,1356.58,1370.21,805646592,1,dnse,2026-09-21T07:14:24.587974+00:00
VNINDEX,1D,2022-04-22,1650593700,1378.28,1392.89,1352.43,1379.23,833075776,1,dnse,2026-09-21T07:14:24.587974+00:00
VNINDEX,1D,2022-04-25,1650852900,1377.75,1382.13,1298.38,1310.92,759301376,1,dnse,2026-09-21T07:14:24.587974+00:00
VNINDEX,1D,2022-04-26,1650939300,1285.4,1341.34,1261.4,1341.34,724910592,1,dnse,2026-09-21T07:14:24.587974+00:00
VNINDEX,1D,2022-04-27,1651025700,1331.73,1355.92,1314.81,1353.77,516805440,1,dnse,2026-09-21T07:14:24.587974+00:00
VNINDEX,1D,2022-04-28,1651112100,1353.48,1358.07,1344.1,1350.99,479023200,1,dnse,2026-09-21T07:14:24.587974+00:00
VNINDEX,1D,2022-04-29,1651198500,1347.08,1369.31,1343.24,1366.8,596021056,1,dnse,2026-09-21T07:14:24.587974+00:00
VNINDEX,1D,2022-05-04,1651630500,1366.11,1366.39,1348.68,1348.68,528002208,1,dnse,2026-09-21T07:14:24.587974+00:00
VNINDEX,1D,2022-05-05,1651716900,1361.62,1362.18,1331.41,1360.68,528130080,1,dnse,2026-09-21T07:14:24.587974+00:00
VNINDEX,1D,2022-05-06,1651803300,1333.55,1353.48,1328.13,1329.26,563489600,1,dnse,2026-09-21T07:14:24.587974+00:00
VNINDEX,1D,2022-05-09,1652062500,1313.49,1314.52,1265.54,1269.62,669260032,1,dnse,2026-09-21T07:14:24.587974+00:00
VNINDEX,1D,2022-05-10,1652148900,1240.93,1293.56,1232.57,1293.56,663547008,1,dnse,2026-09-21T07:14:24.587974+00:00
VNINDEX,1D,2022-05-11,1652235300,1295.39,1305.17,1277.91,1301.53,413453760,1,dnse,2026-09-21T07:14:24.587974+00:00
VNINDEX,1D,2022-05-12,1652321700,1290.4,1301.53,1238.05,1238.84,553965888,1,dnse,2026-09-21T07:14:24.587974+00:00
VNINDEX,1D,2022-05-13,1652408100,1235.03,1237.8,1180.6,1182.77,814151168,1,dnse,2026-09-21T07:14:24.587974+00:00
VNINDEX,1D,2022-05-16,1652667300,1208.05,1215.96,1170.59,1171.95,575098368,1,dnse,2026-09-21T07:14:24.587974+00:00
VNINDEX,1D,2022-05-17,1652753700,1164.32,1228.37,1156.54,1228.37,578269888,1,dnse,2026-09-21T07:14:24.587974+00:00
VNINDEX,1D,2022-05-18,1652840100,1240.06,1249.84,1222.92,1240.76,566098560,1,dnse,2026-09-21T07:14:24.587974+00:00
VNINDEX,1D,2022-05-19,1652926500,1211.31,1246.66,1210.43,1241.64,491939872,1,dnse,2026-09-21T07:14:24.587974+00:00
VNINDEX,1D,2022-05-20,1653012900,1240.72,1252.96,1232.33,1240.71,501724032,1,dnse,2026-09-21T07:14:24.587974+00:00
VNINDEX,1D,2022-05-23,1653272100,1246.56,1246.58,1207.99,1218.81,556957440,1,dnse,2026-09-21T07:14:24.587974+00:00
VNINDEX,1D,2022-05-24,1653358500,1218.87,1233.38,1203.28,1233.38,528208608,1,dnse,2026-09-21T07:14:24.587974+00:00
VNINDEX,1D,2022-05-25,1653444900,1238.52,1268.43,1234.2,1268.43,655182848,1,dnse,2026-09-21T07:14:24.587974+00:00
VNINDEX,1D,2022-05-26,1653531300,1273.8,1278.11,1261.55,1268.57,541056833,1,dnse,2026-09-21T07:14:24.587974+00:00
VNINDEX,1D,2022-05-27,1653617700,1270.56,1286.99,1268.57,1285.45,602250496,1,dnse,2026-09-21T07:14:24.587974+00:00
VNINDEX,1D,2022-05-30,1653876900,1287.21,1296.22,1281.27,1293.92,583016704,1,dnse,2026-09-21T07:14:24.587974+00:00
VNINDEX,1D,2022-05-31,1653963300,1288.63,1297.64,1280.44,1292.68,588722368,1,dnse,2026-09-21T07:14:24.587974+00:00
VNINDEX,1D,2022-06-01,1654049700,1289.56,1302.25,1286.01,1299.52,567394944,1,dnse,2026-09-21T07:14:24.587974+00:00
VNINDEX,1D,2022-06-02,1654136100,1300.58,1302.66,1283.32,1288.62,569771776,1,dnse,2026-09-21T07:14:24.587974+00:00
VNINDEX,1D,2022-06-03,1654222500,1284.62,1292.78,1276.37,1287.98,473094560,1,dnse,2026-09-21T07:14:24.587974+00:00
VNINDEX,1D,2022-06-06,1654481700,1290.04,1302.14,1281.95,1290.01,586779840,1,dnse,2026-09-21T07:14:24.587974+00:00
VNINDEX,1D,2022-06-07,1654568100,1285.07,1291.35,1260.92,1291.35,670093504,1,dnse,2026-09-21T07:14:24.587974+00:00
VNINDEX,1D,2022-06-08,1654654500,1297.56,1316.69,1291.35,1307.91,583291328,1,dnse,2026-09-21T07:14:24.587974+00:00
VNINDEX,1D,2022-06-09,1654740900,1310.35,1312.44,1300.85,1307.8,457986976,1,dnse,2026-09-21T07:14:24.587974+00:00
VNINDEX,1D,2022-06-10,1654827300,1298.78,1309.59,1284.08,1284.08,601986304,1,dnse,2026-09-21T07:14:24.587974+00:00
VNINDEX,1D,2022-06-13,1655086500,1251.08,1284.08,1226.01,1227.04,729850112,1,dnse,2026-09-21T07:14:24.587974+00:00
VNINDEX,1D,2022-06-14,1655172900,1213.44,1239.36,1211.13,1230.31,556644544,1,dnse,2026-09-21T07:14:24.587974+00:00
VNINDEX,1D,2022-06-15,1655259300,1231.23,1235.56,1195.19,1213.93,680114240,1,dnse,2026-09-21T07:14:24.587974+00:00
VNINDEX,1D,2022-06-16,1655345700,1227.24,1246.32,1213.93,1236.63,560687616,1,dnse,2026-09-21T07:14:24.587974+00:00
VNINDEX,1D,2022-06-17,1655432100,1210.5,1220.41,1191.92,1217.3,729954752,1,dnse,2026-09-21T07:14:24.587974+00:00
VNINDEX,1D,2022-06-20,1655691300,1218.37,1221.6,1180.4,1180.4,667570816,1,dnse,2026-09-21T07:14:24.587974+00:00
VNINDEX,1D,2022-06-21,1655777700,1172.98,1189.97,1162.94,1172.47,689701248,1,dnse,2026-09-21T07:14:24.587974+00:00
VNINDEX,1D,2022-06-22,1655864100,1180.11,1185.86,1162.98,1169.27,590151040,1,dnse,2026-09-21T07:14:24.587974+00:00
VNINDEX,1D,2022-06-23,1655950500,1162.06,1188.88,1162.06,1188.88,431887232,1,dnse,2026-09-21T07:14:24.587974+00:00
VNINDEX,1D,2022-06-24,1656036900,1190.82,1196.85,1185.48,1185.48,474392992,1,dnse,2026-09-21T07:14:24.587974+00:00
VNINDEX,1D,2022-06-27,1656296100,1189.12,1203.51,1185.48,1202.82,518363008,1,dnse,2026-09-21T07:14:24.587974+00:00
VNINDEX,1D,2022-06-28,1656382500,1202.41,1221.74,1198.99,1218.1,584543104,1,dnse,2026-09-21T07:14:24.587974+00:00
VNINDEX,1D,2022-06-29,1656468900,1208.22,1219.58,1207.38,1218.09,554924608,1,dnse,2026-09-21T07:14:24.587974+00:00
VNINDEX,1D,2022-06-30,1656555300,1218.22,1220.51,1197.6,1197.6,508349312,1,dnse,2026-09-21T07:14:24.587974+00:00
VNINDEX,1D,2022-07-01,1656641700,1193.04,1202.41,1170.95,1198.9,526123712,1,dnse,2026-09-21T07:14:24.587974+00:00
VNINDEX,1D,2022-07-04,1656900900,1206.47,1208.96,1192.63,1195.53,437680448,1,dnse,2026-09-21T07:14:24.587974+00:00
VNINDEX,1D,2022-07-05,1656987300,1198.42,1200.99,1181.29,1181.29,609774784,1,dnse,2026-09-21T07:14:24.587974+00:00
VNINDEX,1D,2022-07-06,1657073700,1167.25,1175.26,1147.63,1149.61,553117504,1,dnse,2026-09-21T07:14:24.587974+00:00
VNINDEX,1D,2022-07-07,1657160100,1148.97,1166.48,1142.8,1166.48,409115872,1,dnse,2026-09-21T07:14:24.587974+00:00
VNINDEX,1D,2022-07-08,1657246500,1174.53,1177.18,1164.23,1171.31,474987968,1,dnse,2026-09-21T07:14:24.587974+00:00
VNINDEX,1D,2022-07-11,1657505700,1161.3,1165.6,1144.55,1155.29,535369568,1,dnse,2026-09-21T07:14:24.587974+00:00
VNINDEX,1D,2022-07-12,1657592100,1154.31,1174.82,1153.55,1174.82,523732160,1,dnse,2026-09-21T07:14:24.587974+00:00
VNINDEX,1D,2022-07-13,1657678500,1173.46,1182.21,1170.92,1173.92,561789312,1,dnse,2026-09-21T07:14:24.587974+00:00
VNINDEX,1D,2022-07-14,1657764900,1170.7,1182.17,1170.04,1182.17,524709248,1,dnse,2026-09-21T07:14:24.587974+00:00
VNINDEX,1D,2022-07-15,1657851300,1183.15,1189.66,1178.12,1179.25,603163712,1,dnse,2026-09-21T07:14:24.587974+00:00
VNINDEX,1D,2022-07-18,1658110500,1184.74,1184.93,1174.7,1176.49,523446624,1,dnse,2026-09-21T07:14:24.587974+00:00
VNINDEX,1D,2022-07-19,1658196900,1176.1,1180.46,1168.99,1178.33,532137248,1,dnse,2026-09-21T07:14:24.587974+00:00
VNINDEX,1D,2022-07-20,1658283300,1188.12,1198.63,1185.82,1194.14,642528064,1,dnse,2026-09-21T07:14:24.587974+00:00
VNINDEX,1D,2022-07-21,1658369700,1195.03,1201.91,1194.89,1198.47,527173568,1,dnse,2026-09-21T07:14:24.587974+00:00
VNINDEX,1D,2022-07-22,1658456100,1199.16,1202.69,1194.76,1194.76,474484736,1,dnse,2026-09-21T07:14:24.587974+00:00
VNINDEX,1D,2022-07-25,1658715300,1191.43,1198.16,1184.32,1188.5,436927680,1,dnse,2026-09-21T07:14:24.587974+00:00
VNINDEX,1D,2022-07-26,1658801700,1189.2,1194.15,1184.44,1185.07,428051904,1,dnse,2026-09-21T07:14:24.587974+00:00
VNINDEX,1D,2022-07-27,1658888100,1180.83,1191.04,1178.58,1191.04,443168960,1,dnse,2026-09-21T07:14:24.587974+00:00
VNINDEX,1D,2022-07-28,1658974500,1201.77,1214.03,1191.19,1208.12,665358400,1,dnse,2026-09-21T07:14:24.587974+00:00
VNINDEX,1D,2022-07-29,1659060900,1214.32,1217.84,1206.33,1206.33,577345728,1,dnse,2026-09-21T07:14:24.587974+00:00
VNINDEX,1D,2022-08-01,1659320100,1209.05,1231.35,1206.46,1231.35,706221568,1,dnse,2026-09-21T07:14:24.587974+00:00
VNINDEX,1D,2022-08-02,1659406500,1230.31,1236.41,1224.11,1236.12,673906304,1,dnse,2026-09-21T07:14:24.587974+00:00
VNINDEX,1D,2022-08-03,1659492900,1233.84,1250.2,1232.41,1249.76,779398784,1,dnse,2026-09-21T07:14:24.587974+00:00
VNINDEX,1D,2022-08-04,1659579300,1252.49,1257.38,1247.38,1254.15,723968000,1,dnse,2026-09-21T07:14:24.587974+00:00
VNINDEX,1D,2022-08-05,1659665700,1250.25,1253.75,1245.05,1252.74,692734528,1,dnse,2026-09-21T07:14:24.587974+00:00
VNINDEX,1D,2022-08-08,1659924900,1252.36,1258.84,1252.04,1256.75,696606464,1,dnse,2026-09-21T07:14:24.587974+00:00
VNINDEX,1D,2022-08-09,1660011300,1260.36,1263.14,1252.84,1258.85,717955520,1,dnse,2026-09-21T07:14:24.587974+00:00
VNINDEX,1D,2022-08-10,1660097700,1255.69,1260.36,1253.89,1256.5,639848640,1,dnse,2026-09-21T07:14:24.587974+00:00
VNINDEX,1D,2022-08-11,1660184100,1267.37,1268.03,1245.85,1252.07,808679936,1,dnse,2026-09-21T07:14:24.587974+00:00
VNINDEX,1D,2022-08-12,1660270500,1250.66,1262.33,1248.65,1262.33,540748352,1,dnse,2026-09-21T07:14:24.587974+00:00
VNINDEX,1D,2022-08-15,1660529700,1268.56,1274.24,1262.33,1274.2,632219264,1,dnse,2026-09-21T07:14:24.587974+00:00
VNINDEX,1D,2022-08-16,1660616100,1274.08,1275.93,1271.11,1274.69,613713152,1,dnse,2026-09-21T07:14:24.587974+00:00
VNINDEX,1D,2022-08-17,1660702500,1276.78,1280.61,1271.97,1275.28,711888192,1,dnse,2026-09-21T07:14:24.587974+00:00
VNINDEX,1D,2022-08-18,1660788900,1273.45,1283.15,1268.64,1273.66,594158528,1,dnse,2026-09-21T07:14:24.587974+00:00
VNINDEX,1D,2022-08-19,1660875300,1272.23,1280.0,1263.45,1269.18,606064192,1,dnse,2026-09-21T07:14:24.587974+00:00
VNINDEX,1D,2022-08-22,1661134500,1264.64,1270.57,1255.83,1260.43,617884032,1,dnse,2026-09-21T07:14:24.587974+00:00
VNINDEX,1D,2022-08-23,1661220900,1253.45,1270.81,1253.45,1270.81,564723968,1,dnse,2026-09-21T07:14:24.587974+00:00
VNINDEX,1D,2022-08-24,1661307300,1275.57,1280.36,1272.33,1277.16,596389376,1,dnse,2026-09-21T07:14:24.587974+00:00
VNINDEX,1D,2022-08-25,1661393700,1280.39,1289.18,1280.28,1288.88,608830080,1,dnse,2026-09-21T07:14:24.587974+00:00
VNINDEX,1D,2022-08-26,1661480100,1291.29,1295.12,1280.05,1282.57,667642560,1,dnse,2026-09-21T07:14:24.587974+00:00
VNINDEX,1D,2022-08-29,1661739300,1263.43,1270.8,1249.17,1270.8,842183744,1,dnse,2026-09-21T07:14:24.587974+00:00
VNINDEX,1D,2022-08-30,1661825700,1274.97,1287.65,1274.0,1279.39,524293504,1,dnse,2026-09-21T07:14:24.587974+00:00
VNINDEX,1D,2022-08-31,1661912100,1276.49,1285.29,1274.99,1280.51,497543872,1,dnse,2026-09-21T07:14:24.587974+00:00
VNINDEX,1D,2022-09-05,1662344100,1280.26,1285.7,1275.35,1277.35,522411904,1,dnse,2026-09-21T07:14:24.587974+00:00
VNINDEX,1D,2022-09-06,1662430500,1279.58,1286.92,1277.4,1277.4,579114944,1,dnse,2026-09-21T07:14:24.587974+00:00
VNINDEX,1D,2022-09-07,1662516900,1274.6,1277.4,1243.17,1243.17,842479040,1,dnse,2026-09-21T07:14:24.587974+00:00
VNINDEX,1D,2022-09-08,1662603300,1251.06,1251.36,1234.6,1234.6,594727808,1,dnse,2026-09-21T07:14:24.587974+00:00
VNINDEX,1D,2022-09-09,1662689700,1241.26,1248.78,1228.54,1248.78,585259712,1,dnse,2026-09-21T07:14:24.587974+00:00
VNINDEX,1D,2022-09-12,1662948900,1255.0,1257.8,1248.97,1249.62,408413280,1,dnse,2026-09-21T07:14:24.587974+00:00
VNINDEX,1D,2022-09-13,1663035300,1251.1,1252.35,1243.87,1248.4,473039616,1,dnse,2026-09-21T07:14:24.587974+00:00
VNINDEX,1D,2022-09-14,1663121700,1229.76,1248.4,1228.51,1240.77,602565888,1,dnse,2026-09-21T07:14:24.587974+00:00
VNINDEX,1D,2022-09-15,1663208100,1247.34,1250.93,1240.77,1245.66,425678432,1,dnse,2026-09-21T07:14:24.587974+00:00
VNINDEX,1D,2022-09-16,1663294500,1243.38,1246.17,1230.37,1234.03,630193408,1,dnse,2026-09-21T07:14:24.587974+00:00
VNINDEX,1D,2022-09-19,1663553700,1231.45,1233.46,1202.07,1205.43,694428480,1,dnse,2026-09-21T07:14:24.587974+00:00
VNINDEX,1D,2022-09-20,1663640100,1212.08,1218.93,1199.71,1218.93,464889856,1,dnse,2026-09-21T07:14:24.587974+00:00
VNINDEX,1D,2022-09-21,1663726500,1213.47,1217.28,1204.68,1210.55,388988864,1,dnse,2026-09-21T07:14:24.587974+00:00
VNINDEX,1D,2022-09-22,1663812900,1200.34,1214.7,1196.64,1214.7,472245952,1,dnse,2026-09-21T07:14:24.587974+00:00
VNINDEX,1D,2022-09-23,1663899300,1212.61,1216.59,1201.45,1203.28,482996704,1,dnse,2026-09-21T07:14:24.587974+00:00
VNINDEX,1D,2022-09-26,1664158500,1186.41,1190.27,1159.12,1174.35,743720000,1,dnse,2026-09-21T07:14:24.587974+00:00
VNINDEX,1D,2022-09-27,1664244900,1177.51,1180.75,1166.44,1166.54,462763968,1,dnse,2026-09-21T07:14:24.587974+00:00
VNINDEX,1D,2022-09-28,1664331300,1158.53,1162.6,1142.79,1143.62,525485184,1,dnse,2026-09-21T07:14:24.587974+00:00
VNINDEX,1D,2022-09-29,1664417700,1157.09,1159.49,1126.07,1126.07,485356992,1,dnse,2026-09-21T07:14:24.587974+00:00
VNINDEX,1D,2022-09-30,1664504100,1115.2,1135.47,1099.44,1132.11,719135808,1,dnse,2026-09-21T07:14:24.587974+00:00
VNINDEX,1D,2022-10-03,1664763300,1124.46,1132.11,1079.86,1086.44,549435968,1,dnse,2026-09-21T07:14:24.587974+00:00
VNINDEX,1D,2022-10-04,1664849700,1095.73,1100.42,1069.74,1078.14,570588864,1,dnse,2026-09-21T07:14:24.587974+00:00
VNINDEX,1D,2022-10-05,1664936100,1092.08,1110.21,1092.08,1104.26,442193664,1,dnse,2026-09-21T07:14:24.587974+00:00
VNINDEX,1D,2022-10-06,1665022500,1105.31,1106.97,1072.57,1074.52,539061568,1,dnse,2026-09-21T07:14:24.587974+00:00
VNINDEX,1D,2022-10-07,1665108900,1061.93,1062.23,1022.38,1035.91,869411840,1,dnse,2026-09-21T07:14:24.587974+00:00
VNINDEX,1D,2022-10-10,1665368100,1019.67,1051.02,1012.94,1042.48,654326400,1,dnse,2026-09-21T07:14:24.587974+00:00
VNINDEX,1D,2022-10-11,1665454500,1036.48,1036.48,998.64,1006.2,667702912,1,dnse,2026-09-21T07:14:24.587974+00:00
VNINDEX,1D,2022-10-12,1665540900,1006.1,1039.44,1002.89,1034.81,606854720,1,dnse,2026-09-21T07:14:24.587974+00:00
VNINDEX,1D,2022-10-13,1665627300,1035.33,1050.99,1025.04,1050.99,474627904,1,dnse,2026-09-21T07:14:24.587974+00:00
VNINDEX,1D,2022-10-14,1665713700,1063.07,1068.12,1055.29,1061.85,639782080,1,dnse,2026-09-21T07:14:24.587974+00:00
VNINDEX,1D,2022-10-17,1665972900,1053.46,1054.05,1033.59,1051.58,491023904,1,dnse,2026-09-21T07:14:24.587974+00:00
VNINDEX,1D,2022-10-18,1666059300,1065.6,1071.74,1051.58,1063.66,509850496,1,dnse,2026-09-21T07:14:24.587974+00:00
VNINDEX,1D,2022-10-19,1666145700,1065.08,1065.99,1052.29,1060.07,395065504,1,dnse,2026-09-21T07:14:24.587974+00:00
VNINDEX,1D,2022-10-20,1666232100,1056.14,1065.28,1048.21,1058.45,377879968,1,dnse,2026-09-21T07:14:24.587974+00:00
VNINDEX,1D,2022-10-21,1666318500,1059.03,1059.09,1013.69,1019.82,731699456,1,dnse,2026-09-21T07:14:24.587974+00:00
VNINDEX,1D,2022-10-24,1666577700,1021.25,1023.51,977.41,986.15,632681216,1,dnse,2026-09-21T07:14:24.587974+00:00
VNINDEX,1D,2022-10-25,1666664100,980.47,1011.39,962.45,997.7,734535872,1,dnse,2026-09-21T07:14:24.587974+00:00
VNINDEX,1D,2022-10-26,1666750500,1000.71,1004.55,984.71,992.85,382562592,1,dnse,2026-09-21T07:14:24.587974+00:00
VNINDEX,1D,2022-10-27,1666836900,994.82,1023.49,990.48,1022.16,614294464,1,dnse,2026-09-21T07:14:24.587974+00:00
VNINDEX,1D,2022-10-28,1666923300,1036.27,1044.57,1026.53,1028.56,612850560,1,dnse,2026-09-21T07:14:24.587974+00:00
VNINDEX,1D,2022-10-31,1667182500,1028.24,1030.32,1005.0,1021.42,625073472,1,dnse,2026-09-21T07:14:24.587974+00:00
VNINDEX,1D,2022-11-01,1667268900,1034.77,1043.53,1027.39,1028.41,580676672,1,dnse,2026-09-21T07:14:24.587974+00:00
VNINDEX,1D,2022-11-02,1667355300,1033.51,1034.73,1018.64,1021.52,532856288,1,dnse,2026-09-21T07:14:24.587974+00:00
VNINDEX,1D,2022-11-03,1667441700,1011.41,1023.95,1010.65,1017.03,412007648,1,dnse,2026-09-21T07:14:24.587974+00:00
VNINDEX,1D,2022-11-04,1667528100,1008.23,1009.96,974.61,994.12,679505088,1,dnse,2026-09-21T07:14:24.587974+00:00
VNINDEX,1D,2022-11-07,1667787300,989.74,996.18,969.61,971.22,574823744,1,dnse,2026-09-21T07:14:24.587974+00:00
VNINDEX,1D,2022-11-08,1667873700,960.93,981.86,956.97,976.99,614127424,1,dnse,2026-09-21T07:14:24.587974+00:00
VNINDEX,1D,2022-11-09,1667960100,983.62,994.79,977.93,981.33,546616128,1,dnse,2026-09-21T07:14:24.587974+00:00
VNINDEX,1D,2022-11-10,1668046500,974.76,976.31,935.78,942.65,655656512,1,dnse,2026-09-21T07:14:24.587974+00:00
VNINDEX,1D,2022-11-11,1668132900,954.95,966.7,947.24,952.88,682331712,1,dnse,2026-09-21T07:14:24.587974+00:00
VNINDEX,1D,2022-11-14,1668392100,939.94,949.38,923.53,941.04,657943616,1,dnse,2026-09-21T07:14:24.587974+00:00
VNINDEX,1D,2022-11-15,1668478500,926.08,929.06,900.17,911.9,658748544,1,dnse,2026-09-21T07:14:24.587974+00:00
VNINDEX,1D,2022-11-16,1668564900,876.0,945.42,873.78,942.9,1024616256,1,dnse,2026-09-21T07:14:24.587974+00:00
VNINDEX,1D,2022-11-17,1668651300,952.91,972.88,945.09,969.26,700900224,1,dnse,2026-09-21T07:14:24.587974+00:00
VNINDEX,1D,2022-11-18,1668737700,967.18,971.77,939.73,969.33,934032384,1,dnse,2026-09-21T07:14:24.587974+00:00
VNINDEX,1D,2022-11-21,1668996900,971.57,973.19,956.77,960.65,587725376,1,dnse,2026-09-21T07:14:24.587974+00:00
VNINDEX,1D,2022-11-22,1669083300,953.78,985.28,948.52,952.12,1044120576,1,dnse,2026-09-21T07:14:24.587974+00:00
VNINDEX,1D,2022-11-23,1669169700,947.81,958.61,942.02,946.0,538800960,1,dnse,2026-09-21T07:14:24.587974+00:00
VNINDEX,1D,2022-11-24,1669256100,942.86,950.03,934.31,947.71,528225344,1,dnse,2026-09-21T07:14:24.587974+00:00
VNINDEX,1D,2022-11-25,1669342500,956.62,971.46,955.53,971.46,612877248,1,dnse,2026-09-21T07:14:24.587974+00:00
VNINDEX,1D,2022-11-28,1669601700,979.68,1006.22,971.46,1005.69,950020159,1,dnse,2026-09-21T07:14:24.587974+00:00
VNINDEX,1D,2022-11-29,1669688100,1008.85,1032.16,998.56,1032.16,1176699780,1,dnse,2026-09-21T07:14:24.587974+00:00
VNINDEX,1D,2022-11-30,1669774500,1037.44,1048.42,1021.54,1048.42,1069148160,1,dnse,2026-09-21T07:14:24.587974+00:00
VNINDEX,1D,2022-12-01,1669860900,1057.97,1066.28,1035.62,1036.28,1332475776,1,dnse,2026-09-21T07:14:24.587974+00:00
VNINDEX,1D,2022-12-02,1669947300,1032.67,1080.01,1030.81,1080.01,1090716160,1,dnse,2026-09-21T07:14:24.587974+00:00
VNINDEX,1D,2022-12-05,1670206500,1090.97,1099.45,1082.59,1093.67,1217486080,1,dnse,2026-09-21T07:14:24.587974+00:00
VNINDEX,1D,2022-12-06,1670292900,1088.9,1090.64,1048.69,1048.69,1468304000,1,dnse,2026-09-21T07:14:24.587974+00:00
VNINDEX,1D,2022-12-07,1670379300,1046.72,1059.79,1034.92,1041.02,915775552,1,dnse,2026-09-21T07:14:24.587974+00:00
VNINDEX,1D,2022-12-08,1670465700,1055.21,1078.09,1045.98,1050.53,911862592,1,dnse,2026-09-21T07:14:24.587974+00:00
VNINDEX,1D,2022-12-09,1670552100,1056.85,1061.21,1041.39,1051.81,785236096,1,dnse,2026-09-21T07:14:24.587974+00:00
VNINDEX,1D,2022-12-12,1670811300,1059.55,1065.16,1032.07,1032.07,893844352,1,dnse,2026-09-21T07:14:24.587974+00:00
VNINDEX,1D,2022-12-13,1670897700,1035.76,1047.45,1026.3,1047.45,792084223,1,dnse,2026-09-21T07:14:24.587974+00:00
VNINDEX,1D,2022-12-14,1670984100,1062.18,1062.18,1046.43,1050.43,755646528,1,dnse,2026-09-21T07:14:24.587974+00:00
VNINDEX,1D,2022-12-15,1671070500,1049.16,1062.61,1049.06,1055.32,717860800,1,dnse,2026-09-21T07:14:24.587974+00:00
VNINDEX,1D,2022-12-16,1671156900,1048.62,1064.79,1047.16,1052.48,874728192,1,dnse,2026-09-21T07:14:24.587974+00:00
VNINDEX,1D,2022-12-19,1671416100,1053.91,1065.59,1038.4,1038.4,973198656,1,dnse,2026-09-21T07:14:24.587974+00:00
VNINDEX,1D,2022-12-20,1671502500,1035.82,1038.74,1010.08,1023.13,1068219392,1,dnse,2026-09-21T07:14:24.587974+00:00
VNINDEX,1D,2022-12-21,1671588900,1033.34,1033.84,1005.43,1018.88,772734912,1,dnse,2026-09-21T07:14:24.587974+00:00
VNINDEX,1D,2022-12-22,1671675300,1026.49,1033.18,1016.54,1022.61,668847360,1,dnse,2026-09-21T07:14:24.587974+00:00
VNINDEX,1D,2022-12-23,1671761700,1023.69,1027.34,1013.2,1020.34,537715968,1,dnse,2026-09-21T07:14:24.587974+00:00
VNINDEX,1D,2022-12-26,1672020900,1019.66,1021.89,985.21,985.21,611116608,1,dnse,2026-09-21T07:14:24.587974+00:00
VNINDEX,1D,2022-12-27,1672107300,986.07,1007.88,985.28,1004.57,582860288,1,dnse,2026-09-21T07:14:24.587974+00:00
VNINDEX,1D,2022-12-28,1672193700,1008.41,1020.52,998.97,1015.66,575669760,1,dnse,2026-09-21T07:14:24.587974+00:00
VNINDEX,1D,2022-12-29,1672280100,1016.06,1021.96,1009.29,1009.29,453396448,1,dnse,2026-09-21T07:14:24.587974+00:00
VNINDEX,1D,2022-12-30,1672366500,1017.45,1017.99,1007.09,1007.09,395620480,1,dnse,2026-09-21T07:14:24.587974+00:00
VNINDEX,1D,2023-01-03,1672712100,1011.39,1043.9,1011.38,1043.9,548487360,1,dnse,2026-09-21T07:14:24.587974+00:00
VNINDEX,1D,2023-01-04,1672798500,1048.31,1052.6,1041.56,1046.35,643758144,1,dnse,2026-09-21T07:14:24.587974+00:00
VNINDEX,1D,2023-01-05,1672884900,1048.17,1058.14,1046.64,1055.82,531992896,1,dnse,2026-09-21T07:14:24.587974+00:00
VNINDEX,1D,2023-01-06,1672971300,1055.51,1065.58,1047.26,1051.44,694258240,1,dnse,2026-09-21T07:14:24.587974+00:00
VNINDEX,1D,2023-01-09,1673230500,1057.49,1057.49,1050.95,1054.21,465044576,1,dnse,2026-09-21T07:14:24.587974+00:00
VNINDEX,1D,2023-01-10,1673316900,1054.84,1057.44,1045.75,1053.35,537346880,1,dnse,2026-09-21T07:14:24.587974+00:00
VNINDEX,1D,2023-01-11,1673403300,1058.25,1065.69,1054.53,1055.76,540720192,1,dnse,2026-09-21T07:14:24.587974+00:00
VNINDEX,1D,2023-01-12,1673489700,1058.51,1060.97,1050.27,1056.39,498993728,1,dnse,2026-09-21T07:14:24.587974+00:00
VNINDEX,1D,2023-01-13,1673576100,1060.71,1066.39,1055.23,1060.17,661973696,1,dnse,2026-09-21T07:14:24.587974+00:00
VNINDEX,1D,2023-01-16,1673835300,1062.14,1067.74,1057.87,1066.68,507637088,1,dnse,2026-09-21T07:14:24.587974+00:00
VNINDEX,1D,2023-01-17,1673921700,1071.37,1088.29,1067.6,1088.29,665779648,1,dnse,2026-09-21T07:14:24.587974+00:00
VNINDEX,1D,2023-01-18,1674008100,1092.5,1100.39,1088.29,1098.28,602432512,1,dnse,2026-09-21T07:14:24.587974+00:00
VNINDEX,1D,2023-01-19,1674094500,1095.53,1111.72,1094.46,1108.08,611985536,1,dnse,2026-09-21T07:14:24.587974+00:00
VNINDEX,1D,2023-01-27,1674785700,1114.15,1124.3,1111.41,1117.1,600038720,1,dnse,2026-09-21T07:14:24.587974+00:00
VNINDEX,1D,2023-01-30,1675044900,1117.66,1118.46,1102.57,1102.57,796982400,1,dnse,2026-09-21T07:14:24.587974+00:00
VNINDEX,1D,2023-01-31,1675131300,1100.4,1111.18,1088.25,1111.18,744674624,1,dnse,2026-09-21T07:14:24.587974+00:00
VNINDEX,1D,2023-02-01,1675217700,1114.68,1116.96,1075.97,1075.97,1027755072,1,dnse,2026-09-21T07:14:24.587974+00:00
VNINDEX,1D,2023-02-02,1675304100,1079.69,1083.36,1070.81,1077.59,631351296,1,dnse,2026-09-21T07:14:24.587974+00:00
VNINDEX,1D,2023-02-03,1675390500,1078.83,1081.89,1070.46,1077.15,555867136,1,dnse,2026-09-21T07:14:24.587974+00:00
VNINDEX,1D,2023-02-06,1675649700,1073.52,1089.29,1067.24,1089.29,515247968,1,dnse,2026-09-21T07:14:24.587974+00:00
VNINDEX,1D,2023-02-07,1675736100,1088.07,1092.12,1065.18,1065.84,670195840,1,dnse,2026-09-21T07:14:24.587974+00:00
VNINDEX,1D,2023-02-08,1675822500,1067.58,1079.51,1063.5,1072.22,567414592,1,dnse,2026-09-21T07:14:24.587974+00:00
VNINDEX,1D,2023-02-09,1675908900,1070.07,1075.2,1064.03,1064.03,468311968,1,dnse,2026-09-21T07:14:24.587974+00:00
VNINDEX,1D,2023-02-10,1675995300,1066.16,1066.28,1054.08,1055.3,462035840,1,dnse,2026-09-21T07:14:24.587974+00:00
VNINDEX,1D,2023-02-13,1676254500,1050.99,1054.05,1031.7,1043.7,675272896,1,dnse,2026-09-21T07:14:24.587974+00:00
VNINDEX,1D,2023-02-14,1676340900,1045.14,1046.64,1032.76,1038.64,390913248,1,dnse,2026-09-21T07:14:24.587974+00:00
VNINDEX,1D,2023-02-15,1676427300,1037.17,1051.89,1034.39,1048.2,581759872,1,dnse,2026-09-21T07:14:24.587974+00:00
VNINDEX,1D,2023-02-16,1676513700,1051.16,1058.29,1047.45,1058.29,473657440,1,dnse,2026-09-21T07:14:24.587974+00:00
VNINDEX,1D,2023-02-17,1676600100,1058.99,1062.25,1053.26,1059.31,458046784,1,dnse,2026-09-21T07:14:24.587974+00:00
VNINDEX,1D,2023-02-20,1676859300,1059.74,1088.01,1059.56,1086.69,681844992,1,dnse,2026-09-21T07:14:24.587974+00:00
VNINDEX,1D,2023-02-21,1676945700,1089.74,1095.1,1081.8,1082.23,710327040,1,dnse,2026-09-21T07:14:24.587974+00:00
VNINDEX,1D,2023-02-22,1677032100,1073.62,1079.72,1054.28,1054.28,810477184,1,dnse,2026-09-21T07:14:24.587974+00:00
VNINDEX,1D,2023-02-23,1677118500,1053.95,1054.48,1030.58,1053.66,715619072,1,dnse,2026-09-21T07:14:24.587974+00:00
VNINDEX,1D,2023-02-24,1677204900,1051.58,1052.49,1034.66,1039.56,424423872,1,dnse,2026-09-21T07:14:24.587974+00:00
VNINDEX,1D,2023-02-27,1677464100,1029.55,1031.59,1017.7,1021.25,585054912,1,dnse,2026-09-21T07:14:24.587974+00:00
VNINDEX,1D,2023-02-28,1677550500,1027.74,1034.36,1018.72,1024.68,423328384,1,dnse,2026-09-21T07:14:24.587974+00:00
VNINDEX,1D,2023-03-01,1677636900,1018.07,1040.55,1013.37,1040.55,513984704,1,dnse,2026-09-21T07:14:24.587974+00:00
VNINDEX,1D,2023-03-02,1677723300,1039.0,1043.8,1033.07,1037.61,363822080,1,dnse,2026-09-21T07:14:24.587974+00:00
VNINDEX,1D,2023-03-03,1677809700,1038.1,1041.82,1022.78,1024.77,442593536,1,dnse,2026-09-21T07:14:24.587974+00:00
VNINDEX,1D,2023-03-06,1678068900,1032.35,1042.43,1026.73,1027.18,416423648,1,dnse,2026-09-21T07:14:24.587974+00:00
VNINDEX,1D,2023-03-07,1678155300,1033.96,1043.92,1033.32,1037.84,461679520,1,dnse,2026-09-21T07:14:24.587974+00:00
VNINDEX,1D,2023-03-08,1678241700,1028.77,1049.18,1027.8,1049.18,505502336,1,dnse,2026-09-21T07:14:24.587974+00:00
VNINDEX,1D,2023-03-09,1678328100,1050.61,1060.56,1049.45,1055.95,604018112,1,dnse,2026-09-21T07:14:24.587974+00:00
VNINDEX,1D,2023-03-10,1678414500,1050.53,1053.86,1046.31,1053.0,502993632,1,dnse,2026-09-21T07:14:24.587974+00:00
VNINDEX,1D,2023-03-13,1678673700,1046.95,1055.58,1045.46,1052.8,620801600,1,dnse,2026-09-21T07:14:24.587974+00:00
VNINDEX,1D,2023-03-14,1678760100,1049.3,1051.56,1034.72,1040.13,620666240,1,dnse,2026-09-21T07:14:24.587974+00:00
VNINDEX,1D,2023-03-15,1678846500,1052.06,1062.55,1043.82,1062.19,619189248,1,dnse,2026-09-21T07:14:24.587974+00:00
VNINDEX,1D,2023-03-16,1678932900,1056.15,1058.73,1043.65,1047.4,530346816,1,dnse,2026-09-21T07:14:24.587974+00:00
VNINDEX,1D,2023-03-17,1679019300,1053.37,1055.42,1043.54,1045.14,556727360,1,dnse,2026-09-21T07:14:24.587974+00:00
VNINDEX,1D,2023-03-20,1679278500,1041.91,1042.6,1022.71,1023.1,563464832,1,dnse,2026-09-21T07:14:24.587974+00:00
VNINDEX,1D,2023-03-21,1679364900,1028.83,1036.15,1017.05,1032.43,471473984,1,dnse,2026-09-21T07:14:24.587974+00:00
VNINDEX,1D,2023-03-22,1679451300,1035.84,1042.84,1032.6,1040.54,452992832,1,dnse,2026-09-21T07:14:24.587974+00:00
VNINDEX,1D,2023-03-23,1679537700,1035.33,1045.1,1030.93,1045.1,430076224,1,dnse,2026-09-21T07:14:24.587974+00:00
VNINDEX,1D,2023-03-24,1679624100,1047.1,1052.29,1044.02,1046.79,574361920,1,dnse,2026-09-21T07:14:24.587974+00:00
VNINDEX,1D,2023-03-27,1679883300,1047.78,1053.78,1041.99,1052.25,556101440,1,dnse,2026-09-21T07:14:24.587974+00:00
VNINDEX,1D,2023-03-28,1679969700,1055.57,1059.83,1051.75,1054.29,629994944,1,dnse,2026-09-21T07:14:24.587974+00:00
VNINDEX,1D,2023-03-29,1680056100,1055.18,1056.33,1048.26,1056.33,459582112,1,dnse,2026-09-21T07:14:24.587974+00:00
VNINDEX,1D,2023-03-30,1680142500,1061.32,1066.23,1056.33,1059.44,595226304,1,dnse,2026-09-21T07:14:24.587974+00:00
VNINDEX,1D,2023-03-31,1680228900,1060.0,1067.55,1059.85,1064.64,638266112,1,dnse,2026-09-21T07:14:24.587974+00:00
VNINDEX,1D,2023-04-03,1680488100,1074.69,1079.28,1071.62,1079.28,820699264,1,dnse,2026-09-21T07:14:24.587974+00:00
VNINDEX,1D,2023-04-04,1680574500,1081.36,1082.21,1075.1,1078.45,798212800,1,dnse,2026-09-21T07:14:24.587974+00:00
VNINDEX,1D,2023-04-05,1680660900,1079.06,1080.86,1074.1,1080.86,790254976,1,dnse,2026-09-21T07:14:24.587974+00:00
VNINDEX,1D,2023-04-06,1680747300,1083.27,1084.52,1070.91,1070.91,994858496,1,dnse,2026-09-21T07:14:24.587974+00:00
VNINDEX,1D,2023-04-10,1681092900,1073.86,1075.54,1063.45,1065.35,855848448,1,dnse,2026-09-21T07:14:24.587974+00:00
VNINDEX,1D,2023-04-11,1681179300,1063.64,1070.56,1056.9,1069.46,695585088,1,dnse,2026-09-21T07:14:24.587974+00:00
VNINDEX,1D,2023-04-12,1681265700,1071.61,1072.7,1066.43,1069.45,718535552,1,dnse,2026-09-21T07:14:24.587974+00:00
VNINDEX,1D,2023-04-13,1681352100,1070.96,1070.96,1062.39,1064.3,671524992,1,dnse,2026-09-21T07:14:24.587974+00:00
VNINDEX,1D,2023-04-14,1681438500,1067.21,1068.79,1052.89,1052.89,779924672,1,dnse,2026-09-21T07:14:24.587974+00:00
VNINDEX,1D,2023-04-17,1681697700,1053.02,1054.72,1049.11,1053.81,451985280,1,dnse,2026-09-21T07:14:24.587974+00:00
VNINDEX,1D,2023-04-18,1681784100,1055.85,1057.15,1050.89,1055.02,535160928,1,dnse,2026-09-21T07:14:24.587974+00:00
VNINDEX,1D,2023-04-19,1681870500,1057.88,1058.14,1047.47,1048.98,563813696,1,dnse,2026-09-21T07:14:24.587974+00:00
VNINDEX,1D,2023-04-20,1681956900,1050.02,1051.86,1045.85,1049.25,371423776,1,dnse,2026-09-21T07:14:24.587974+00:00
VNINDEX,1D,2023-04-21,1682043300,1050.1,1050.4,1041.26,1042.91,547312960,1,dnse,2026-09-21T07:14:24.587974+00:00
VNINDEX,1D,2023-04-24,1682302500,1045.28,1047.18,1038.36,1041.36,551653440,1,dnse,2026-09-21T07:14:24.587974+00:00
VNINDEX,1D,2023-04-25,1682388900,1045.87,1045.87,1032.49,1034.85,535177792,1,dnse,2026-09-21T07:14:24.587974+00:00
VNINDEX,1D,2023-04-26,1682475300,1034.02,1040.8,1029.19,1040.8,500715744,1,dnse,2026-09-21T07:14:24.587974+00:00
VNINDEX,1D,2023-04-27,1682561700,1041.39,1044.25,1037.62,1039.63,510669984,1,dnse,2026-09-21T07:14:24.587974+00:00
VNINDEX,1D,2023-04-28,1682648100,1043.17,1049.12,1042.04,1049.12,605861376,1,dnse,2026-09-21T07:14:24.587974+00:00
VNINDEX,1D,2023-05-04,1683166500,1046.05,1048.16,1038.18,1040.61,623392384,1,dnse,2026-09-21T07:14:24.587974+00:00
VNINDEX,1D,2023-05-05,1683252900,1040.23,1043.22,1036.69,1040.31,543410624,1,dnse,2026-09-21T07:14:24.587974+00:00
VNINDEX,1D,2023-05-08,1683512100,1040.31,1052.76,1040.31,1052.62,618773248,1,dnse,2026-09-21T07:14:24.587974+00:00
VNINDEX,1D,2023-05-09,1683598500,1055.42,1058.71,1052.68,1053.77,557705664,1,dnse,2026-09-21T07:14:24.587974+00:00
VNINDEX,1D,2023-05-10,1683684900,1055.62,1058.67,1053.34,1058.26,714771968,1,dnse,2026-09-21T07:14:24.587974+00:00
VNINDEX,1D,2023-05-11,1683771300,1060.75,1063.69,1056.72,1057.12,705981440,1,dnse,2026-09-21T07:14:24.587974+00:00
VNINDEX,1D,2023-05-12,1683857700,1057.7,1066.9,1053.97,1066.9,723347200,1,dnse,2026-09-21T07:14:24.587974+00:00
VNINDEX,1D,2023-05-15,1684116900,1074.82,1076.32,1065.71,1065.71,830397056,1,dnse,2026-09-21T07:14:24.587974+00:00
VNINDEX,1D,2023-05-16,1684203300,1068.51,1069.27,1063.65,1065.91,678489664,1,dnse,2026-09-21T07:14:24.587974+00:00
VNINDEX,1D,2023-05-17,1684289700,1066.41,1069.95,1060.44,1060.44,830269760,1,dnse,2026-09-21T07:14:24.587974+00:00
VNINDEX,1D,2023-05-18,1684376100,1063.55,1073.41,1060.94,1068.31,646254848,1,dnse,2026-09-21T07:14:24.587974+00:00
VNINDEX,1D,2023-05-19,1684462500,1069.64,1070.15,1058.56,1067.07,753243328,1,dnse,2026-09-21T07:14:24.587974+00:00
VNINDEX,1D,2023-05-22,1684721700,1067.32,1070.64,1065.88,1070.64,707300864,1,dnse,2026-09-21T07:14:24.587974+00:00
VNINDEX,1D,2023-05-23,1684808100,1073.12,1073.96,1062.15,1065.85,718771712,1,dnse,2026-09-21T07:14:24.587974+00:00
VNINDEX,1D,2023-05-24,1684894500,1069.13,1069.61,1060.6,1061.79,783054528,1,dnse,2026-09-21T07:14:24.587974+00:00
VNINDEX,1D,2023-05-25,1684980900,1062.03,1065.5,1057.91,1064.63,663084480,1,dnse,2026-09-21T07:14:24.587974+00:00
VNINDEX,1D,2023-05-26,1685067300,1067.24,1067.28,1063.76,1063.76,634260800,1,dnse,2026-09-21T07:14:24.587974+00:00
VNINDEX,1D,2023-05-29,1685326500,1067.68,1077.18,1067.27,1074.98,828512064,1,dnse,2026-09-21T07:14:24.587974+00:00
VNINDEX,1D,2023-05-30,1685412900,1078.82,1079.31,1071.01,1078.05,913968832,1,dnse,2026-09-21T07:14:24.587974+00:00
VNINDEX,1D,2023-05-31,1685499300,1078.39,1079.11,1071.38,1075.17,917399552,1,dnse,2026-09-21T07:14:24.587974+00:00
VNINDEX,1D,2023-06-01,1685585700,1076.27,1078.39,1071.61,1078.39,852591680,1,dnse,2026-09-21T07:14:24.587974+00:00
VNINDEX,1D,2023-06-02,1685672100,1084.19,1092.24,1083.36,1090.84,1025982016,1,dnse,2026-09-21T07:14:24.587974+00:00
VNINDEX,1D,2023-06-05,1685931300,1100.2,1103.81,1096.76,1097.82,942253440,1,dnse,2026-09-21T07:14:24.587974+00:00
VNINDEX,1D,2023-06-06,1686017700,1099.99,1108.31,1098.28,1108.31,837786240,1,dnse,2026-09-21T07:14:24.587974+00:00
VNINDEX,1D,2023-06-07,1686104100,1111.67,1112.28,1104.26,1109.54,995078784,1,dnse,2026-09-21T07:14:24.587974+00:00
VNINDEX,1D,2023-06-08,1686190500,1111.86,1115.14,1101.32,1101.32,1321305344,1,dnse,2026-09-21T07:14:24.587974+00:00
VNINDEX,1D,2023-06-09,1686276900,1103.11,1107.53,1097.23,1107.53,897118528,1,dnse,2026-09-21T07:14:24.587974+00:00
VNINDEX,1D,2023-06-12,1686536100,1110.26,1116.02,1100.08,1116.02,783528704,1,dnse,2026-09-21T07:14:24.587974+00:00
VNINDEX,1D,2023-06-13,1686622500,1117.43,1122.46,1116.1,1122.46,940781824,1,dnse,2026-09-21T07:14:24.587974+00:00
VNINDEX,1D,2023-06-14,1686708900,1124.56,1129.49,1117.42,1117.42,915957312,1,dnse,2026-09-21T07:14:24.587974+00:00
VNINDEX,1D,2023-06-15,1686795300,1117.06,1120.13,1112.11,1116.97,703437888,1,dnse,2026-09-21T07:14:24.587974+00:00
VNINDEX,1D,2023-06-16,1686881700,1121.92,1128.92,1112.51,1115.22,1157762560,1,dnse,2026-09-21T07:14:24.587974+00:00
VNINDEX,1D,2023-06-19,1687140900,1115.68,1117.23,1104.73,1105.4,807629888,1,dnse,2026-09-21T07:14:24.587974+00:00
VNINDEX,1D,2023-06-20,1687227300,1107.3,1111.72,1102.58,1111.72,689274560,1,dnse,2026-09-21T07:14:24.587974+00:00
VNINDEX,1D,2023-06-21,1687313700,1112.73,1118.46,1110.65,1118.46,868996480,1,dnse,2026-09-21T07:14:24.587974+00:00
VNINDEX,1D,2023-06-22,1687400100,1126.21,1127.54,1122.27,1125.3,905032832,1,dnse,2026-09-21T07:14:24.587974+00:00
VNINDEX,1D,2023-06-23,1687486500,1126.4,1130.61,1122.62,1129.38,901592384,1,dnse,2026-09-21T07:14:24.587974+00:00
VNINDEX,1D,2023-06-26,1687745700,1130.08,1134.0,1119.95,1132.03,1035697024,1,dnse,2026-09-21T07:14:24.587974+00:00
VNINDEX,1D,2023-06-27,1687832100,1134.55,1136.49,1128.82,1134.33,711965952,1,dnse,2026-09-21T07:14:24.587974+00:00
VNINDEX,1D,2023-06-28,1687918500,1137.18,1140.56,1131.86,1138.35,871618048,1,dnse,2026-09-21T07:14:24.587974+00:00
VNINDEX,1D,2023-06-29,1688004900,1139.42,1140.43,1125.39,1125.39,902448832,1,dnse,2026-09-21T07:14:24.587974+00:00
VNINDEX,1D,2023-06-30,1688091300,1124.3,1126.33,1120.01,1120.18,613568640,1,dnse,2026-09-21T07:14:24.587974+00:00
VNINDEX,1D,2023-07-03,1688350500,1125.55,1128.35,1121.17,1125.5,549873856,1,dnse,2026-09-21T07:14:24.587974+00:00
VNINDEX,1D,2023-07-04,1688436900,1127.11,1132.12,1123.49,1132.0,693614912,1,dnse,2026-09-21T07:14:24.587974+00:00
VNINDEX,1D,2023-07-05,1688523300,1136.64,1138.67,1133.45,1134.62,801237760,1,dnse,2026-09-21T07:14:24.587974+00:00
VNINDEX,1D,2023-07-06,1688609700,1133.7,1135.81,1122.35,1126.22,915839808,1,dnse,2026-09-21T07:14:24.587974+00:00
VNINDEX,1D,2023-07-07,1688696100,1124.98,1138.07,1122.94,1138.07,791868352,1,dnse,2026-09-21T07:14:24.587974+00:00
VNINDEX,1D,2023-07-10,1688955300,1142.61,1149.02,1140.03,1149.02,874313600,1,dnse,2026-09-21T07:14:24.587974+00:00
VNINDEX,1D,2023-07-11,1689041700,1151.13,1157.01,1149.38,1151.77,919958016,1,dnse,2026-09-21T07:14:24.587974+00:00
VNINDEX,1D,2023-07-12,1689128100,1154.37,1157.43,1149.28,1154.2,777236672,1,dnse,2026-09-21T07:14:24.587974+00:00
VNINDEX,1D,2023-07-13,1689214500,1159.88,1165.42,1158.15,1165.42,802197696,1,dnse,2026-09-21T07:14:24.587974+00:00
VNINDEX,1D,2023-07-14,1689300900,1169.2,1169.84,1156.28,1168.4,1039511424,1,dnse,2026-09-21T07:14:24.587974+00:00
VNINDEX,1D,2023-07-17,1689560100,1171.75,1174.89,1168.77,1173.13,905118720,1,dnse,2026-09-21T07:14:24.587974+00:00
VNINDEX,1D,2023-07-18,1689646500,1173.23,1175.7,1170.04,1174.09,821596032,1,dnse,2026-09-21T07:14:24.587974+00:00
VNINDEX,1D,2023-07-19,1689732900,1177.5,1178.55,1172.98,1172.98,891140288,1,dnse,2026-09-21T07:14:24.587974+00:00
VNINDEX,1D,2023-07-20,1689819300,1171.83,1174.39,1166.62,1172.81,789583424,1,dnse,2026-09-21T07:14:24.587974+00:00
VNINDEX,1D,2023-07-21,1689905700,1173.21,1185.9,1172.07,1185.9,980566976,1,dnse,2026-09-21T07:14:24.587974+00:00
VNINDEX,1D,2023-07-24,1690164900,1190.74,1193.22,1183.39,1190.72,1041864960,1,dnse,2026-09-21T07:14:24.587974+00:00
VNINDEX,1D,2023-07-25,1690251300,1194.45,1199.27,1193.34,1195.9,996016640,1,dnse,2026-09-21T07:14:24.587974+00:00
VNINDEX,1D,2023-07-26,1690337700,1195.5,1200.84,1195.44,1200.84,906391488,1,dnse,2026-09-21T07:14:24.587974+00:00
VNINDEX,1D,2023-07-27,1690424100,1201.69,1203.69,1191.08,1197.33,1160976000,1,dnse,2026-09-21T07:14:24.587974+00:00
VNINDEX,1D,2023-07-28,1690510500,1197.32,1207.67,1195.86,1207.67,1105954688,1,dnse,2026-09-21T07:14:24.587974+00:00
VNINDEX,1D,2023-07-31,1690769700,1219.66,1224.81,1207.67,1222.9,1199654784,1,dnse,2026-09-21T07:14:24.587974+00:00
VNINDEX,1D,2023-08-01,1690856100,1230.32,1234.5,1217.56,1217.56,1276467200,1,dnse,2026-09-21T07:14:24.587974+00:00
VNINDEX,1D,2023-08-02,1690942500,1217.17,1223.04,1213.18,1220.43,930382848,1,dnse,2026-09-21T07:14:24.587974+00:00
VNINDEX,1D,2023-08-03,1691028900,1219.73,1222.35,1209.06,1210.95,1029956160,1,dnse,2026-09-21T07:14:24.587974+00:00
VNINDEX,1D,2023-08-04,1691115300,1216.27,1228.12,1211.9,1225.98,1124416768,1,dnse,2026-09-21T07:14:24.587974+00:00
VNINDEX,1D,2023-08-07,1691374500,1233.1,1241.42,1230.38,1241.42,1291669248,1,dnse,2026-09-21T07:14:24.587974+00:00
VNINDEX,1D,2023-08-08,1691460900,1244.35,1246.22,1239.01,1242.23,1191071360,1,dnse,2026-09-21T07:14:24.587974+00:00
VNINDEX,1D,2023-08-09,1691547300,1240.68,1241.96,1231.28,1233.99,1083543040,1,dnse,2026-09-21T07:14:24.587974+00:00
VNINDEX,1D,2023-08-10,1691633700,1236.51,1238.19,1220.61,1220.61,1006663360,1,dnse,2026-09-21T07:14:24.587974+00:00
VNINDEX,1D,2023-08-11,1691720100,1228.92,1232.21,1213.37,1232.21,1008884544,1,dnse,2026-09-21T07:14:24.587974+00:00
VNINDEX,1D,2023-08-14,1691979300,1237.14,1239.61,1229.04,1236.84,1100327040,1,dnse,2026-09-21T07:14:24.587974+00:00
VNINDEX,1D,2023-08-15,1692065700,1239.42,1239.42,1230.58,1234.05,910816256,1,dnse,2026-09-21T07:14:24.587974+00:00
VNINDEX,1D,2023-08-16,1692152100,1239.95,1243.48,1234.77,1243.26,920483200,1,dnse,2026-09-21T07:14:24.587974+00:00
VNINDEX,1D,2023-08-17,1692238500,1242.58,1243.98,1233.48,1233.48,1106323584,1,dnse,2026-09-21T07:14:24.587974+00:00
VNINDEX,1D,2023-08-18,1692324900,1227.02,1228.98,1177.74,1177.99,1689444608,1,dnse,2026-09-21T07:14:24.587974+00:00
VNINDEX,1D,2023-08-21,1692584100,1177.01,1188.16,1164.63,1179.76,1064248192,1,dnse,2026-09-21T07:14:24.587974+00:00
VNINDEX,1D,2023-08-22,1692670500,1183.92,1184.43,1149.13,1180.49,1043223744,1,dnse,2026-09-21T07:14:24.587974+00:00
VNINDEX,1D,2023-08-23,1692756900,1192.96,1193.79,1168.89,1172.56,731631488,1,dnse,2026-09-21T07:14:24.587974+00:00
VNINDEX,1D,2023-08-24,1692843300,1175.2,1189.99,1171.33,1189.39,834759168,1,dnse,2026-09-21T07:14:24.587974+00:00
VNINDEX,1D,2023-08-25,1692929700,1188.99,1192.59,1181.6,1183.37,871918848,1,dnse,2026-09-21T07:14:24.587974+00:00
VNINDEX,1D,2023-08-28,1693188900,1189.43,1202.02,1189.43,1201.72,871787776,1,dnse,2026-09-21T07:14:24.587974+00:00
VNINDEX,1D,2023-08-29,1693275300,1204.75,1208.78,1197.57,1204.43,989036224,1,dnse,2026-09-21T07:14:24.587974+00:00
VNINDEX,1D,2023-08-30,1693361700,1206.1,1213.52,1203.51,1213.16,908175040,1,dnse,2026-09-21T07:14:24.587974+00:00
VNINDEX,1D,2023-08-31,1693448100,1216.0,1224.84,1214.32,1224.05,941763264,1,dnse,2026-09-21T07:14:24.587974+00:00
VNINDEX,1D,2023-09-05,1693880100,1231.43,1236.21,1228.7,1234.98,1083696384,1,dnse,2026-09-21T07:14:24.587974+00:00
VNINDEX,1D,2023-09-06,1693966500,1237.07,1245.5,1229.89,1245.5,1131264512,1,dnse,2026-09-21T07:14:24.587974+00:00
VNINDEX,1D,2023-09-07,1694052900,1248.91,1255.11,1240.82,1243.14,1125098624,1,dnse,2026-09-21T07:14:24.587974+00:00
VNINDEX,1D,2023-09-08,1694139300,1242.28,1248.1,1240.15,1241.48,1096407040,1,dnse,2026-09-21T07:14:24.587974+00:00
VNINDEX,1D,2023-09-11,1694398500,1250.48,1251.37,1223.33,1223.63,1380687104,1,dnse,2026-09-21T07:14:24.587974+00:00
VNINDEX,1D,2023-09-12,1694484900,1227.16,1245.44,1220.85,1245.44,963572096,1,dnse,2026-09-21T07:14:24.587974+00:00
VNINDEX,1D,2023-09-13,1694571300,1248.94,1250.61,1232.84,1238.39,1259350912,1,dnse,2026-09-21T07:14:24.587974+00:00
VNINDEX,1D,2023-09-14,1694657700,1238.19,1244.21,1223.03,1223.81,1218798208,1,dnse,2026-09-21T07:14:24.587974+00:00
VNINDEX,1D,2023-09-15,1694744100,1228.87,1233.87,1220.27,1227.36,909883648,1,dnse,2026-09-21T07:14:24.587974+00:00
VNINDEX,1D,2023-09-18,1695003300,1225.6,1227.36,1203.88,1211.81,841376320,1,dnse,2026-09-21T07:14:24.587974+00:00
VNINDEX,1D,2023-09-19,1695089700,1215.96,1219.57,1199.85,1211.5,966841216,1,dnse,2026-09-21T07:14:24.587974+00:00
VNINDEX,1D,2023-09-20,1695176100,1212.7,1226.11,1209.46,1226.11,861723328,1,dnse,2026-09-21T07:14:24.587974+00:00
VNINDEX,1D,2023-09-21,1695262500,1226.79,1227.88,1211.65,1212.74,954009856,1,dnse,2026-09-21T07:14:24.587974+00:00
VNINDEX,1D,2023-09-22,1695348900,1197.49,1205.41,1174.57,1193.05,1392864128,1,dnse,2026-09-21T07:14:24.587974+00:00
VNINDEX,1D,2023-09-25,1695608100,1190.58,1195.62,1153.2,1153.2,1083225984,1,dnse,2026-09-21T07:14:24.587974+00:00
VNINDEX,1D,2023-09-26,1695694500,1150.94,1163.52,1137.96,1137.96,1039491264,1,dnse,2026-09-21T07:14:24.587974+00:00
VNINDEX,1D,2023-09-27,1695780900,1139.76,1153.85,1126.36,1153.85,845872960,1,dnse,2026-09-21T07:14:24.587974+00:00
VNINDEX,1D,2023-09-28,1695867300,1153.74,1155.39,1136.99,1152.43,683541504,1,dnse,2026-09-21T07:14:24.587974+00:00
VNINDEX,1D,2023-09-29,1695953700,1157.76,1163.88,1152.43,1154.15,572894400,1,dnse,2026-09-21T07:14:24.587974+00:00
VNINDEX,1D,2023-10-02,1696212900,1155.07,1161.48,1149.63,1155.25,501611968,1,dnse,2026-09-21T07:14:24.587974+00:00
VNINDEX,1D,2023-10-03,1696299300,1145.85,1146.59,1117.28,1118.1,984502720,1,dnse,2026-09-21T07:14:24.587974+00:00
VNINDEX,1D,2023-10-04,1696385700,1106.61,1133.77,1106.4,1128.67,678860352,1,dnse,2026-09-21T07:14:24.587974+00:00
VNINDEX,1D,2023-10-05,1696472100,1131.29,1133.12,1113.89,1113.89,606657344,1,dnse,2026-09-21T07:14:24.587974+00:00
VNINDEX,1D,2023-10-06,1696558500,1115.23,1129.13,1107.4,1128.54,621154560,1,dnse,2026-09-21T07:14:24.587974+00:00
VNINDEX,1D,2023-10-09,1696817700,1130.25,1137.36,1127.03,1137.36,601244864,1,dnse,2026-09-21T07:14:24.587974+00:00
VNINDEX,1D,2023-10-10,1696904100,1143.6,1150.34,1140.83,1143.69,669993856,1,dnse,2026-09-21T07:14:24.587974+00:00
VNINDEX,1D,2023-10-11,1696990500,1146.2,1150.81,1138.22,1150.81,538812032,1,dnse,2026-09-21T07:14:24.587974+00:00
VNINDEX,1D,2023-10-12,1697076900,1155.12,1156.73,1148.11,1151.61,640588928,1,dnse,2026-09-21T07:14:24.587974+00:00
VNINDEX,1D,2023-10-13,1697163300,1145.03,1155.1,1138.99,1154.73,615106112,1,dnse,2026-09-21T07:14:24.587974+00:00
VNINDEX,1D,2023-10-16,1697422500,1152.69,1157.46,1140.64,1141.42,674893696,1,dnse,2026-09-21T07:14:24.587974+00:00
VNINDEX,1D,2023-10-17,1697508900,1145.34,1147.89,1121.65,1121.65,602323392,1,dnse,2026-09-21T07:14:24.587974+00:00
VNINDEX,1D,2023-10-18,1697595300,1123.73,1125.27,1088.87,1103.4,1024485504,1,dnse,2026-09-21T07:14:24.587974+00:00
VNINDEX,1D,2023-10-19,1697681700,1102.93,1104.03,1087.85,1087.85,638820864,1,dnse,2026-09-21T07:14:24.587974+00:00
VNINDEX,1D,2023-10-20,1697768100,1085.83,1108.16,1073.73,1108.03,657621440,1,dnse,2026-09-21T07:14:24.587974+00:00
VNINDEX,1D,2023-10-23,1698027300,1106.56,1106.8,1086.54,1093.53,562497984,1,dnse,2026-09-21T07:14:24.587974+00:00
VNINDEX,1D,2023-10-24,1698113700,1095.42,1107.3,1088.17,1105.9,502883392,1,dnse,2026-09-21T07:14:24.587974+00:00
VNINDEX,1D,2023-10-25,1698200100,1106.41,1111.39,1100.64,1101.66,532012800,1,dnse,2026-09-21T07:14:24.587974+00:00
VNINDEX,1D,2023-10-26,1698286500,1082.8,1083.22,1049.71,1055.45,1171656703,1,dnse,2026-09-21T07:14:24.587974+00:00
VNINDEX,1D,2023-10-27,1698372900,1059.41,1061.87,1037.46,1060.62,675686016,1,dnse,2026-09-21T07:14:24.587974+00:00
VNINDEX,1D,2023-10-30,1698632100,1054.03,1060.39,1042.4,1042.4,524183744,1,dnse,2026-09-21T07:14:24.587974+00:00
VNINDEX,1D,2023-10-31,1698718500,1045.6,1046.17,1025.03,1028.19,752219904,1,dnse,2026-09-21T07:14:24.587974+00:00
VNINDEX,1D,2023-11-01,1698804900,1029.0,1039.66,1020.01,1039.66,674512192,1,dnse,2026-09-21T07:14:24.587974+00:00
VNINDEX,1D,2023-11-02,1698891300,1048.62,1075.47,1039.86,1075.47,767166720,1,dnse,2026-09-21T07:14:24.587974+00:00
VNINDEX,1D,2023-11-03,1698977700,1081.35,1082.23,1071.11,1076.78,739651904,1,dnse,2026-09-21T07:14:24.587974+00:00
VNINDEX,1D,2023-11-06,1699236900,1082.21,1089.66,1076.78,1089.66,688285632,1,dnse,2026-09-21T07:14:24.587974+00:00
VNINDEX,1D,2023-11-07,1699323300,1086.68,1089.89,1079.42,1080.29,619799296,1,dnse,2026-09-21T07:14:24.587974+00:00
VNINDEX,1D,2023-11-08,1699409700,1079.14,1113.43,1075.8,1113.43,928885696,1,dnse,2026-09-21T07:14:24.587974+00:00
VNINDEX,1D,2023-11-09,1699496100,1116.42,1124.78,1112.13,1113.89,1033742528,1,dnse,2026-09-21T07:14:24.587974+00:00
VNINDEX,1D,2023-11-10,1699582500,1105.75,1116.02,1101.23,1101.68,1021663680,1,dnse,2026-09-21T07:14:24.587974+00:00
VNINDEX,1D,2023-11-13,1699841700,1103.66,1107.91,1093.19,1100.07,773867840,1,dnse,2026-09-21T07:14:24.587974+00:00
VNINDEX,1D,2023-11-14,1699928100,1109.08,1115.6,1101.67,1109.73,813947136,1,dnse,2026-09-21T07:14:24.587974+00:00
VNINDEX,1D,2023-11-15,1700014500,1124.56,1132.75,1118.74,1122.5,935097792,1,dnse,2026-09-21T07:14:24.587974+00:00
VNINDEX,1D,2023-11-16,1700100900,1119.98,1125.53,1114.97,1125.53,678322176,1,dnse,2026-09-21T07:14:24.587974+00:00
VNINDEX,1D,2023-11-17,1700187300,1128.14,1129.84,1096.16,1101.19,1244855040,1,dnse,2026-09-21T07:14:24.587974+00:00
VNINDEX,1D,2023-11-20,1700446500,1085.4,1111.26,1085.32,1103.66,835819200,1,dnse,2026-09-21T07:14:24.587974+00:00
VNINDEX,1D,2023-11-21,1700532900,1112.61,1112.77,1103.79,1110.46,711761792,1,dnse,2026-09-21T07:14:24.587974+00:00
VNINDEX,1D,2023-11-22,1700619300,1111.35,1115.47,1103.26,1113.82,940697728,1,dnse,2026-09-21T07:14:24.587974+00:00
VNINDEX,1D,2023-11-23,1700705700,1117.71,1118.54,1088.49,1088.49,1014867776,1,dnse,2026-09-21T07:14:24.587974+00:00
VNINDEX,1D,2023-11-24,1700792100,1090.97,1095.61,1073.31,1095.61,955714432,1,dnse,2026-09-21T07:14:24.587974+00:00
VNINDEX,1D,2023-11-27,1701051300,1095.59,1096.84,1085.69,1088.06,590020288,1,dnse,2026-09-21T07:14:24.587974+00:00
VNINDEX,1D,2023-11-28,1701137700,1088.6,1095.43,1076.45,1095.43,676625920,1,dnse,2026-09-21T07:14:24.587974+00:00
VNINDEX,1D,2023-11-29,1701224100,1097.28,1105.28,1095.43,1102.8,604645440,1,dnse,2026-09-21T07:14:24.587974+00:00
VNINDEX,1D,2023-11-30,1701310500,1101.75,1107.45,1094.13,1094.13,715938752,1,dnse,2026-09-21T07:14:24.587974+00:00
VNINDEX,1D,2023-12-01,1701396900,1099.18,1102.2,1090.08,1102.16,595675392,1,dnse,2026-09-21T07:14:24.587974+00:00
VNINDEX,1D,2023-12-04,1701656100,1107.74,1123.96,1102.16,1120.49,1115486336,1,dnse,2026-09-21T07:14:24.587974+00:00
VNINDEX,1D,2023-12-05,1701742500,1122.28,1124.11,1113.55,1115.97,819991808,1,dnse,2026-09-21T07:14:24.587974+00:00
VNINDEX,1D,2023-12-06,1701828900,1118.06,1126.43,1115.97,1126.43,850653184,1,dnse,2026-09-21T07:14:24.587974+00:00
VNINDEX,1D,2023-12-07,1701915300,1128.67,1129.83,1109.51,1121.49,1333046528,1,dnse,2026-09-21T07:14:24.587974+00:00
VNINDEX,1D,2023-12-08,1702001700,1122.09,1127.45,1119.43,1124.44,811313920,1,dnse,2026-09-21T07:14:24.587974+00:00
VNINDEX,1D,2023-12-11,1702260900,1127.92,1129.15,1120.32,1125.5,688147776,1,dnse,2026-09-21T07:14:24.587974+00:00
VNINDEX,1D,2023-12-12,1702347300,1127.55,1129.77,1123.35,1127.63,641360384,1,dnse,2026-09-21T07:14:24.587974+00:00
VNINDEX,1D,2023-12-13,1702433700,1129.94,1131.21,1112.08,1114.2,837384512,1,dnse,2026-09-21T07:14:24.587974+00:00
VNINDEX,1D,2023-12-14,1702520100,1119.62,1120.36,1107.86,1110.13,679391936,1,dnse,2026-09-21T07:14:24.587974+00:00
VNINDEX,1D,2023-12-15,1702606500,1109.51,1112.79,1102.3,1102.3,745423616,1,dnse,2026-09-21T07:14:24.587974+00:00
VNINDEX,1D,2023-12-18,1702865700,1103.43,1103.74,1091.45,1091.88,700400960,1,dnse,2026-09-21T07:14:24.587974+00:00
VNINDEX,1D,2023-12-19,1702952100,1091.26,1096.3,1082.29,1096.3,636044672,1,dnse,2026-09-21T07:14:24.587974+00:00
VNINDEX,1D,2023-12-20,1703038500,1098.1,1102.27,1093.38,1100.76,595242816,1,dnse,2026-09-21T07:14:24.587974+00:00
VNINDEX,1D,2023-12-21,1703124900,1096.22,1102.43,1094.47,1102.43,517259520,1,dnse,2026-09-21T07:14:24.587974+00:00
VNINDEX,1D,2023-12-22,1703211300,1103.08,1104.65,1099.32,1103.06,554714816,1,dnse,2026-09-21T07:14:24.587974+00:00
VNINDEX,1D,2023-12-25,1703470500,1104.27,1118.31,1104.27,1117.66,655464448,1,dnse,2026-09-21T07:14:24.587974+00:00
VNINDEX,1D,2023-12-26,1703556900,1120.11,1123.11,1117.93,1122.25,628095488,1,dnse,2026-09-21T07:14:24.587974+00:00
VNINDEX,1D,2023-12-27,1703643300,1123.28,1126.47,1121.99,1121.99,747803648,1,dnse,2026-09-21T07:14:24.587974+00:00
VNINDEX,1D,2023-12-28,1703729700,1122.77,1130.58,1120.5,1128.93,687477568,1,dnse,2026-09-21T07:14:24.587974+00:00
VNINDEX,1D,2023-12-29,1703816100,1131.75,1135.05,1129.93,1129.93,691339584,1,dnse,2026-09-21T07:14:24.587974+00:00
VNINDEX,1D,2024-01-02,1704161700,1136.39,1139.71,1128.69,1131.72,838630464,1,dnse,2026-09-21T07:14:24.587974+00:00
VNINDEX,1D,2024-01-03,1704248100,1130.53,1144.17,1128.32,1144.17,715205888,1,dnse,2026-09-21T07:14:24.587974+00:00
VNINDEX,1D,2024-01-04,1704334500,1145.49,1160.08,1144.32,1150.72,1177634560,1,dnse,2026-09-21T07:14:24.587974+00:00
VNINDEX,1D,2024-01-05,1704420900,1152.37,1155.84,1149.08,1154.68,802135296,1,dnse,2026-09-21T07:14:24.587974+00:00
VNINDEX,1D,2024-01-08,1704680100,1159.42,1162.56,1155.48,1160.19,902490432,1,dnse,2026-09-21T07:14:24.587974+00:00
VNINDEX,1D,2024-01-09,1704766500,1161.71,1162.83,1155.46,1158.59,855085888,1,dnse,2026-09-21T07:14:24.587974+00:00
VNINDEX,1D,2024-01-10,1704852900,1158.79,1166.1,1155.94,1161.54,989921408,1,dnse,2026-09-21T07:14:24.587974+00:00
VNINDEX,1D,2024-01-11,1704939300,1162.49,1169.1,1157.43,1162.22,838395264,1,dnse,2026-09-21T07:14:24.587974+00:00
VNINDEX,1D,2024-01-12,1705025700,1159.25,1161.91,1146.75,1154.7,1081769472,1,dnse,2026-09-21T07:14:24.587974+00:00
VNINDEX,1D,2024-01-15,1705284900,1159.37,1163.75,1154.12,1154.12,614835392,1,dnse,2026-09-21T07:14:24.587974+00:00
VNINDEX,1D,2024-01-16,1705371300,1150.31,1163.12,1147.71,1163.12,608745792,1,dnse,2026-09-21T07:14:24.587974+00:00
VNINDEX,1D,2024-01-17,1705457700,1161.95,1168.46,1160.45,1162.53,765919296,1,dnse,2026-09-21T07:14:24.587974+00:00
VNINDEX,1D,2024-01-18,1705544100,1164.32,1169.73,1162.62,1169.06,593184960,1,dnse,2026-09-21T07:14:24.587974+00:00
VNINDEX,1D,2024-01-19,1705630500,1171.5,1181.5,1171.47,1181.5,656119872,1,dnse,2026-09-21T07:14:24.587974+00:00
VNINDEX,1D,2024-01-22,1705889700,1186.29,1186.96,1175.54,1182.86,859366080,1,dnse,2026-09-21T07:14:24.587974+00:00
VNINDEX,1D,2024-01-23,1705976100,1183.96,1184.74,1173.78,1177.5,672144896,1,dnse,2026-09-21T07:14:24.587974+00:00
VNINDEX,1D,2024-01-24,1706062500,1175.58,1180.3,1172.0,1172.97,709618176,1,dnse,2026-09-21T07:14:24.587974+00:00
VNINDEX,1D,2024-01-25,1706148900,1173.58,1173.83,1168.5,1170.37,533835360,1,dnse,2026-09-21T07:14:24.587974+00:00
VNINDEX,1D,2024-01-26,1706235300,1173.43,1176.76,1173.26,1175.67,556304192,1,dnse,2026-09-21T07:14:24.587974+00:00
VNINDEX,1D,2024-01-29,1706494500,1177.23,1180.46,1174.88,1175.69,658514816,1,dnse,2026-09-21T07:14:24.587974+00:00
VNINDEX,1D,2024-01-30,1706580900,1176.02,1179.92,1174.13,1179.65,611031808,1,dnse,2026-09-21T07:14:24.587974+00:00
VNINDEX,1D,2024-01-31,1706667300,1181.62,1182.53,1163.13,1164.31,1112277632,1,dnse,2026-09-21T07:14:24.587974+00:00
VNINDEX,1D,2024-02-01,1706753700,1162.78,1174.5,1162.45,1173.02,653326272,1,dnse,2026-09-21T07:14:24.587974+00:00
VNINDEX,1D,2024-02-02,1706840100,1173.93,1178.27,1169.7,1172.55,904503424,1,dnse,2026-09-21T07:14:24.587974+00:00
VNINDEX,1D,2024-02-05,1707099300,1174.22,1188.45,1173.54,1186.06,863532416,1,dnse,2026-09-21T07:14:24.587974+00:00
VNINDEX,1D,2024-02-06,1707185700,1189.08,1190.92,1185.68,1188.48,617518016,1,dnse,2026-09-21T07:14:24.587974+00:00
VNINDEX,1D,2024-02-07,1707272100,1190.51,1199.52,1190.5,1198.53,684745600,1,dnse,2026-09-21T07:14:24.587974+00:00
VNINDEX,1D,2024-02-15,1707963300,1203.08,1207.56,1198.81,1202.5,866806208,1,dnse,2026-09-21T07:14:24.587974+00:00
VNINDEX,1D,2024-02-16,1708049700,1204.9,1210.25,1204.29,1209.7,822084736,1,dnse,2026-09-21T07:14:24.587974+00:00
VNINDEX,1D,2024-02-19,1708308900,1213.24,1225.48,1212.58,1224.97,1040941056,1,dnse,2026-09-21T07:14:24.587974+00:00
VNINDEX,1D,2024-02-20,1708395300,1227.75,1230.47,1222.66,1230.06,935224192,1,dnse,2026-09-21T07:14:24.587974+00:00
VNINDEX,1D,2024-02-21,1708481700,1231.78,1234.22,1222.92,1230.04,987185152,1,dnse,2026-09-21T07:14:24.587974+00:00
VNINDEX,1D,2024-02-22,1708568100,1229.85,1232.09,1226.15,1227.31,833078400,1,dnse,2026-09-21T07:14:24.587974+00:00
VNINDEX,1D,2024-02-23,1708654500,1230.3,1240.81,1211.55,1212.0,1391771776,1,dnse,2026-09-21T07:14:24.587974+00:00
VNINDEX,1D,2024-02-26,1708913700,1212.93,1225.21,1210.52,1224.17,886094848,1,dnse,2026-09-21T07:14:24.587974+00:00
VNINDEX,1D,2024-02-27,1709000100,1228.93,1237.6,1226.49,1237.46,976812864,1,dnse,2026-09-21T07:14:24.587974+00:00
VNINDEX,1D,2024-02-28,1709086500,1241.77,1254.55,1236.32,1254.55,956194176,1,dnse,2026-09-21T07:14:24.587974+00:00
VNINDEX,1D,2024-02-29,1709172900,1259.59,1264.39,1247.7,1252.73,1081910144,1,dnse,2026-09-21T07:14:24.587974+00:00
VNINDEX,1D,2024-03-01,1709259300,1256.72,1258.76,1247.87,1258.28,960467392,1,dnse,2026-09-21T07:14:24.587974+00:00
VNINDEX,1D,2024-03-04,1709518500,1264.07,1268.25,1256.54,1261.41,1178324736,1,dnse,2026-09-21T07:14:24.587974+00:00
VNINDEX,1D,2024-03-05,1709604900,1262.89,1269.98,1257.81,1269.98,1008772096,1,dnse,2026-09-21T07:14:24.587974+00:00
VNINDEX,1D,2024-03-06,1709691300,1269.8,1277.51,1256.3,1262.73,1058679808,1,dnse,2026-09-21T07:14:24.587974+00:00
VNINDEX,1D,2024-03-07,1709769600,1263.51,1269.88,1260.24,1268.46,987451920,1,dnse,2026-09-21T07:14:24.587974+00:00
VNINDEX,1D,2024-03-08,1709864100,1272.62,1274.3,1247.35,1247.35,1343076480,1,dnse,2026-09-21T07:14:24.587974+00:00
VNINDEX,1D,2024-03-11,1710123300,1248.32,1254.01,1233.49,1235.49,973325952,1,dnse,2026-09-21T07:14:24.587974+00:00
VNINDEX,1D,2024-03-12,1710209700,1235.4,1248.33,1233.14,1245.0,833707136,1,dnse,2026-09-21T07:14:24.587974+00:00
VNINDEX,1D,2024-03-13,1710296100,1250.2,1270.51,1245.25,1270.51,976311296,1,dnse,2026-09-21T07:14:24.587974+00:00
VNINDEX,1D,2024-03-14,1710382500,1276.0,1276.41,1258.67,1264.26,1056019840,1,dnse,2026-09-21T07:14:24.587974+00:00
VNINDEX,1D,2024-03-15,1710468900,1263.76,1271.63,1252.36,1263.78,1056168512,1,dnse,2026-09-21T07:14:24.587974+00:00
VNINDEX,1D,2024-03-18,1710728100,1266.11,1269.9,1221.67,1243.56,1706017408,1,dnse,2026-09-21T07:14:24.587974+00:00
VNINDEX,1D,2024-03-19,1710814500,1246.54,1249.75,1238.92,1242.46,900932608,1,dnse,2026-09-21T07:14:24.587974+00:00
VNINDEX,1D,2024-03-20,1710900900,1243.79,1261.55,1235.46,1260.08,913049536,1,dnse,2026-09-21T07:14:24.587974+00:00
VNINDEX,1D,2024-03-21,1710987300,1269.96,1276.42,1264.2,1276.42,1246349056,1,dnse,2026-09-21T07:14:24.587974+00:00
VNINDEX,1D,2024-03-22,1711073700,1281.56,1291.27,1276.38,1281.8,1376654208,1,dnse,2026-09-21T07:14:24.587974+00:00
VNINDEX,1D,2024-03-25,1711332900,1278.86,1286.84,1264.51,1267.86,1238590464,1,dnse,2026-09-21T07:14:24.587974+00:00
VNINDEX,1D,2024-03-26,1711419300,1267.95,1282.5,1264.42,1282.21,935733376,1,dnse,2026-09-21T07:14:24.587974+00:00
VNINDEX,1D,2024-03-27,1711505700,1286.34,1286.72,1276.95,1283.09,917618432,1,dnse,2026-09-21T07:14:24.587974+00:00
VNINDEX,1D,2024-03-28,1711592100,1293.03,1293.9,1285.52,1290.18,1004141376,1,dnse,2026-09-21T07:14:24.587974+00:00
VNINDEX,1D,2024-03-29,1711678500,1292.7,1293.04,1282.44,1284.09,908466112,1,dnse,2026-09-21T07:14:24.587974+00:00
VNINDEX,1D,2024-04-01,1711937700,1282.37,1286.8,1274.09,1281.52,960291968,1,dnse,2026-09-21T07:14:24.587974+00:00
VNINDEX,1D,2024-04-02,1712024100,1276.38,1287.04,1268.48,1287.04,1083884928,1,dnse,2026-09-21T07:14:24.587974+00:00
VNINDEX,1D,2024-04-03,1712110500,1285.3,1288.99,1271.47,1271.47,1071915136,1,dnse,2026-09-21T07:14:24.587974+00:00
VNINDEX,1D,2024-04-04,1712196900,1271.87,1277.62,1265.12,1268.25,971640832,1,dnse,2026-09-21T07:14:24.587974+00:00
VNINDEX,1D,2024-04-05,1712283300,1258.58,1268.25,1253.56,1255.11,1065832192,1,dnse,2026-09-21T07:14:24.587974+00:00
VNINDEX,1D,2024-04-08,1712542500,1255.37,1258.4,1246.87,1250.35,865493952,1,dnse,2026-09-21T07:14:24.587974+00:00
VNINDEX,1D,2024-04-09,1712628900,1252.4,1262.82,1247.7,1262.82,711114944,1,dnse,2026-09-21T07:14:24.587974+00:00
VNINDEX,1D,2024-04-10,1712715300,1266.52,1268.72,1258.56,1258.56,698047744,1,dnse,2026-09-21T07:14:24.587974+00:00
VNINDEX,1D,2024-04-11,1712801700,1249.88,1262.03,1248.11,1258.2,684929600,1,dnse,2026-09-21T07:14:24.587974+00:00
VNINDEX,1D,2024-04-12,1712888100,1262.96,1278.39,1259.02,1276.6,942190208,1,dnse,2026-09-21T07:14:24.587974+00:00
VNINDEX,1D,2024-04-15,1713147300,1274.02,1281.81,1216.61,1216.61,1435511808,1,dnse,2026-09-21T07:14:24.587974+00:00
VNINDEX,1D,2024-04-16,1713233700,1218.64,1222.45,1191.73,1215.68,1329769856,1,dnse,2026-09-21T07:14:24.587974+00:00
VNINDEX,1D,2024-04-17,1713320100,1221.47,1221.47,1193.01,1193.01,853687808,1,dnse,2026-09-21T07:14:24.587974+00:00
VNINDEX,1D,2024-04-19,1713492900,1180.87,1190.96,1165.99,1174.85,1068555328,1,dnse,2026-09-21T07:14:24.587974+00:00
VNINDEX,1D,2024-04-22,1713752100,1183.77,1193.88,1181.13,1190.22,696415104,1,dnse,2026-09-21T07:14:24.587974+00:00
VNINDEX,1D,2024-04-23,1713838500,1190.56,1192.8,1169.61,1177.4,772262336,1,dnse,2026-09-21T07:14:24.587974+00:00
VNINDEX,1D,2024-04-24,1713924900,1186.47,1207.61,1177.4,1205.61,783986304,1,dnse,2026-09-21T07:14:24.587974+00:00
VNINDEX,1D,2024-04-25,1714011300,1206.25,1208.41,1200.21,1204.97,549032832,1,dnse,2026-09-21T07:14:24.587974+00:00
VNINDEX,1D,2024-04-26,1714097700,1199.83,1216.6,1198.73,1209.52,617209408,1,dnse,2026-09-21T07:14:24.587974+00:00
VNINDEX,1D,2024-05-02,1714616100,1212.13,1216.36,1206.28,1216.36,561159296,1,dnse,2026-09-21T07:14:24.587974+00:00
VNINDEX,1D,2024-05-03,1714702500,1222.54,1225.75,1219.69,1221.03,619471808,1,dnse,2026-09-21T07:14:24.587974+00:00
VNINDEX,1D,2024-05-06,1714961700,1226.89,1241.58,1224.22,1241.58,836769600,1,dnse,2026-09-21T07:14:24.587974+00:00
VNINDEX,1D,2024-05-07,1715048100,1245.5,1250.63,1240.09,1248.63,697202112,1,dnse,2026-09-21T07:14:24.587974+00:00
VNINDEX,1D,2024-05-08,1715134500,1243.61,1251.62,1234.76,1250.46,972595840,1,dnse,2026-09-21T07:14:24.587974+00:00
VNINDEX,1D,2024-05-09,1715220900,1252.81,1256.8,1243.29,1248.64,754058368,1,dnse,2026-09-21T07:14:24.587974+00:00
VNINDEX,1D,2024-05-10,1715307300,1251.78,1252.5,1237.46,1244.7,668214080,1,dnse,2026-09-21T07:14:24.587974+00:00
VNINDEX,1D,2024-05-13,1715566500,1248.19,1249.2,1233.56,1240.18,736736512,1,dnse,2026-09-21T07:14:24.587974+00:00
VNINDEX,1D,2024-05-14,1715652900,1246.23,1252.52,1240.88,1243.28,636983552,1,dnse,2026-09-21T07:14:24.587974+00:00
VNINDEX,1D,2024-05-15,1715739300,1248.61,1257.92,1243.28,1254.39,868160896,1,dnse,2026-09-21T07:14:24.587974+00:00
VNINDEX,1D,2024-05-16,1715825700,1264.51,1271.66,1261.19,1268.78,880281088,1,dnse,2026-09-21T07:14:24.587974+00:00
VNINDEX,1D,2024-05-17,1715912100,1270.34,1274.27,1266.32,1273.11,933144960,1,dnse,2026-09-21T07:14:24.587974+00:00
VNINDEX,1D,2024-05-20,1716171300,1281.5,1285.19,1277.36,1277.58,1141253120,1,dnse,2026-09-21T07:14:24.587974+00:00
VNINDEX,1D,2024-05-21,1716257700,1277.85,1281.29,1267.29,1277.14,966197632,1,dnse,2026-09-21T07:14:24.587974+00:00
VNINDEX,1D,2024-05-22,1716344100,1280.26,1283.06,1263.87,1266.91,1133051392,1,dnse,2026-09-21T07:14:24.587974+00:00
VNINDEX,1D,2024-05-23,1716430500,1265.6,1281.03,1262.29,1281.03,917217472,1,dnse,2026-09-21T07:14:24.587974+00:00
VNINDEX,1D,2024-05-24,1716516900,1276.68,1285.07,1250.28,1261.93,1365692032,1,dnse,2026-09-21T07:14:24.587974+00:00
VNINDEX,1D,2024-05-27,1716776100,1263.46,1267.68,1257.27,1267.68,701757504,1,dnse,2026-09-21T07:14:24.587974+00:00
VNINDEX,1D,2024-05-28,1716862500,1272.23,1281.73,1269.37,1281.73,863869312,1,dnse,2026-09-21T07:14:24.587974+00:00
VNINDEX,1D,2024-05-29,1716948900,1284.74,1285.63,1271.6,1272.64,1060543872,1,dnse,2026-09-21T07:14:24.587974+00:00
VNINDEX,1D,2024-05-30,1717035300,1264.45,1269.07,1251.8,1266.32,1039411712,1,dnse,2026-09-21T07:14:24.587974+00:00
VNINDEX,1D,2024-05-31,1717121700,1268.37,1271.07,1261.43,1261.72,756632576,1,dnse,2026-09-21T07:14:24.587974+00:00
VNINDEX,1D,2024-06-03,1717380900,1271.65,1284.48,1271.65,1280.0,1037689664,1,dnse,2026-09-21T07:14:24.587974+00:00
VNINDEX,1D,2024-06-04,1717467300,1285.51,1289.31,1281.98,1283.52,912210368,1,dnse,2026-09-21T07:14:24.587974+00:00
VNINDEX,1D,2024-06-05,1717553700,1287.12,1293.93,1284.35,1284.35,915994496,1,dnse,2026-09-21T07:14:24.587974+00:00
VNINDEX,1D,2024-06-06,1717640100,1288.79,1292.02,1278.4,1283.56,885249600,1,dnse,2026-09-21T07:14:24.587974+00:00
VNINDEX,1D,2024-06-07,1717726500,1289.05,1293.03,1283.13,1287.58,691695424,1,dnse,2026-09-21T07:14:24.587974+00:00
VNINDEX,1D,2024-06-10,1717985700,1292.67,1297.39,1287.44,1290.67,857236928,1,dnse,2026-09-21T07:14:24.587974+00:00
VNINDEX,1D,2024-06-11,1718072100,1295.03,1296.41,1279.47,1284.41,973490176,1,dnse,2026-09-21T07:14:24.587974+00:00
VNINDEX,1D,2024-06-12,1718158500,1285.01,1301.35,1281.71,1300.19,880605952,1,dnse,2026-09-21T07:14:24.587974+00:00
VNINDEX,1D,2024-06-13,1718244900,1305.69,1306.01,1297.6,1301.51,884527296,1,dnse,2026-09-21T07:14:24.587974+00:00
VNINDEX,1D,2024-06-14,1718331300,1303.37,1305.02,1279.91,1279.91,1108445056,1,dnse,2026-09-21T07:14:24.587974+00:00
VNINDEX,1D,2024-06-17,1718590500,1282.08,1283.1,1272.54,1274.77,868908672,1,dnse,2026-09-21T07:14:24.587974+00:00
VNINDEX,1D,2024-06-18,1718676900,1279.39,1286.52,1278.38,1279.5,804834432,1,dnse,2026-09-21T07:14:24.587974+00:00
VNINDEX,1D,2024-06-19,1718763300,1283.0,1284.14,1270.66,1279.79,980063552,1,dnse,2026-09-21T07:14:24.587974+00:00
VNINDEX,1D,2024-06-20,1718849700,1281.82,1286.54,1273.54,1282.3,904815104,1,dnse,2026-09-21T07:14:24.587974+00:00
VNINDEX,1D,2024-06-21,1718936100,1285.07,1288.06,1279.44,1282.02,815868160,1,dnse,2026-09-21T07:14:24.587974+00:00
VNINDEX,1D,2024-06-24,1719195300,1281.19,1284.84,1252.66,1254.12,1233806464,1,dnse,2026-09-21T07:14:24.587974+00:00
VNINDEX,1D,2024-06-25,1719281700,1255.77,1260.07,1250.25,1256.56,804929152,1,dnse,2026-09-21T07:14:24.587974+00:00
VNINDEX,1D,2024-06-26,1719368100,1258.95,1262.67,1247.55,1261.24,832452160,1,dnse,2026-09-21T07:14:24.587974+00:00
VNINDEX,1D,2024-06-27,1719454500,1260.71,1262.49,1255.12,1259.09,589457088,1,dnse,2026-09-21T07:14:24.587974+00:00
VNINDEX,1D,2024-06-28,1719540900,1260.27,1262.61,1240.3,1245.32,837219200,1,dnse,2026-09-21T07:14:24.587974+00:00
VNINDEX,1D,2024-07-01,1719800100,1246.33,1254.56,1240.07,1254.56,484034592,1,dnse,2026-09-21T07:14:24.587974+00:00
VNINDEX,1D,2024-07-02,1719886500,1258.87,1270.47,1257.93,1269.79,523556704,1,dnse,2026-09-21T07:14:24.587974+00:00
VNINDEX,1D,2024-07-03,1719972900,1273.26,1278.14,1268.23,1276.85,582845120,1,dnse,2026-09-21T07:14:24.587974+00:00
VNINDEX,1D,2024-07-04,1720059300,1278.87,1283.13,1274.58,1279.89,523085216,1,dnse,2026-09-21T07:14:24.587974+00:00
VNINDEX,1D,2024-07-05,1720145700,1281.21,1284.98,1276.93,1283.04,610314496,1,dnse,2026-09-21T07:14:24.587974+00:00
VNINDEX,1D,2024-07-08,1720404900,1285.34,1287.14,1277.68,1283.56,762678976,1,dnse,2026-09-21T07:14:24.587974+00:00
VNINDEX,1D,2024-07-09,1720491300,1286.33,1294.15,1283.62,1293.71,814078016,1,dnse,2026-09-21T07:14:24.587974+00:00
VNINDEX,1D,2024-07-10,1720577700,1295.57,1297.96,1285.94,1285.94,742347136,1,dnse,2026-09-21T07:14:24.587974+00:00
VNINDEX,1D,2024-07-11,1720664100,1291.14,1293.32,1283.8,1283.8,695392576,1,dnse,2026-09-21T07:14:24.587974+00:00
VNINDEX,1D,2024-07-12,1720750500,1284.57,1288.67,1277.16,1280.75,600094848,1,dnse,2026-09-21T07:14:24.587974+00:00
VNINDEX,1D,2024-07-15,1721009700,1284.14,1286.37,1276.27,1279.82,567179072,1,dnse,2026-09-21T07:14:24.587974+00:00
VNINDEX,1D,2024-07-16,1721096100,1282.83,1291.47,1279.37,1281.18,676878080,1,dnse,2026-09-21T07:14:24.587974+00:00
VNINDEX,1D,2024-07-17,1721182500,1286.07,1290.76,1256.42,1268.66,1218616064,1,dnse,2026-09-21T07:14:24.587974+00:00
VNINDEX,1D,2024-07-18,1721268900,1270.95,1274.67,1256.21,1274.44,725641664,1,dnse,2026-09-21T07:14:24.587974+00:00
VNINDEX,1D,2024-07-19,1721355300,1275.28,1279.94,1260.68,1264.78,767101696,1,dnse,2026-09-21T07:14:24.587974+00:00
VNINDEX,1D,2024-07-22,1721614500,1261.42,1267.43,1245.02,1254.64,922548032,1,dnse,2026-09-21T07:14:24.587974+00:00
VNINDEX,1D,2024-07-23,1721700900,1256.72,1258.74,1231.81,1231.81,726452928,1,dnse,2026-09-21T07:14:24.587974+00:00
VNINDEX,1D,2024-07-24,1721787300,1225.5,1242.4,1218.65,1238.47,733244608,1,dnse,2026-09-21T07:14:24.587974+00:00
VNINDEX,1D,2024-07-25,1721873700,1232.92,1235.67,1226.2,1233.19,474923616,1,dnse,2026-09-21T07:14:24.587974+00:00
VNINDEX,1D,2024-07-26,1721960100,1235.21,1242.11,1234.05,1242.11,453711776,1,dnse,2026-09-21T07:14:24.587974+00:00
VNINDEX,1D,2024-07-29,1722219300,1247.71,1249.68,1243.08,1246.6,496463200,1,dnse,2026-09-21T07:14:24.587974+00:00
VNINDEX,1D,2024-07-30,1722305700,1247.23,1248.73,1236.97,1245.06,647887808,1,dnse,2026-09-21T07:14:24.587974+00:00
VNINDEX,1D,2024-07-31,1722392100,1247.45,1255.77,1246.3,1251.51,715124608,1,dnse,2026-09-21T07:14:24.587974+00:00
VNINDEX,1D,2024-08-01,1722478500,1254.59,1257.85,1222.51,1226.96,882579712,1,dnse,2026-09-21T07:14:24.587974+00:00
VNINDEX,1D,2024-08-02,1722564900,1215.67,1236.6,1209.77,1236.6,681492800,1,dnse,2026-09-21T07:14:24.587974+00:00
VNINDEX,1D,2024-08-05,1722824100,1219.05,1236.6,1184.53,1188.07,1032698304,1,dnse,2026-09-21T07:14:24.587974+00:00
VNINDEX,1D,2024-08-06,1722910500,1197.52,1213.35,1186.74,1210.28,680286400,1,dnse,2026-09-21T07:14:24.587974+00:00
VNINDEX,1D,2024-08-07,1722996900,1216.96,1217.79,1205.11,1215.88,615654976,1,dnse,2026-09-21T07:14:24.587974+00:00
VNINDEX,1D,2024-08-08,1723083300,1211.83,1219.97,1202.58,1208.32,750242752,1,dnse,2026-09-21T07:14:24.587974+00:00
VNINDEX,1D,2024-08-09,1723169700,1215.3,1225.02,1208.32,1223.64,582942336,1,dnse,2026-09-21T07:14:24.587974+00:00
VNINDEX,1D,2024-08-13,1723515300,1229.81,1231.55,1223.01,1230.42,537449344,1,dnse,2026-09-21T07:14:24.587974+00:00
VNINDEX,1D,2024-08-14,1723601700,1233.7,1236.51,1228.93,1230.36,505301216,1,dnse,2026-09-21T07:14:24.587974+00:00
VNINDEX,1D,2024-08-15,1723688100,1230.58,1231.69,1222.28,1223.56,481168192,1,dnse,2026-09-21T07:14:24.587974+00:00
VNINDEX,1D,2024-08-16,1723774500,1228.27,1253.24,1225.73,1252.23,960751040,1,dnse,2026-09-21T07:14:24.587974+00:00
VNINDEX,1D,2024-08-19,1724033700,1259.36,1263.84,1252.23,1261.62,691898816,1,dnse,2026-09-21T07:14:24.587974+00:00
VNINDEX,1D,2024-08-20,1724120100,1263.65,1275.95,1261.62,1272.55,805641216,1,dnse,2026-09-21T07:14:24.587974+00:00
VNINDEX,1D,2024-08-21,1724206500,1272.34,1284.05,1268.91,1284.05,834436928,1,dnse,2026-09-21T07:14:24.587974+00:00
VNINDEX,1D,2024-08-22,1724292900,1287.34,1288.42,1280.42,1282.78,662035328,1,dnse,2026-09-21T07:14:24.587974+00:00
VNINDEX,1D,2024-08-23,1724379300,1283.22,1287.43,1276.43,1285.32,723180864,1,dnse,2026-09-21T07:14:24.587974+00:00
VNINDEX,1D,2024-08-26,1724638500,1289.65,1290.45,1278.72,1280.02,774450368,1,dnse,2026-09-21T07:14:24.587974+00:00
VNINDEX,1D,2024-08-27,1724724900,1279.55,1282.92,1274.7,1280.56,654752384,1,dnse,2026-09-21T07:14:24.587974+00:00
VNINDEX,1D,2024-08-28,1724811300,1283.41,1285.72,1276.9,1281.44,714082432,1,dnse,2026-09-21T07:14:24.587974+00:00
VNINDEX,1D,2024-08-29,1724897700,1281.05,1288.2,1280.24,1281.47,627488576,1,dnse,2026-09-21T07:14:24.587974+00:00
VNINDEX,1D,2024-08-30,1724984100,1283.61,1286.84,1282.58,1283.87,566286976,1,dnse,2026-09-21T07:14:24.587974+00:00
VNINDEX,1D,2024-09-04,1725416100,1271.39,1277.27,1268.43,1275.8,642292416,1,dnse,2026-09-21T07:14:24.587974+00:00
VNINDEX,1D,2024-09-05,1725502500,1276.35,1282.21,1266.05,1268.21,663928960,1,dnse,2026-09-21T07:14:24.587974+00:00
VNINDEX,1D,2024-09-06,1725588900,1268.22,1274.44,1262.94,1273.96,632645632,1,dnse,2026-09-21T07:14:24.587974+00:00
VNINDEX,1D,2024-09-09,1725848100,1269.83,1273.96,1262.97,1267.73,494511552,1,dnse,2026-09-21T07:14:24.587974+00:00
VNINDEX,1D,2024-09-10,1725934500,1269.83,1271.83,1252.22,1255.23,685115136,1,dnse,2026-09-21T07:14:24.587974+00:00
VNINDEX,1D,2024-09-11,1726020900,1254.25,1256.86,1244.79,1253.27,583008448,1,dnse,2026-09-21T07:14:24.587974+00:00
VNINDEX,1D,2024-09-12,1726107300,1258.42,1260.93,1253.27,1256.35,426999904,1,dnse,2026-09-21T07:14:24.587974+00:00
VNINDEX,1D,2024-09-13,1726193700,1253.48,1254.24,1248.78,1251.71,478165536,1,dnse,2026-09-21T07:14:24.587974+00:00
VNINDEX,1D,2024-09-16,1726452900,1251.0,1255.42,1239.26,1239.26,604032128,1,dnse,2026-09-21T07:14:24.587974+00:00
VNINDEX,1D,2024-09-17,1726539300,1240.0,1258.95,1238.69,1258.95,631141760,1,dnse,2026-09-21T07:14:24.587974+00:00
VNINDEX,1D,2024-09-18,1726625700,1261.23,1271.77,1257.93,1264.9,797548224,1,dnse,2026-09-21T07:14:24.587974+00:00
VNINDEX,1D,2024-09-19,1726712100,1268.08,1271.27,1264.82,1271.27,605613120,1,dnse,2026-09-21T07:14:24.587974+00:00
VNINDEX,1D,2024-09-20,1726798500,1277.73,1283.3,1271.27,1272.04,879150208,1,dnse,2026-09-21T07:14:24.587974+00:00
VNINDEX,1D,2024-09-23,1727057700,1275.15,1276.99,1267.87,1268.48,545321600,1,dnse,2026-09-21T07:14:24.587974+00:00
VNINDEX,1D,2024-09-24,1727144100,1268.25,1276.99,1266.68,1276.99,809537408,1,dnse,2026-09-21T07:14:24.587974+00:00
VNINDEX,1D,2024-09-25,1727230500,1282.48,1288.44,1280.47,1287.48,986610816,1,dnse,2026-09-21T07:14:24.587974+00:00
VNINDEX,1D,2024-09-26,1727316900,1290.03,1298.71,1289.15,1291.49,942350848,1,dnse,2026-09-21T07:14:24.587974+00:00
VNINDEX,1D,2024-09-27,1727403300,1295.03,1300.31,1287.21,1290.92,946563520,1,dnse,2026-09-21T07:14:24.587974+00:00
VNINDEX,1D,2024-09-30,1727662500,1290.17,1292.03,1283.92,1287.94,745955904,1,dnse,2026-09-21T07:14:24.587974+00:00
VNINDEX,1D,2024-10-01,1727748900,1290.68,1302.22,1287.94,1292.2,977299200,1,dnse,2026-09-21T07:14:24.587974+00:00
VNINDEX,1D,2024-10-02,1727835300,1289.65,1293.69,1285.14,1287.84,767699712,1,dnse,2026-09-21T07:14:24.587974+00:00
VNINDEX,1D,2024-10-03,1727921700,1288.45,1299.36,1276.51,1278.1,1040166912,1,dnse,2026-09-21T07:14:24.587974+00:00
VNINDEX,1D,2024-10-04,1728008100,1278.9,1279.19,1270.6,1270.6,600895104,1,dnse,2026-09-21T07:14:24.587974+00:00
VNINDEX,1D,2024-10-07,1728267300,1275.59,1278.61,1264.65,1269.93,536570176,1,dnse,2026-09-21T07:14:24.587974+00:00
VNINDEX,1D,2024-10-08,1728353700,1271.98,1275.82,1266.94,1271.98,666067712,1,dnse,2026-09-21T07:14:24.587974+00:00
VNINDEX,1D,2024-10-09,1728440100,1273.96,1283.01,1273.04,1281.85,672297344,1,dnse,2026-09-21T07:14:24.587974+00:00
VNINDEX,1D,2024-10-10,1728526500,1289.61,1294.33,1284.97,1286.36,717494848,1,dnse,2026-09-21T07:14:24.587974+00:00
VNINDEX,1D,2024-10-11,1728612900,1287.66,1289.37,1283.56,1288.39,513942560,1,dnse,2026-09-21T07:14:24.587974+00:00
VNINDEX,1D,2024-10-14,1728872100,1296.54,1297.67,1286.13,1286.34,790231808,1,dnse,2026-09-21T07:14:24.587974+00:00
VNINDEX,1D,2024-10-15,1728958500,1287.81,1294.05,1279.81,1281.08,705520704,1,dnse,2026-09-21T07:14:24.587974+00:00
VNINDEX,1D,2024-10-16,1729044900,1279.86,1283.33,1276.4,1279.48,533187680,1,dnse,2026-09-21T07:14:24.587974+00:00
VNINDEX,1D,2024-10-17,1729131300,1282.65,1286.52,1271.86,1286.52,676282688,1,dnse,2026-09-21T07:14:24.587974+00:00
VNINDEX,1D,2024-10-18,1729217700,1291.16,1294.1,1285.46,1285.46,681895744,1,dnse,2026-09-21T07:14:24.587974+00:00
VNINDEX,1D,2024-10-21,1729476900,1284.17,1287.71,1279.77,1279.77,615034304,1,dnse,2026-09-21T07:14:24.587974+00:00
VNINDEX,1D,2024-10-22,1729563300,1280.21,1280.21,1265.44,1269.89,793801408,1,dnse,2026-09-21T07:14:24.587974+00:00
VNINDEX,1D,2024-10-23,1729649700,1270.58,1273.21,1263.26,1270.9,589533248,1,dnse,2026-09-21T07:14:24.587974+00:00
VNINDEX,1D,2024-10-24,1729736100,1271.17,1274.11,1257.41,1257.41,671998016,1,dnse,2026-09-21T07:14:24.587974+00:00
VNINDEX,1D,2024-10-25,1729822500,1260.94,1261.72,1251.75,1252.72,561206912,1,dnse,2026-09-21T07:14:24.587974+00:00
VNINDEX,1D,2024-10-28,1730081700,1252.76,1255.18,1250.94,1254.77,479253824,1,dnse,2026-09-21T07:14:24.587974+00:00
VNINDEX,1D,2024-10-29,1730168100,1258.03,1262.38,1257.43,1261.78,868684288,1,dnse,2026-09-21T07:14:24.587974+00:00
VNINDEX,1D,2024-10-30,1730254500,1263.57,1264.84,1255.07,1258.63,535536800,1,dnse,2026-09-21T07:14:24.587974+00:00
VNINDEX,1D,2024-10-31,1730340900,1260.23,1267.88,1255.55,1264.48,600236224,1,dnse,2026-09-21T07:14:24.587974+00:00
VNINDEX,1D,2024-11-01,1730427300,1262.39,1264.67,1254.33,1254.89,575288832,1,dnse,2026-09-21T07:14:24.587974+00:00
VNINDEX,1D,2024-11-04,1730686500,1255.92,1256.96,1242.36,1244.71,706206080,1,dnse,2026-09-21T07:14:24.587974+00:00
VNINDEX,1D,2024-11-05,1730772900,1244.85,1248.97,1243.55,1245.76,415322656,1,dnse,2026-09-21T07:14:24.587974+00:00
VNINDEX,1D,2024-11-06,1730859300,1251.22,1262.44,1250.57,1261.28,565507648,1,dnse,2026-09-21T07:14:24.587974+00:00
VNINDEX,1D,2024-11-07,1730945700,1266.61,1267.09,1259.75,1259.75,497306880,1,dnse,2026-09-21T07:14:24.587974+00:00
VNINDEX,1D,2024-11-08,1731032100,1262.84,1264.09,1250.77,1252.56,550302016,1,dnse,2026-09-21T07:14:24.587974+00:00
VNINDEX,1D,2024-11-11,1731291300,1253.81,1253.87,1241.29,1250.32,788661248,1,dnse,2026-09-21T07:14:24.587974+00:00
VNINDEX,1D,2024-11-12,1731377700,1251.79,1257.02,1242.91,1244.82,595767296,1,dnse,2026-09-21T07:14:24.587974+00:00
VNINDEX,1D,2024-11-13,1731464100,1242.94,1247.04,1234.62,1246.04,649715264,1,dnse,2026-09-21T07:14:24.587974+00:00
VNINDEX,1D,2024-11-14,1731550500,1243.85,1247.07,1231.69,1231.89,676132416,1,dnse,2026-09-21T07:14:24.587974+00:00
VNINDEX,1D,2024-11-15,1731636900,1229.36,1229.59,1217.03,1218.57,744140608,1,dnse,2026-09-21T07:14:24.587974+00:00
VNINDEX,1D,2024-11-18,1731896100,1218.3,1225.38,1204.6,1217.12,635334144,1,dnse,2026-09-21T07:14:24.587974+00:00
VNINDEX,1D,2024-11-19,1731982500,1220.68,1221.4,1205.15,1205.15,506331872,1,dnse,2026-09-21T07:14:24.587974+00:00
VNINDEX,1D,2024-11-20,1732068900,1203.71,1222.73,1197.99,1216.54,765098176,1,dnse,2026-09-21T07:14:24.587974+00:00
VNINDEX,1D,2024-11-21,1732155300,1216.32,1228.55,1214.99,1228.33,477379488,1,dnse,2026-09-21T07:14:24.587974+00:00
VNINDEX,1D,2024-11-22,1732241700,1228.39,1233.42,1226.33,1228.1,529740192,1,dnse,2026-09-21T07:14:24.587974+00:00
VNINDEX,1D,2024-11-25,1732500900,1229.39,1236.57,1229.0,1234.7,488333120,1,dnse,2026-09-21T07:14:24.587974+00:00
VNINDEX,1D,2024-11-26,1732587300,1235.63,1246.83,1234.7,1242.13,556376256,1,dnse,2026-09-21T07:14:24.587974+00:00
VNINDEX,1D,2024-11-27,1732673700,1241.36,1245.34,1239.23,1241.97,424283360,1,dnse,2026-09-21T07:14:24.587974+00:00
VNINDEX,1D,2024-11-28,1732760100,1246.37,1250.46,1240.91,1242.11,475297088,1,dnse,2026-09-21T07:14:24.587974+00:00
VNINDEX,1D,2024-11-29,1732846500,1242.51,1250.92,1241.0,1250.46,500233568,1,dnse,2026-09-21T07:14:24.587974+00:00
VNINDEX,1D,2024-12-02,1733105700,1255.73,1258.05,1247.74,1251.21,473474784,1,dnse,2026-09-21T07:14:24.587974+00:00
VNINDEX,1D,2024-12-03,1733192100,1251.43,1253.83,1244.91,1249.83,661812160,1,dnse,2026-09-21T07:14:24.587974+00:00
VNINDEX,1D,2024-12-04,1733278500,1247.34,1247.78,1239.82,1240.41,572931520,1,dnse,2026-09-21T07:14:24.587974+00:00
VNINDEX,1D,2024-12-05,1733364900,1241.81,1269.18,1238.49,1267.53,906533120,1,dnse,2026-09-21T07:14:24.587974+00:00
VNINDEX,1D,2024-12-06,1733451300,1270.96,1276.1,1268.58,1270.14,693857792,1,dnse,2026-09-21T07:14:24.587974+00:00
VNINDEX,1D,2024-12-09,1733710500,1271.46,1277.69,1268.69,1273.84,738306112,1,dnse,2026-09-21T07:14:24.587974+00:00
VNINDEX,1D,2024-12-10,1733796900,1274.29,1277.32,1270.32,1272.07,626892608,1,dnse,2026-09-21T07:14:24.587974+00:00
VNINDEX,1D,2024-12-11,1733883300,1273.23,1276.67,1264.15,1268.86,607780224,1,dnse,2026-09-21T07:14:24.587974+00:00
VNINDEX,1D,2024-12-12,1733969700,1270.86,1275.64,1265.99,1267.35,552831168,1,dnse,2026-09-21T07:14:24.587974+00:00
VNINDEX,1D,2024-12-13,1734056100,1264.98,1266.55,1260.48,1262.57,459600608,1,dnse,2026-09-21T07:14:24.587974+00:00
VNINDEX,1D,2024-12-16,1734315300,1264.03,1267.1,1258.65,1263.79,505634656,1,dnse,2026-09-21T07:14:24.587974+00:00
VNINDEX,1D,2024-12-17,1734401700,1264.91,1265.45,1260.6,1261.72,484998528,1,dnse,2026-09-21T07:14:24.587974+00:00
VNINDEX,1D,2024-12-18,1734488100,1262.57,1266.53,1261.49,1266.0,508489408,1,dnse,2026-09-21T07:14:24.587974+00:00
VNINDEX,1D,2024-12-19,1734574500,1256.9,1259.76,1249.39,1254.67,774204224,1,dnse,2026-09-21T07:14:24.587974+00:00
VNINDEX,1D,2024-12-20,1734660900,1255.6,1259.0,1253.9,1257.5,540171584,1,dnse,2026-09-21T07:14:24.587974+00:00
VNINDEX,1D,2024-12-23,1734920100,1262.45,1265.2,1257.5,1262.76,478968736,1,dnse,2026-09-21T07:14:24.587974+00:00
VNINDEX,1D,2024-12-24,1735006500,1263.03,1263.05,1253.78,1260.36,622981184,1,dnse,2026-09-21T07:14:24.587974+00:00
VNINDEX,1D,2024-12-25,1735092900,1262.03,1283.09,1261.87,1274.04,801257280,1,dnse,2026-09-21T07:14:24.587974+00:00
VNINDEX,1D,2024-12-26,1735179300,1275.68,1277.17,1271.99,1272.87,577316992,1,dnse,2026-09-21T07:14:24.587974+00:00
VNINDEX,1D,2024-12-27,1735265700,1275.56,1277.89,1272.23,1275.14,655900224,1,dnse,2026-09-21T07:14:24.587974+00:00
VNINDEX,1D,2024-12-30,1735524900,1273.75,1274.15,1268.77,1272.02,525707520,1,dnse,2026-09-21T07:14:24.587974+00:00
VNINDEX,1D,2024-12-31,1735611300,1272.25,1272.46,1266.78,1266.78,469698048,1,dnse,2026-09-21T07:14:24.587974+00:00
VNINDEX,1D,2025-01-02,1735784100,1268.96,1271.13,1263.25,1269.71,419226176,1,dnse,2026-09-21T07:14:24.587974+00:00
VNINDEX,1D,2025-01-03,1735870500,1268.74,1269.01,1254.59,1254.59,553308800,1,dnse,2026-09-21T07:14:24.587974+00:00
VNINDEX,1D,2025-01-06,1736129700,1254.79,1260.37,1244.87,1246.35,562217664,1,dnse,2026-09-21T07:14:24.587974+00:00
VNINDEX,1D,2025-01-07,1736216100,1249.19,1254.09,1243.06,1246.95,546782656,1,dnse,2026-09-21T07:14:24.587974+00:00
VNINDEX,1D,2025-01-08,1736302500,1246.16,1251.02,1239.67,1251.02,437806656,1,dnse,2026-09-21T07:14:24.587974+00:00
VNINDEX,1D,2025-01-09,1736388900,1250.56,1253.26,1242.9,1245.77,333832864,1,dnse,2026-09-21T07:14:24.587974+00:00
VNINDEX,1D,2025-01-10,1736475300,1245.68,1247.8,1230.48,1230.48,491795584,1,dnse,2026-09-21T07:14:24.587974+00:00
VNINDEX,1D,2025-01-13,1736734500,1226.66,1235.65,1220.87,1235.65,511942336,1,dnse,2026-09-21T07:14:24.587974+00:00
VNINDEX,1D,2025-01-14,1736820900,1234.77,1235.54,1226.7,1229.07,369639904,1,dnse,2026-09-21T07:14:24.587974+00:00
VNINDEX,1D,2025-01-15,1736907300,1233.29,1237.46,1231.13,1236.18,463297760,1,dnse,2026-09-21T07:14:24.587974+00:00
VNINDEX,1D,2025-01-16,1736993700,1241.74,1245.4,1235.56,1242.36,466092288,1,dnse,2026-09-21T07:14:24.587974+00:00
VNINDEX,1D,2025-01-17,1737080100,1242.38,1249.11,1239.63,1249.11,405069984,1,dnse,2026-09-21T07:14:24.587974+00:00
VNINDEX,1D,2025-01-20,1737339300,1250.03,1253.02,1247.5,1249.55,431303904,1,dnse,2026-09-21T07:14:24.587974+00:00
VNINDEX,1D,2025-01-21,1737425700,1252.75,1254.17,1243.08,1246.09,479672864,1,dnse,2026-09-21T07:14:24.587974+00:00
VNINDEX,1D,2025-01-22,1737512100,1248.26,1249.14,1242.53,1242.53,500084832,1,dnse,2026-09-21T07:14:24.587974+00:00
VNINDEX,1D,2025-01-23,1737598500,1245.59,1263.59,1244.77,1259.63,540845760,1,dnse,2026-09-21T07:14:24.587974+00:00
VNINDEX,1D,2025-01-24,1737684900,1259.26,1265.38,1258.46,1265.05,519722240,1,dnse,2026-09-21T07:14:24.587974+00:00
VNINDEX,1D,2025-02-03,1738548900,1259.09,1259.09,1249.78,1253.03,535483904,1,dnse,2026-09-21T07:14:24.587974+00:00
VNINDEX,1D,2025-02-04,1738635300,1256.91,1264.68,1255.44,1264.68,657310976,1,dnse,2026-09-21T07:14:24.587974+00:00
VNINDEX,1D,2025-02-05,1738721700,1268.43,1271.8,1266.18,1269.61,583908288,1,dnse,2026-09-21T07:14:24.587974+00:00
VNINDEX,1D,2025-02-06,1738808100,1273.58,1275.47,1268.28,1271.48,557739520,1,dnse,2026-09-21T07:14:24.587974+00:00
VNINDEX,1D,2025-02-07,1738894500,1271.98,1279.35,1269.12,1275.2,617157120,1,dnse,2026-09-21T07:14:24.587974+00:00
VNINDEX,1D,2025-02-10,1739153700,1272.27,1274.47,1263.26,1263.26,794895680,1,dnse,2026-09-21T07:14:24.587974+00:00
VNINDEX,1D,2025-02-11,1739240100,1265.44,1268.45,1263.11,1268.45,626667968,1,dnse,2026-09-21T07:14:24.587974+00:00
VNINDEX,1D,2025-02-12,1739326500,1270.83,1272.86,1266.59,1266.91,504861088,1,dnse,2026-09-21T07:14:24.587974+00:00
VNINDEX,1D,2025-02-13,1739412900,1267.25,1270.67,1263.85,1270.35,511151168,1,dnse,2026-09-21T07:14:24.587974+00:00
VNINDEX,1D,2025-02-14,1739499300,1277.52,1280.6,1274.0,1276.08,649374272,1,dnse,2026-09-21T07:14:24.587974+00:00
VNINDEX,1D,2025-02-17,1739758500,1277.12,1278.49,1272.72,1272.72,851272512,1,dnse,2026-09-21T07:14:24.587974+00:00
VNINDEX,1D,2025-02-18,1739844900,1274.05,1283.34,1272.19,1278.14,705870336,1,dnse,2026-09-21T07:14:24.587974+00:00
VNINDEX,1D,2025-02-19,1739931300,1280.6,1288.56,1278.92,1288.56,810380480,1,dnse,2026-09-21T07:14:24.587974+00:00
VNINDEX,1D,2025-02-20,1740017700,1292.94,1295.82,1290.84,1292.98,764899392,1,dnse,2026-09-21T07:14:24.587974+00:00
VNINDEX,1D,2025-02-21,1740104100,1293.63,1296.75,1290.98,1296.75,731061440,1,dnse,2026-09-21T07:14:24.587974+00:00
VNINDEX,1D,2025-02-24,1740363300,1298.39,1304.56,1294.69,1304.56,892076416,1,dnse,2026-09-21T07:14:24.587974+00:00
VNINDEX,1D,2025-02-25,1740449700,1306.86,1309.97,1298.54,1303.16,881445056,1,dnse,2026-09-21T07:14:24.587974+00:00
VNINDEX,1D,2025-02-26,1740536100,1305.16,1306.49,1301.2,1302.96,755585408,1,dnse,2026-09-21T07:14:24.587974+00:00
VNINDEX,1D,2025-02-27,1740622500,1307.31,1307.87,1296.43,1307.8,890929920,1,dnse,2026-09-21T07:14:24.587974+00:00
VNINDEX,1D,2025-02-28,1740708900,1307.14,1308.77,1300.66,1305.36,807648000,1,dnse,2026-09-21T07:14:24.587974+00:00
VNINDEX,1D,2025-03-03,1740968100,1306.97,1309.77,1304.3,1309.37,961792768,1,dnse,2026-09-21T07:14:24.587974+00:00
VNINDEX,1D,2025-03-04,1741054500,1306.82,1313.21,1298.28,1311.91,1057315712,1,dnse,2026-09-21T07:14:24.587974+00:00
VNINDEX,1D,2025-03-05,1741140900,1312.84,1319.52,1304.71,1304.71,973122560,1,dnse,2026-09-21T07:14:24.587974+00:00
VNINDEX,1D,2025-03-06,1741227300,1308.02,1318.22,1307.91,1318.22,1061285440,1,dnse,2026-09-21T07:14:24.587974+00:00
VNINDEX,1D,2025-03-07,1741313700,1320.08,1327.07,1318.71,1326.05,952809344,1,dnse,2026-09-21T07:14:24.587974+00:00
VNINDEX,1D,2025-03-10,1741572900,1331.6,1335.87,1326.51,1330.28,1013701440,1,dnse,2026-09-21T07:14:24.587974+00:00
VNINDEX,1D,2025-03-11,1741659300,1319.17,1332.54,1315.92,1332.54,930716672,1,dnse,2026-09-21T07:14:24.587974+00:00
VNINDEX,1D,2025-03-12,1741745700,1337.63,1342.91,1331.75,1334.41,934615616,1,dnse,2026-09-21T07:14:24.587974+00:00
VNINDEX,1D,2025-03-13,1741832100,1335.66,1340.91,1324.87,1326.27,1066749056,1,dnse,2026-09-21T07:14:24.587974+00:00
VNINDEX,1D,2025-03-14,1741918500,1325.84,1333.32,1324.3,1326.15,1021045504,1,dnse,2026-09-21T07:14:24.587974+00:00
VNINDEX,1D,2025-03-17,1742177700,1330.62,1336.26,1329.05,1336.26,952007616,1,dnse,2026-09-21T07:14:24.587974+00:00
VNINDEX,1D,2025-03-18,1742264100,1340.16,1341.65,1330.97,1330.97,899439936,1,dnse,2026-09-21T07:14:24.587974+00:00
VNINDEX,1D,2025-03-19,1742350500,1330.4,1330.7,1320.85,1324.63,945869568,1,dnse,2026-09-21T07:14:24.587974+00:00
VNINDEX,1D,2025-03-20,1742436900,1326.8,1332.41,1316.11,1323.93,910926464,1,dnse,2026-09-21T07:14:24.587974+00:00
VNINDEX,1D,2025-03-21,1742523300,1324.0,1325.22,1320.67,1321.88,799888896,1,dnse,2026-09-21T07:14:24.587974+00:00
VNINDEX,1D,2025-03-24,1742782500,1322.9,1330.32,1316.73,1330.32,919259648,1,dnse,2026-09-21T07:14:24.587974+00:00
VNINDEX,1D,2025-03-25,1742868900,1335.29,1337.6,1329.81,1331.92,1009780224,1,dnse,2026-09-21T07:14:24.587974+00:00
VNINDEX,1D,2025-03-26,1742955300,1333.33,1338.55,1323.69,1326.09,819106752,1,dnse,2026-09-21T07:14:24.587974+00:00
VNINDEX,1D,2025-03-27,1743041700,1325.98,1328.82,1323.01,1323.81,670508736,1,dnse,2026-09-21T07:14:24.587974+00:00
VNINDEX,1D,2025-03-28,1743128100,1324.42,1325.34,1315.72,1317.46,734342720,1,dnse,2026-09-21T07:14:24.587974+00:00
VNINDEX,1D,2025-03-31,1743387300,1313.51,1314.09,1304.1,1306.86,863300416,1,dnse,2026-09-21T07:14:24.587974+00:00
VNINDEX,1D,2025-04-01,1743473700,1313.03,1317.46,1308.06,1317.33,608962176,1,dnse,2026-09-21T07:14:24.587974+00:00
VNINDEX,1D,2025-04-02,1743560100,1321.53,1324.46,1317.68,1317.83,848992320,1,dnse,2026-09-21T07:14:24.587974+00:00
VNINDEX,1D,2025-04-03,1743646500,1272.87,1277.9,1229.41,1229.84,1754245760,1,dnse,2026-09-21T07:14:24.587974+00:00
VNINDEX,1D,2025-04-04,1743732900,1159.33,1210.67,1158.17,1210.67,1977718784,1,dnse,2026-09-21T07:14:24.587974+00:00
VNINDEX,1D,2025-04-08,1744078500,1173.14,1174.4,1130.98,1132.79,1142773376,1,dnse,2026-09-21T07:14:24.587974+00:00
VNINDEX,1D,2025-04-09,1744164900,1073.61,1141.35,1073.61,1094.3,1594477056,1,dnse,2026-09-21T07:14:24.587974+00:00
VNINDEX,1D,2025-04-10,1744251300,1166.09,1168.4,1165.86,1168.34,367335072,1,dnse,2026-09-21T07:14:24.587974+00:00
VNINDEX,1D,2025-04-11,1744337700,1185.86,1222.46,1180.59,1222.46,1721989896,1,dnse,2026-09-21T07:14:24.587974+00:00
VNINDEX,1D,2025-04-14,1744596900,1235.01,1242.94,1226.06,1241.44,1037578688,1,dnse,2026-09-21T07:14:24.587974+00:00
VNINDEX,1D,2025-04-15,1744683300,1232.64,1246.21,1221.75,1227.79,1065639808,1,dnse,2026-09-21T07:14:24.587974+00:00
VNINDEX,1D,2025-04-16,1744769700,1225.29,1233.84,1205.93,1210.3,816347840,1,dnse,2026-09-21T07:14:24.587974+00:00
VNINDEX,1D,2025-04-17,1744856100,1201.63,1217.25,1197.5,1217.25,775554560,1,dnse,2026-09-21T07:14:24.587974+00:00
VNINDEX,1D,2025-04-18,1744942500,1228.37,1234.67,1219.12,1219.12,1064573312,1,dnse,2026-09-21T07:14:24.587974+00:00
VNINDEX,1D,2025-04-21,1745201700,1220.38,1222.77,1201.63,1207.07,880812736,1,dnse,2026-09-21T07:14:24.587974+00:00
VNINDEX,1D,2025-04-22,1745288100,1201.38,1203.82,1136.98,1197.13,1700038528,1,dnse,2026-09-21T07:14:24.587974+00:00
VNINDEX,1D,2025-04-23,1745374500,1215.65,1216.28,1202.27,1211.0,851439104,1,dnse,2026-09-21T07:14:24.587974+00:00
VNINDEX,1D,2025-04-24,1745460900,1214.78,1224.66,1210.37,1223.35,770280320,1,dnse,2026-09-21T07:14:24.587974+00:00
VNINDEX,1D,2025-04-25,1745547300,1227.16,1230.72,1220.67,1229.23,854847232,1,dnse,2026-09-21T07:14:24.587974+00:00
VNINDEX,1D,2025-04-28,1745806500,1234.3,1234.3,1222.56,1226.8,676417856,1,dnse,2026-09-21T07:14:24.587974+00:00
VNINDEX,1D,2025-04-29,1745892900,1227.25,1229.1,1222.3,1226.3,669984448,1,dnse,2026-09-21T07:14:24.587974+00:00
VNINDEX,1D,2025-05-05,1746410400,1226.3,1241.51,1226.3,1240.05,562287400,1,dnse,2026-09-21T07:14:24.587974+00:00
VNINDEX,1D,2025-05-06,1746496800,1244.3,1251.02,1240.75,1241.95,723040799,1,dnse,2026-09-21T07:14:24.587974+00:00
VNINDEX,1D,2025-05-07,1746583200,1241.1,1250.79,1240.67,1250.37,696102300,1,dnse,2026-09-21T07:14:24.587974+00:00
VNINDEX,1D,2025-05-08,1746669600,1250.37,1271.44,1250.37,1269.8,780069567,1,dnse,2026-09-21T07:14:24.587974+00:00
VNINDEX,1D,2025-05-09,1746756000,1274.5,1275.59,1264.87,1267.3,693909959,1,dnse,2026-09-21T07:14:24.587974+00:00
VNINDEX,1D,2025-05-12,1747015200,1267.3,1283.86,1267.3,1283.26,831857112,1,dnse,2026-09-21T07:14:24.587974+00:00
VNINDEX,1D,2025-05-13,1747101600,1283.26,1293.46,1283.26,1293.43,883805575,1,dnse,2026-09-21T07:14:24.587974+00:00
VNINDEX,1D,2025-05-14,1747188000,1293.43,1310.57,1293.43,1309.73,915939876,1,dnse,2026-09-21T07:14:24.587974+00:00
VNINDEX,1D,2025-05-15,1747274400,1314.19,1315.86,1301.61,1313.2,1046611026,1,dnse,2026-09-21T07:14:24.587974+00:00
VNINDEX,1D,2025-05-16,1747360800,1314.16,1316.53,1299.77,1301.39,849810205,1,dnse,2026-09-21T07:14:24.587974+00:00
VNINDEX,1D,2025-05-19,1747620000,1293.61,1306.2,1291.66,1296.29,829016708,1,dnse,2026-09-21T07:14:24.587974+00:00
VNINDEX,1D,2025-05-20,1747706400,1298.62,1316.67,1298.62,1315.15,856903527,1,dnse,2026-09-21T07:14:24.587974+00:00
VNINDEX,1D,2025-05-21,1747792800,1329.83,1331.6,1313.13,1323.05,989954494,1,dnse,2026-09-21T07:14:24.587974+00:00
VNINDEX,1D,2025-05-22,1747879200,1319.88,1331.93,1312.82,1313.84,1118092439,1,dnse,2026-09-21T07:14:24.587974+00:00
VNINDEX,1D,2025-05-23,1747965600,1313.93,1320.07,1308.62,1314.46,641199057,1,dnse,2026-09-21T07:14:24.587974+00:00
VNINDEX,1D,2025-05-26,1748224800,1317.08,1332.51,1288.86,1332.51,959629532,1,dnse,2026-09-21T07:14:24.587974+00:00
VNINDEX,1D,2025-05-27,1748311200,1338.09,1339.81,1329.6,1339.81,1052148659,1,dnse,2026-09-21T07:14:24.587974+00:00
VNINDEX,1D,2025-05-28,1748397600,1344.08,1348.05,1337.18,1341.87,898547998,1,dnse,2026-09-21T07:14:24.587974+00:00
VNINDEX,1D,2025-05-29,1748484000,1346.68,1348.31,1335.62,1341.86,894918607,1,dnse,2026-09-21T07:14:24.587974+00:00
VNINDEX,1D,2025-05-30,1748570400,1342.89,1344.32,1330.53,1332.6,910315797,1,dnse,2026-09-21T07:14:24.587974+00:00
VNINDEX,1D,2025-06-02,1748829600,1330.77,1336.3,1322.95,1336.3,860225663,1,dnse,2026-09-21T07:14:24.587974+00:00
VNINDEX,1D,2025-06-03,1748916000,1341.31,1350.89,1339.56,1347.25,1034655094,1,dnse,2026-09-21T07:14:24.587974+00:00
VNINDEX,1D,2025-06-04,1749002400,1350.52,1351.14,1341.53,1345.74,952312254,1,dnse,2026-09-21T07:14:24.587974+00:00
VNINDEX,1D,2025-06-05,1749088800,1346.13,1347.14,1336.11,1342.09,756606282,1,dnse,2026-09-21T07:14:24.587974+00:00
VNINDEX,1D,2025-06-06,1749175200,1339.13,1341.78,1329.67,1329.89,900453514,1,dnse,2026-09-21T07:14:24.587974+00:00
VNINDEX,1D,2025-06-09,1749434400,1329.66,1331.56,1310.57,1310.57,718350414,1,dnse,2026-09-21T07:14:24.587974+00:00
VNINDEX,1D,2025-06-10,1749520800,1307.74,1323.61,1307.74,1316.23,702729250,1,dnse,2026-09-21T07:14:24.587974+00:00
VNINDEX,1D,2025-06-11,1749607200,1321.68,1321.68,1310.39,1315.2,539559282,1,dnse,2026-09-21T07:14:24.587974+00:00
VNINDEX,1D,2025-06-12,1749693600,1321.25,1326.03,1316.8,1322.99,810972360,1,dnse,2026-09-21T07:14:24.587974+00:00
VNINDEX,1D,2025-06-13,1749780000,1313.08,1321.0,1304.12,1315.49,1163417530,1,dnse,2026-09-21T07:14:24.587974+00:00
VNINDEX,1D,2025-06-16,1750039200,1313.4,1338.66,1313.4,1338.11,778082690,1,dnse,2026-09-21T07:14:24.587974+00:00
VNINDEX,1D,2025-06-17,1750125600,1343.7,1353.01,1339.39,1347.69,762355364,1,dnse,2026-09-21T07:14:24.587974+00:00
VNINDEX,1D,2025-06-18,1750212000,1350.17,1353.99,1341.64,1346.83,766359975,1,dnse,2026-09-21T07:14:24.587974+00:00
VNINDEX,1D,2025-06-19,1750298400,1346.33,1353.96,1342.08,1352.04,650852162,1,dnse,2026-09-21T07:14:24.587974+00:00
VNINDEX,1D,2025-06-20,1750384800,1354.69,1356.78,1347.36,1349.35,778282664,1,dnse,2026-09-21T07:14:24.587974+00:00
VNINDEX,1D,2025-06-23,1750644000,1345.24,1358.18,1338.49,1358.18,734132370,1,dnse,2026-09-21T07:14:24.587974+00:00
VNINDEX,1D,2025-06-24,1750730400,1365.69,1371.24,1362.05,1366.77,881509880,1,dnse,2026-09-21T07:14:24.587974+00:00
VNINDEX,1D,2025-06-25,1750816800,1368.51,1371.57,1365.45,1366.75,733106140,1,dnse,2026-09-21T07:14:24.587974+00:00
VNINDEX,1D,2025-06-26,1750903200,1368.73,1370.61,1360.78,1365.67,598738983,1,dnse,2026-09-21T07:14:24.587974+00:00
VNINDEX,1D,2025-06-27,1750989600,1369.13,1373.28,1362.09,1371.44,677782586,1,dnse,2026-09-21T07:14:24.587974+00:00
VNINDEX,1D,2025-06-30,1751248800,1374.9,1377.3,1372.62,1376.07,636408174,1,dnse,2026-09-21T07:14:24.587974+00:00
VNINDEX,1D,2025-07-01,1751335200,1378.14,1382.16,1369.74,1377.84,725237758,1,dnse,2026-09-21T07:14:24.587974+00:00
VNINDEX,1D,2025-07-02,1751421600,1377.26,1384.59,1375.26,1384.59,848885603,1,dnse,2026-09-21T07:14:24.587974+00:00
VNINDEX,1D,2025-07-03,1751508000,1381.64,1392.39,1377.06,1381.96,1315032525,1,dnse,2026-09-21T07:14:24.587974+00:00
VNINDEX,1D,2025-07-04,1751594400,1384.93,1388.04,1379.4,1386.97,834917440,1,dnse,2026-09-21T07:14:24.587974+00:00
VNINDEX,1D,2025-07-07,1751853600,1393.34,1402.32,1393.24,1402.06,1230455872,1,dnse,2026-09-21T07:14:24.587974+00:00
VNINDEX,1D,2025-07-08,1751940000,1407.07,1415.46,1403.36,1415.46,1174871653,1,dnse,2026-09-21T07:14:24.587974+00:00
VNINDEX,1D,2025-07-09,1752026400,1421.12,1432.29,1420.26,1431.32,1430949638,1,dnse,2026-09-21T07:14:24.587974+00:00
VNINDEX,1D,2025-07-10,1752112800,1437.13,1446.16,1434.06,1445.64,1073701407,1,dnse,2026-09-21T07:14:24.587974+00:00
VNINDEX,1D,2025-07-11,1752199200,1451.12,1463.91,1448.29,1457.76,1232260482,1,dnse,2026-09-21T07:14:24.587974+00:00
VNINDEX,1D,2025-07-14,1752458400,1471.4,1473.93,1447.72,1470.42,1256774726,1,dnse,2026-09-21T07:14:24.587974+00:00
VNINDEX,1D,2025-07-15,1752544800,1473.43,1476.32,1460.49,1460.65,1332298301,1,dnse,2026-09-21T07:14:24.587974+00:00
VNINDEX,1D,2025-07-16,1752631200,1459.87,1475.47,1457.31,1475.47,1218566877,1,dnse,2026-09-21T07:14:24.587974+00:00
VNINDEX,1D,2025-07-17,1752717600,1481.85,1494.46,1481.44,1490.01,1405002217,1,dnse,2026-09-21T07:14:24.587974+00:00
VNINDEX,1D,2025-07-18,1752804000,1497.53,1501.2,1484.29,1497.28,1459740870,1,dnse,2026-09-21T07:14:24.587974+00:00
VNINDEX,1D,2025-07-21,1753063200,1508.6,1511.96,1485.05,1485.05,1388969063,1,dnse,2026-09-21T07:14:24.587974+00:00
VNINDEX,1D,2025-07-22,1753149600,1485.26,1509.54,1476.61,1509.54,1226974741,1,dnse,2026-09-21T07:14:24.587974+00:00
VNINDEX,1D,2025-07-23,1753236000,1519.58,1523.37,1507.14,1512.31,1439115085,1,dnse,2026-09-21T07:14:24.587974+00:00
VNINDEX,1D,2025-07-24,1753322400,1520.25,1525.32,1502.82,1521.02,1390154530,1,dnse,2026-09-21T07:14:24.587974+00:00
VNINDEX,1D,2025-07-25,1753408800,1521.56,1534.51,1521.52,1531.13,1405568881,1,dnse,2026-09-21T07:14:24.587974+00:00
VNINDEX,1D,2025-07-28,1753668000,1541.82,1558.12,1538.72,1557.42,1788192102,1,dnse,2026-09-21T07:14:24.587974+00:00
VNINDEX,1D,2025-07-29,1753754400,1564.84,1564.92,1493.41,1493.41,2642722700,1,dnse,2026-09-21T07:14:24.587974+00:00
VNINDEX,1D,2025-07-30,1753840800,1502.26,1512.15,1482.45,1507.63,1620038736,1,dnse,2026-09-21T07:14:24.587974+00:00
VNINDEX,1D,2025-07-31,1753927200,1521.96,1522.39,1488.3,1502.52,1651133772,1,dnse,2026-09-21T07:14:24.587974+00:00
VNINDEX,1D,2025-08-01,1754013600,1506.88,1509.03,1486.59,1495.21,1378350894,1,dnse,2026-09-21T07:14:24.587974+00:00
VNINDEX,1D,2025-08-04,1754272800,1493.37,1528.21,1491.11,1528.19,1228661002,1,dnse,2026-09-21T07:14:24.587974+00:00
VNINDEX,1D,2025-08-05,1754359200,1547.19,1584.98,1519.08,1547.15,2697027395,1,dnse,2026-09-21T07:14:24.587974+00:00
VNINDEX,1D,2025-08-06,1754445600,1558.56,1573.71,1551.6,1573.71,1325741058,1,dnse,2026-09-21T07:14:24.587974+00:00
VNINDEX,1D,2025-08-07,1754532000,1587.84,1587.84,1567.72,1581.81,1605153483,1,dnse,2026-09-21T07:14:24.587974+00:00
VNINDEX,1D,2025-08-08,1754618400,1589.32,1589.44,1565.45,1584.95,1817288244,1,dnse,2026-09-21T07:14:24.587974+00:00
VNINDEX,1D,2025-08-11,1754877600,1590.98,1601.79,1586.21,1596.86,1589742304,1,dnse,2026-09-21T07:14:24.587974+00:00
VNINDEX,1D,2025-08-12,1754964000,1603.5,1608.23,1591.18,1608.22,1583593191,1,dnse,2026-09-21T07:14:24.587974+00:00
VNINDEX,1D,2025-08-13,1755050400,1615.57,1616.99,1585.54,1611.6,1863151895,1,dnse,2026-09-21T07:14:24.587974+00:00
VNINDEX,1D,2025-08-14,1755136800,1623.18,1641.28,1619.76,1640.69,1752441563,1,dnse,2026-09-21T07:14:24.587974+00:00
VNINDEX,1D,2025-08-15,1755223200,1665.86,1665.97,1615.26,1630.0,2011992093,1,dnse,2026-09-21T07:14:24.587974+00:00
VNINDEX,1D,2025-08-18,1755482400,1638.37,1642.71,1625.61,1636.37,1514197226,1,dnse,2026-09-21T07:14:24.587974+00:00
VNINDEX,1D,2025-08-19,1755568800,1646.73,1665.48,1643.04,1654.2,1789073441,1,dnse,2026-09-21T07:14:24.587974+00:00
VNINDEX,1D,2025-08-20,1755655200,1662.11,1665.54,1614.6,1664.36,2280731304,1,dnse,2026-09-21T07:14:24.587974+00:00
VNINDEX,1D,2025-08-21,1755741600,1674.76,1693.68,1672.26,1688.0,1635930140,1,dnse,2026-09-21T07:14:24.587974+00:00
VNINDEX,1D,2025-08-22,1755828000,1680.42,1689.3,1629.49,1645.47,2234242998,1,dnse,2026-09-21T07:14:24.587974+00:00
VNINDEX,1D,2025-08-25,1756087200,1659.7,1660.49,1608.53,1614.03,1449075936,1,dnse,2026-09-21T07:14:24.587974+00:00
VNINDEX,1D,2025-08-26,1756173600,1611.61,1667.96,1603.73,1667.63,1229376641,1,dnse,2026-09-21T07:14:24.587974+00:00
VNINDEX,1D,2025-08-27,1756260000,1678.54,1696.6,1669.67,1672.78,1477066097,1,dnse,2026-09-21T07:14:24.587974+00:00
VNINDEX,1D,2025-08-28,1756346400,1679.33,1684.16,1659.68,1680.86,1098450679,1,dnse,2026-09-21T07:14:24.587974+00:00
VNINDEX,1D,2025-08-29,1756432800,1690.11,1694.42,1678.57,1682.21,1460861015,1,dnse,2026-09-21T07:14:24.587974+00:00
VNINDEX,1D,2025-09-03,1756864800,1682.11,1685.73,1670.39,1681.3,1241257543,1,dnse,2026-09-21T07:14:24.587974+00:00
VNINDEX,1D,2025-09-04,1756951200,1687.59,1696.29,1675.95,1696.29,1289344174,1,dnse,2026-09-21T07:14:24.587974+00:00
VNINDEX,1D,2025-09-05,1757037600,1705.13,1711.49,1665.81,1666.97,1651250921,1,dnse,2026-09-21T07:14:24.587974+00:00
VNINDEX,1D,2025-09-08,1757296800,1660.91,1667.36,1624.53,1624.53,1769876607,1,dnse,2026-09-21T07:14:24.587974+00:00
VNINDEX,1D,2025-09-09,1757383200,1629.58,1637.32,1613.01,1637.32,1012829196,1,dnse,2026-09-21T07:14:24.587974+00:00
VNINDEX,1D,2025-09-10,1757469600,1646.09,1646.49,1629.29,1643.26,833100714,1,dnse,2026-09-21T07:14:24.587974+00:00
VNINDEX,1D,2025-09-11,1757556000,1638.75,1659.19,1605.76,1657.75,1197131426,1,dnse,2026-09-21T07:14:24.587974+00:00
VNINDEX,1D,2025-09-12,1757642400,1662.02,1670.62,1653.79,1667.26,1006501112,1,dnse,2026-09-21T07:14:24.587974+00:00
VNINDEX,1D,2025-09-15,1757901600,1672.59,1684.9,1668.09,1684.9,1122425898,1,dnse,2026-09-21T07:14:24.587974+00:00
VNINDEX,1D,2025-09-16,1757988000,1696.1,1696.33,1677.03,1680.9,1232560447,1,dnse,2026-09-21T07:14:24.587974+00:00
VNINDEX,1D,2025-09-17,1758074400,1678.09,1684.62,1667.07,1670.97,967047675,1,dnse,2026-09-21T07:14:24.587974+00:00
VNINDEX,1D,2025-09-18,1758160800,1675.85,1679.63,1654.12,1665.18,863667370,1,dnse,2026-09-21T07:14:24.587974+00:00
VNINDEX,1D,2025-09-19,1758247200,1671.24,1671.77,1640.62,1658.62,863955588,1,dnse,2026-09-21T07:14:24.587974+00:00
VNINDEX,1D,2025-09-22,1758506400,1656.66,1659.13,1616.02,1634.45,1138988356,1,dnse,2026-09-21T07:14:24.587974+00:00
VNINDEX,1D,2025-09-23,1758592800,1635.12,1643.59,1627.58,1635.26,657137789,1,dnse,2026-09-21T07:14:24.587974+00:00
VNINDEX,1D,2025-09-24,1758679200,1635.36,1657.46,1619.09,1657.46,942294584,1,dnse,2026-09-21T07:14:24.587974+00:00
VNINDEX,1D,2025-09-25,1758765600,1661.08,1668.21,1654.47,1666.09,914938950,1,dnse,2026-09-21T07:14:24.587974+00:00
VNINDEX,1D,2025-09-26,1758852000,1666.68,1671.43,1657.94,1660.7,899321657,1,dnse,2026-09-21T07:14:24.587974+00:00
VNINDEX,1D,2025-09-29,1759111200,1659.24,1674.84,1655.03,1666.48,808656985,1,dnse,2026-09-21T07:14:24.587974+00:00
VNINDEX,1D,2025-09-30,1759197600,1667.86,1676.8,1645.97,1661.7,1048764085,1,dnse,2026-09-21T07:14:24.587974+00:00
VNINDEX,1D,2025-10-01,1759284000,1664.95,1671.07,1658.81,1665.05,665999631,1,dnse,2026-09-21T07:14:24.587974+00:00
VNINDEX,1D,2025-10-02,1759370400,1668.04,1679.73,1651.18,1652.71,735858787,1,dnse,2026-09-21T07:14:24.587974+00:00
VNINDEX,1D,2025-10-03,1759456800,1651.39,1654.6,1638.6,1645.82,814582654,1,dnse,2026-09-21T07:14:24.587974+00:00
VNINDEX,1D,2025-10-06,1759716000,1673.16,1695.5,1664.17,1695.5,1005160153,1,dnse,2026-09-21T07:14:24.587974+00:00
VNINDEX,1D,2025-10-07,1759802400,1703.9,1703.9,1680.74,1685.3,799007265,1,dnse,2026-09-21T07:14:24.587974+00:00
VNINDEX,1D,2025-10-08,1759888800,1701.06,1704.42,1680.87,1697.83,1016488853,1,dnse,2026-09-21T07:14:24.587974+00:00
VNINDEX,1D,2025-10-09,1759975200,1702.76,1717.65,1699.17,1716.47,1043251858,1,dnse,2026-09-21T07:14:24.587974+00:00
VNINDEX,1D,2025-10-10,1760061600,1725.27,1747.57,1721.76,1747.55,998294168,1,dnse,2026-09-21T07:14:24.587974+00:00
VNINDEX,1D,2025-10-13,1760320800,1738.23,1766.77,1736.03,1765.12,1231241730,1,dnse,2026-09-21T07:14:24.587974+00:00
VNINDEX,1D,2025-10-14,1760407200,1782.97,1794.58,1755.64,1761.06,1491009356,1,dnse,2026-09-21T07:14:24.587974+00:00
VNINDEX,1D,2025-10-15,1760493600,1766.12,1773.73,1750.4,1757.95,1107614674,1,dnse,2026-09-21T07:14:24.587974+00:00
VNINDEX,1D,2025-10-16,1760580000,1764.51,1768.45,1753.5,1766.85,1087385525,1,dnse,2026-09-21T07:14:24.587974+00:00
VNINDEX,1D,2025-10-17,1760666400,1771.61,1771.61,1727.8,1731.19,1221045346,1,dnse,2026-09-21T07:14:24.587974+00:00
VNINDEX,1D,2025-10-20,1760925600,1723.59,1727.11,1636.43,1636.43,1636108645,1,dnse,2026-09-21T07:14:24.587974+00:00
VNINDEX,1D,2025-10-21,1761012000,1640.8,1677.11,1622.37,1663.43,1530032193,1,dnse,2026-09-21T07:14:24.587974+00:00
VNINDEX,1D,2025-10-22,1761098400,1678.82,1678.82,1628.37,1678.5,910675007,1,dnse,2026-09-21T07:14:24.587974+00:00
VNINDEX,1D,2025-10-23,1761184800,1680.61,1698.01,1669.78,1687.06,699304369,1,dnse,2026-09-21T07:14:24.587974+00:00
VNINDEX,1D,2025-10-24,1761271200,1684.95,1691.69,1660.32,1683.18,916269054,1,dnse,2026-09-21T07:14:24.587974+00:00
VNINDEX,1D,2025-10-27,1761530400,1695.98,1697.16,1652.54,1652.54,903493887,1,dnse,2026-09-21T07:14:24.587974+00:00
VNINDEX,1D,2025-10-28,1761616800,1647.86,1680.5,1621.52,1680.5,876810299,1,dnse,2026-09-21T07:14:24.587974+00:00
VNINDEX,1D,2025-10-29,1761703200,1685.9,1695.99,1675.68,1685.83,823542134,1,dnse,2026-09-21T07:14:24.587974+00:00
VNINDEX,1D,2025-10-30,1761789600,1690.69,1690.69,1661.92,1669.57,763111948,1,dnse,2026-09-21T07:14:24.587974+00:00
VNINDEX,1D,2025-10-31,1761876000,1668.11,1668.11,1639.33,1639.65,777803290,1,dnse,2026-09-21T07:14:24.587974+00:00
VNINDEX,1D,2025-11-03,1762135200,1645.15,1652.48,1617.0,1617.0,965233110,1,dnse,2026-09-21T07:14:24.587974+00:00
VNINDEX,1D,2025-11-04,1762221600,1618.02,1658.93,1600.56,1651.98,1131564973,1,dnse,2026-09-21T07:14:24.587974+00:00
VNINDEX,1D,2025-11-05,1762308000,1647.46,1659.58,1640.51,1654.89,614850900,1,dnse,2026-09-21T07:14:24.587974+00:00
VNINDEX,1D,2025-11-06,1762394400,1656.67,1658.69,1638.12,1642.64,550189158,1,dnse,2026-09-21T07:14:24.587974+00:00
VNINDEX,1D,2025-11-07,1762480800,1634.05,1638.59,1595.34,1599.1,818296957,1,dnse,2026-09-21T07:14:24.587974+00:00
VNINDEX,1D,2025-11-10,1762740000,1598.02,1609.49,1580.54,1580.54,656338910,1,dnse,2026-09-21T07:14:24.587974+00:00
VNINDEX,1D,2025-11-11,1762826400,1585.32,1597.08,1578.42,1593.61,596030348,1,dnse,2026-09-21T07:14:24.587974+00:00
VNINDEX,1D,2025-11-12,1762912800,1599.63,1631.86,1596.43,1631.86,682207403,1,dnse,2026-09-21T07:14:24.587974+00:00
VNINDEX,1D,2025-11-13,1762999200,1632.64,1638.98,1626.14,1631.44,629954183,1,dnse,2026-09-21T07:14:24.587974+00:00
VNINDEX,1D,2025-11-14,1763085600,1627.45,1638.35,1623.03,1635.46,649838136,1,dnse,2026-09-21T07:14:24.587974+00:00
VNINDEX,1D,2025-11-17,1763344800,1640.47,1654.42,1640.47,1654.42,661269040,1,dnse,2026-09-21T07:14:24.587974+00:00
VNINDEX,1D,2025-11-18,1763431200,1657.15,1660.41,1647.64,1659.92,706237540,1,dnse,2026-09-21T07:14:24.587974+00:00
VNINDEX,1D,2025-11-19,1763517600,1659.25,1661.51,1643.04,1649.0,741997320,1,dnse,2026-09-21T07:14:24.587974+00:00
VNINDEX,1D,2025-11-20,1763604000,1651.93,1660.55,1647.79,1655.99,592496709,1,dnse,2026-09-21T07:14:24.587974+00:00
VNINDEX,1D,2025-11-21,1763690400,1646.24,1656.84,1635.1,1654.93,666027161,1,dnse,2026-09-21T07:14:24.587974+00:00
VNINDEX,1D,2025-11-24,1763949600,1656.03,1674.29,1656.01,1667.98,522154043,1,dnse,2026-09-21T07:14:24.587974+00:00
VNINDEX,1D,2025-11-25,1764036000,1670.08,1676.7,1658.47,1660.36,778049790,1,dnse,2026-09-21T07:14:24.587974+00:00
VNINDEX,1D,2025-11-26,1764122400,1667.31,1682.17,1663.99,1680.36,682182877,1,dnse,2026-09-21T07:14:24.587974+00:00
VNINDEX,1D,2025-11-27,1764208800,1686.03,1695.34,1681.08,1684.32,598407577,1,dnse,2026-09-21T07:14:24.587974+00:00
VNINDEX,1D,2025-11-28,1764295200,1683.77,1696.14,1679.12,1690.99,632979322,1,dnse,2026-09-21T07:14:24.587974+00:00
VNINDEX,1D,2025-12-01,1764554400,1698.98,1713.77,1697.38,1701.67,519841839,1,dnse,2026-09-21T07:14:24.587974+00:00
VNINDEX,1D,2025-12-02,1764640800,1704.84,1719.03,1690.36,1717.06,661265926,1,dnse,2026-09-21T07:14:24.587974+00:00
VNINDEX,1D,2025-12-03,1764727200,1725.9,1741.65,1714.9,1731.77,720629160,1,dnse,2026-09-21T07:14:24.587974+00:00
VNINDEX,1D,2025-12-04,1764813600,1735.61,1741.71,1725.23,1737.24,762188232,1,dnse,2026-09-21T07:14:24.587974+00:00
VNINDEX,1D,2025-12-05,1764900000,1755.72,1758.44,1741.32,1741.32,629671556,1,dnse,2026-09-21T07:14:24.587974+00:00
VNINDEX,1D,2025-12-08,1765159200,1757.41,1758.41,1746.03,1753.74,609653976,1,dnse,2026-09-21T07:14:24.587974+00:00
VNINDEX,1D,2025-12-09,1765245600,1771.82,1771.82,1724.66,1747.17,895768193,1,dnse,2026-09-21T07:14:24.587974+00:00
VNINDEX,1D,2025-12-10,1765332000,1748.82,1748.82,1714.44,1718.98,518373930,1,dnse,2026-09-21T07:14:24.587974+00:00
VNINDEX,1D,2025-12-11,1765418400,1710.28,1718.84,1693.72,1698.9,497312893,1,dnse,2026-09-21T07:14:24.587974+00:00
VNINDEX,1D,2025-12-12,1765504800,1702.72,1702.73,1640.91,1646.89,830667261,1,dnse,2026-09-21T07:14:24.587974+00:00
VNINDEX,1D,2025-12-15,1765764000,1645.87,1665.65,1636.82,1646.01,599602932,1,dnse,2026-09-21T07:14:24.587974+00:00
VNINDEX,1D,2025-12-16,1765850400,1647.42,1689.07,1629.37,1679.18,751636809,1,dnse,2026-09-21T07:14:24.587974+00:00
VNINDEX,1D,2025-12-17,1765936800,1680.4,1683.95,1671.07,1673.66,495753236,1,dnse,2026-09-21T07:14:24.587974+00:00
VNINDEX,1D,2025-12-18,1766023200,1674.36,1676.98,1665.21,1676.98,490167302,1,dnse,2026-09-21T07:14:24.587974+00:00
VNINDEX,1D,2025-12-19,1766109600,1678.72,1705.76,1677.67,1704.31,660580746,1,dnse,2026-09-21T07:14:24.587974+00:00
VNINDEX,1D,2025-12-22,1766368800,1717.42,1751.03,1712.48,1751.03,755374637,1,dnse,2026-09-21T07:14:24.587974+00:00
VNINDEX,1D,2025-12-23,1766455200,1765.0,1778.18,1763.52,1772.15,732383695,1,dnse,2026-09-21T07:14:24.587974+00:00
VNINDEX,1D,2025-12-24,1766541600,1782.71,1784.98,1753.65,1782.82,685897134,1,dnse,2026-09-21T07:14:24.587974+00:00
VNINDEX,1D,2025-12-25,1766628000,1779.51,1805.93,1742.85,1742.85,633306718,1,dnse,2026-09-21T07:14:24.587974+00:00
VNINDEX,1D,2025-12-26,1766714400,1706.39,1730.99,1687.14,1729.8,920350846,1,dnse,2026-09-21T07:14:24.587974+00:00
VNINDEX,1D,2025-12-29,1766973600,1733.39,1754.84,1731.63,1754.84,513330603,1,dnse,2026-09-21T07:14:24.587974+00:00
VNINDEX,1D,2025-12-30,1767060000,1758.45,1766.9,1740.07,1766.9,554603881,1,dnse,2026-09-21T07:14:24.587974+00:00
VNINDEX,1D,2025-12-31,1767146400,1760.81,1787.75,1760.14,1784.49,592835116,1,dnse,2026-09-21T07:14:24.587974+00:00
VNINDEX,1D,2026-01-05,1767578400,1786.08,1797.4,1775.19,1788.4,810900473,1,dnse,2026-09-21T07:14:24.587974+00:00
VNINDEX,1D,2026-01-06,1767664800,1795.57,1817.06,1790.44,1816.27,838989917,1,dnse,2026-09-21T07:14:24.587974+00:00
VNINDEX,1D,2026-01-07,1767751200,1831.62,1861.58,1819.17,1861.58,929077252,1,dnse,2026-09-21T07:14:24.587974+00:00
VNINDEX,1D,2026-01-08,1767837600,1880.81,1888.33,1850.11,1855.56,1172488005,1,dnse,2026-09-21T07:14:24.587974+00:00
VNINDEX,1D,2026-01-09,1767924000,1861.02,1880.16,1853.16,1867.9,1218660759,1,dnse,2026-09-21T07:14:24.587974+00:00
VNINDEX,1D,2026-01-12,1768183200,1880.38,1887.92,1868.89,1877.33,1322446972,1,dnse,2026-09-21T07:14:24.587974+00:00
VNINDEX,1D,2026-01-13,1768269600,1876.61,1910.69,1871.79,1902.93,1289021469,1,dnse,2026-09-21T07:14:24.587974+00:00
VNINDEX,1D,2026-01-14,1768356000,1910.68,1918.46,1870.87,1894.44,1335130373,1,dnse,2026-09-21T07:14:24.587974+00:00
VNINDEX,1D,2026-01-15,1768442400,1883.7,1884.19,1845.95,1864.8,1198731055,1,dnse,2026-09-21T07:14:24.587974+00:00
VNINDEX,1D,2026-01-16,1768528800,1874.83,1901.22,1874.83,1879.13,980958156,1,dnse,2026-09-21T07:14:24.587974+00:00
VNINDEX,1D,2026-01-19,1768788000,1894.67,1898.24,1874.69,1896.59,832522475,1,dnse,2026-09-21T07:14:24.587974+00:00
VNINDEX,1D,2026-01-20,1768874400,1907.56,1915.11,1884.6,1893.78,987970727,1,dnse,2026-09-21T07:14:24.587974+00:00
VNINDEX,1D,2026-01-21,1768960800,1876.96,1894.22,1859.25,1885.44,1125596634,1,dnse,2026-09-21T07:14:24.587974+00:00
VNINDEX,1D,2026-01-22,1769047200,1895.08,1904.56,1874.81,1882.73,945697108,1,dnse,2026-09-21T07:14:24.587974+00:00
VNINDEX,1D,2026-01-23,1769133600,1889.73,1898.83,1866.87,1870.79,841053745,1,dnse,2026-09-21T07:14:24.587974+00:00
VNINDEX,1D,2026-01-26,1769392800,1876.82,1879.45,1833.21,1843.72,998240671,1,dnse,2026-09-21T07:14:24.587974+00:00
VNINDEX,1D,2026-01-27,1769479200,1843.94,1845.7,1821.79,1830.5,752074184,1,dnse,2026-09-21T07:14:24.587974+00:00
VNINDEX,1D,2026-01-28,1769565600,1837.67,1842.61,1793.13,1802.91,863394661,1,dnse,2026-09-21T07:14:24.587974+00:00
VNINDEX,1D,2026-01-29,1769652000,1804.63,1814.98,1797.32,1814.98,657114403,1,dnse,2026-09-21T07:14:24.587974+00:00
VNINDEX,1D,2026-01-30,1769738400,1822.1,1831.97,1808.98,1829.04,827036508,1,dnse,2026-09-21T07:14:24.587974+00:00
VNINDEX,1D,2026-02-02,1769997600,1822.38,1827.91,1777.85,1806.5,888369649,1,dnse,2026-09-21T07:14:24.587974+00:00
VNINDEX,1D,2026-02-03,1770084000,1807.09,1827.22,1805.22,1813.4,916896859,1,dnse,2026-09-21T07:14:24.587974+00:00
VNINDEX,1D,2026-02-04,1770170400,1813.87,1813.87,1780.71,1791.43,969815852,1,dnse,2026-09-21T07:14:24.587974+00:00
VNINDEX,1D,2026-02-05,1770256800,1789.14,1800.1,1782.18,1782.56,703264966,1,dnse,2026-09-21T07:14:24.587974+00:00
VNINDEX,1D,2026-02-06,1770343200,1768.77,1782.34,1755.49,1755.49,997365978,1,dnse,2026-09-21T07:14:24.587974+00:00
VNINDEX,1D,2026-02-09,1770602400,1769.76,1771.73,1749.87,1754.82,517575829,1,dnse,2026-09-21T07:14:24.587974+00:00
VNINDEX,1D,2026-02-10,1770688800,1755.83,1776.24,1741.37,1754.03,719682136,1,dnse,2026-09-21T07:14:24.587974+00:00
VNINDEX,1D,2026-02-11,1770775200,1766.74,1799.92,1763.96,1796.85,808848823,1,dnse,2026-09-21T07:14:24.587974+00:00
VNINDEX,1D,2026-02-12,1770861600,1809.01,1816.11,1804.6,1814.09,451674492,1,dnse,2026-09-21T07:14:24.587974+00:00
VNINDEX,1D,2026-02-13,1770948000,1816.29,1824.09,1792.91,1824.09,576394307,1,dnse,2026-09-21T07:14:24.587974+00:00
VNINDEX,1D,2026-02-23,1771812000,1838.12,1863.13,1836.61,1860.14,732214189,1,dnse,2026-09-21T07:14:24.587974+00:00
VNINDEX,1D,2026-02-24,1771898400,1862.18,1867.62,1849.6,1867.62,967871763,1,dnse,2026-09-21T07:14:24.587974+00:00
VNINDEX,1D,2026-02-25,1771984800,1869.49,1876.01,1857.16,1860.91,1084949538,1,dnse,2026-09-21T07:14:24.587974+00:00
VNINDEX,1D,2026-02-26,1772071200,1861.32,1882.17,1859.04,1879.64,753927389,1,dnse,2026-09-21T07:14:24.587974+00:00
VNINDEX,1D,2026-02-27,1772157600,1883.12,1899.44,1868.91,1880.33,858209995,1,dnse,2026-09-21T07:14:24.587974+00:00
VNINDEX,1D,2026-03-02,1772416800,1876.01,1885.18,1844.25,1846.1,1418296837,1,dnse,2026-09-21T07:14:24.587974+00:00
VNINDEX,1D,2026-03-03,1772503200,1854.28,1854.28,1808.55,1813.14,1221025992,1,dnse,2026-09-21T07:14:24.587974+00:00
VNINDEX,1D,2026-03-04,1772589600,1803.54,1833.33,1766.86,1818.27,1478621201,1,dnse,2026-09-21T07:14:24.587974+00:00
VNINDEX,1D,2026-03-05,1772676000,1837.34,1849.01,1808.07,1808.51,1097224844,1,dnse,2026-09-21T07:14:24.587974+00:00
VNINDEX,1D,2026-03-06,1772762400,1801.08,1807.31,1767.84,1767.84,952770876,1,dnse,2026-09-21T07:14:24.587974+00:00
VNINDEX,1D,2026-03-09,1773021600,1757.73,1757.73,1651.68,1652.79,1278597856,1,dnse,2026-09-21T07:14:24.587974+00:00
VNINDEX,1D,2026-03-10,1773108000,1664.52,1716.62,1651.29,1676.73,1344747032,1,dnse,2026-09-21T07:14:24.587974+00:00
VNINDEX,1D,2026-03-11,1773194400,1675.87,1729.67,1675.17,1728.34,896281821,1,dnse,2026-09-21T07:14:24.587974+00:00
VNINDEX,1D,2026-03-12,1773280800,1716.62,1725.52,1701.59,1709.61,857917482,1,dnse,2026-09-21T07:14:24.587974+00:00
VNINDEX,1D,2026-03-13,1773367200,1697.72,1716.75,1688.67,1696.24,877875254,1,dnse,2026-09-21T07:14:24.587974+00:00
VNINDEX,1D,2026-03-16,1773626400,1702.13,1707.0,1680.7,1693.21,746306319,1,dnse,2026-09-21T07:14:24.587974+00:00
VNINDEX,1D,2026-03-17,1773712800,1709.38,1732.31,1708.83,1710.29,725273862,1,dnse,2026-09-21T07:14:24.587974+00:00
VNINDEX,1D,2026-03-18,1773799200,1718.3,1742.87,1706.53,1713.83,699754878,1,dnse,2026-09-21T07:14:24.587974+00:00
VNINDEX,1D,2026-03-19,1773885600,1700.77,1709.47,1685.9,1699.13,821692120,1,dnse,2026-09-21T07:14:24.587974+00:00
VNINDEX,1D,2026-03-20,1773972000,1698.62,1698.62,1642.65,1647.81,856451948,1,dnse,2026-09-21T07:14:24.587974+00:00
VNINDEX,1D,2026-03-23,1774231200,1630.11,1636.27,1586.44,1591.17,986020339,1,dnse,2026-09-21T07:14:24.587974+00:00
VNINDEX,1D,2026-03-24,1774317600,1626.34,1630.63,1602.92,1614.77,687078246,1,dnse,2026-09-21T07:14:24.587974+00:00
VNINDEX,1D,2026-03-25,1774404000,1629.73,1658.77,1629.73,1658.19,796965260,1,dnse,2026-09-21T07:14:24.587974+00:00
VNINDEX,1D,2026-03-26,1774490400,1661.53,1661.6,1634.55,1644.63,641307834,1,dnse,2026-09-21T07:14:24.587974+00:00
VNINDEX,1D,2026-03-27,1774576800,1643.89,1673.31,1640.31,1672.8,814663981,1,dnse,2026-09-21T07:14:24.587974+00:00
VNINDEX,1D,2026-03-30,1774836000,1646.08,1671.6,1637.58,1662.54,745194737,1,dnse,2026-09-21T07:14:24.587974+00:00
VNINDEX,1D,2026-03-31,1774922400,1669.57,1677.83,1663.05,1674.49,787839248,1,dnse,2026-09-21T07:14:24.587974+00:00
VNINDEX,1D,2026-04-01,1775008800,1713.92,1715.21,1700.18,1702.93,826834534,1,dnse,2026-09-21T07:14:24.587974+00:00
VNINDEX,1D,2026-04-02,1775095200,1706.15,1706.15,1684.47,1694.82,730462121,1,dnse,2026-09-21T07:14:24.587974+00:00
VNINDEX,1D,2026-04-03,1775181600,1700.14,1713.95,1679.79,1684.04,696862532,1,dnse,2026-09-21T07:14:24.587974+00:00
VNINDEX,1D,2026-04-06,1775440800,1682.24,1693.03,1669.31,1674.99,556779316,1,dnse,2026-09-21T07:14:24.587974+00:00
VNINDEX,1D,2026-04-07,1775527200,1677.87,1690.31,1665.36,1677.54,514778977,1,dnse,2026-09-21T07:14:24.587974+00:00
VNINDEX,1D,2026-04-08,1775613600,1706.59,1756.55,1706.59,1756.55,1121941552,1,dnse,2026-09-21T07:14:24.587974+00:00
VNINDEX,1D,2026-04-09,1775700000,1750.88,1754.77,1736.68,1736.68,939896157,1,dnse,2026-09-21T07:14:24.587974+00:00
VNINDEX,1D,2026-04-10,1775786400,1750.86,1762.84,1748.96,1750.0,855525196,1,dnse,2026-09-21T07:14:24.587974+00:00
VNINDEX,1D,2026-04-13,1776045600,1738.57,1765.67,1733.18,1758.96,767253461,1,dnse,2026-09-21T07:14:24.587974+00:00
VNINDEX,1D,2026-04-14,1776132000,1775.25,1784.43,1765.52,1775.65,774460243,1,dnse,2026-09-21T07:14:24.587974+00:00
VNINDEX,1D,2026-04-15,1776218400,1787.37,1801.89,1786.65,1800.65,805513607,1,dnse,2026-09-21T07:14:24.587974+00:00
VNINDEX,1D,2026-04-16,1776304800,1806.46,1824.03,1799.18,1819.83,819390678,1,dnse,2026-09-21T07:14:24.587974+00:00
VNINDEX,1D,2026-04-17,1776391200,1834.32,1846.19,1814.47,1817.17,632349354,1,dnse,2026-09-21T07:14:24.587974+00:00
VNINDEX,1D,2026-04-20,1776650400,1819.03,1837.11,1802.42,1837.11,581405080,1,dnse,2026-09-21T07:14:24.587974+00:00
VNINDEX,1D,2026-04-21,1776736800,1851.84,1866.1,1833.48,1833.48,751134492,1,dnse,2026-09-21T07:14:24.587974+00:00
VNINDEX,1D,2026-04-22,1776823200,1833.93,1861.34,1819.21,1857.3,562382244,1,dnse,2026-09-21T07:14:24.587974+00:00
VNINDEX,1D,2026-04-23,1776909600,1868.31,1888.99,1855.09,1870.36,953432252,1,dnse,2026-09-21T07:14:24.587974+00:00
VNINDEX,1D,2026-04-24,1776996000,1873.23,1881.93,1843.63,1853.29,568682199,1,dnse,2026-09-21T07:14:24.587974+00:00
VNINDEX,1D,2026-04-28,1777341600,1850.07,1887.69,1848.98,1875.84,577907915,1,dnse,2026-09-21T07:14:24.587974+00:00
VNINDEX,1D,2026-04-29,1777428000,1879.53,1881.18,1841.3,1854.1,626247808,1,dnse,2026-09-21T07:14:24.587974+00:00
VNINDEX,1D,2026-05-04,1777860000,1870.66,1876.8,1840.43,1854.06,614072346,1,dnse,2026-09-21T07:14:24.587974+00:00
VNINDEX,1D,2026-05-05,1777946400,1853.13,1875.97,1849.32,1874.85,701963400,1,dnse,2026-09-21T07:14:24.587974+00:00
VNINDEX,1D,2026-05-06,1778032800,1881.22,1892.0,1868.92,1891.2,788372585,1,dnse,2026-09-21T07:14:24.587974+00:00
VNINDEX,1D,2026-05-07,1778119200,1897.44,1924.95,1896.45,1909.01,852195767,1,dnse,2026-09-21T07:14:24.587974+00:00
VNINDEX,1D,2026-05-08,1778205600,1911.15,1921.81,1897.06,1915.37,840759266,1,dnse,2026-09-21T07:14:24.587974+00:00
VNINDEX,1D,2026-05-11,1778464800,1919.05,1927.06,1893.75,1895.5,870568077,1,dnse,2026-09-21T07:14:24.587974+00:00
VNINDEX,1D,2026-05-12,1778551200,1893.2,1906.64,1875.25,1901.1,646156258,1,dnse,2026-09-21T07:14:24.587974+00:00
VNINDEX,1D,2026-05-13,1778637600,1908.77,1908.77,1865.12,1898.37,796945943,1,dnse,2026-09-21T07:14:24.587974+00:00
VNINDEX,1D,2026-05-14,1778724000,1896.72,1927.7,1883.98,1925.46,580872676,1,dnse,2026-09-21T07:14:24.587974+00:00
VNINDEX,1D,2026-05-15,1778810400,1928.61,1930.58,1909.9,1921.6,708757508,1,dnse,2026-09-21T07:14:24.587974+00:00
VNINDEX,1D,2026-05-18,1779069600,1916.56,1932.62,1908.78,1927.94,774679381,1,dnse,2026-09-21T07:14:24.587974+00:00
VNINDEX,1D,2026-05-19,1779156000,1933.01,1933.11,1904.47,1912.93,904325068,1,dnse,2026-09-21T07:14:24.587974+00:00
VNINDEX,1D,2026-05-20,1779242400,1906.73,1919.39,1859.22,1913.23,1078815114,1,dnse,2026-09-21T07:14:24.587974+00:00
VNINDEX,1D,2026-05-21,1779328800,1920.44,1923.21,1886.62,1896.89,562755083,1,dnse,2026-09-21T07:14:24.587974+00:00
VNINDEX,1D,2026-05-22,1779415200,1896.74,1896.74,1856.08,1877.13,650651924,1,dnse,2026-09-21T07:14:24.587974+00:00
VNINDEX,1D,2026-05-25,1779674400,1876.37,1891.26,1876.37,1886.03,495245425,1,dnse,2026-09-21T07:14:24.587974+00:00
VNINDEX,1D,2026-05-26,1779760800,1889.15,1889.15,1876.32,1884.18,598836621,1,dnse,2026-09-21T07:14:24.587974+00:00
VNINDEX,1D,2026-05-27,1779847200,1889.87,1889.87,1863.18,1874.43,667675136,1,dnse,2026-09-21T07:14:24.587974+00:00
VNINDEX,1D,2026-05-28,1779933600,1868.88,1882.66,1857.25,1863.67,602798527,1,dnse,2026-09-21T07:14:24.587974+00:00
VNINDEX,1D,2026-05-29,1780020000,1864.65,1873.17,1855.96,1863.49,556018675,1,dnse,2026-09-21T07:14:24.587974+00:00
VNINDEX,1D,2026-06-01,1780279200,1867.44,1871.09,1841.32,1844.54,431817093,1,dnse,2026-09-21T07:14:24.587974+00:00
VNINDEX,1D,2026-06-02,1780365600,1845.32,1858.76,1824.08,1826.47,719741504,1,dnse,2026-09-21T07:14:24.587974+00:00
VNINDEX,1D,2026-06-03,1780452000,1824.18,1831.65,1798.05,1819.01,717622784,1,dnse,2026-09-21T07:14:24.587974+00:00
VNINDEX,1D,2026-06-04,1780538400,1822.08,1831.55,1812.65,1831.55,546633600,1,dnse,2026-09-21T07:14:24.587974+00:00
VNINDEX,1D,2026-06-05,1780624800,1833.07,1846.71,1832.76,1838.9,491758208,1,dnse,2026-09-21T07:14:24.587974+00:00
VNINDEX,1D,2026-06-08,1780884000,1822.1,1822.95,1789.31,1790.53,696165568,1,dnse,2026-09-21T07:14:24.587974+00:00
VNINDEX,1D,2026-06-09,1780970400,1799.21,1800.8,1780.71,1793.05,523970176,1,dnse,2026-09-21T07:14:24.587974+00:00
VNINDEX,1D,2026-06-10,1781056800,1793.45,1805.03,1789.48,1803.71,596041536,1,dnse,2026-09-21T07:14:24.587974+00:00
VNINDEX,1D,2026-06-11,1781143200,1793.15,1801.99,1788.64,1798.61,408853376,1,dnse,2026-09-21T07:14:24.587974+00:00
VNINDEX,1D,2026-06-12,1781229600,1813.07,1813.57,1788.8,1791.65,637931712,1,dnse,2026-09-21T07:14:24.587974+00:00
VNINDEX,1D,2026-06-15,1781488800,1804.24,1810.41,1775.72,1799.31,761472768,1,dnse,2026-09-21T07:14:24.587974+00:00
VNINDEX,1D,2026-06-16,1781575200,1808.56,1811.59,1799.86,1807.94,669627584,1,dnse,2026-09-21T07:14:24.587974+00:00
VNINDEX,1D,2026-06-17,1781661600,1797.41,1808.57,1787.89,1806.2,771408960,1,dnse,2026-09-21T07:14:24.587974+00:00
VNINDEX,1D,2026-06-18,1781748000,1822.37,1836.4,1819.62,1830.47,629881856,1,dnse,2026-09-21T07:14:24.587974+00:00
VNINDEX,1D,2026-06-19,1781834400,1837.38,1838.52,1822.47,1824.53,596143488,1,dnse,2026-09-21T07:14:24.587974+00:00
VNINDEX,1D,2026-06-22,1782093600,1827.53,1859.78,1822.58,1857.91,505126112,1,dnse,2026-09-21T07:14:24.587974+00:00
VNINDEX,1D,2026-06-23,1782180000,1871.92,1886.6,1863.51,1869.04,932868864,1,dnse,2026-09-21T07:14:24.587974+00:00
VNINDEX,1D,2026-06-24,1782266400,1873.19,1894.75,1861.72,1878.02,619329472,1,dnse,2026-09-21T07:14:24.587974+00:00
VNINDEX,1D,2026-06-25,1782352800,1878.71,1880.16,1856.3,1863.07,462923392,1,dnse,2026-09-21T07:14:24.587974+00:00
VNINDEX,1D,2026-06-26,1782439200,1857.24,1873.91,1854.94,1871.91,498278784,1,dnse,2026-09-21T07:14:24.587974+00:00
VNINDEX,1D,2026-06-29,1782698400,1868.64,1869.52,1852.2,1854.97,592439872,1,dnse,2026-09-21T07:14:24.587974+00:00
VNINDEX,1D,2026-06-30,1782784800,1855.67,1863.14,1844.66,1860.01,691943872,1,dnse,2026-09-21T07:14:24.587974+00:00
VNINDEX,1D,2026-07-01,1782871200,1859.96,1871.68,1859.68,1867.21,613215680,1,dnse,2026-09-21T07:14:24.587974+00:00
VNINDEX,1D,2026-07-02,1782957600,1869.87,1873.87,1863.75,1866.35,555476352,1,dnse,2026-09-21T07:14:24.587974+00:00
VNINDEX,1D,2026-07-03,1783044000,1867.17,1872.98,1857.28,1862.08,604259520,1,dnse,2026-09-21T07:14:24.587974+00:00
VNINDEX,1D,2026-07-06,1783303200,1873.24,1873.58,1829.05,1843.5,779589120,1,dnse,2026-09-21T07:14:24.587974+00:00
VNINDEX,1D,2026-07-07,1783389600,1840.69,1848.25,1825.79,1848.25,554175616,1,dnse,2026-09-21T07:14:24.587974+00:00
VNINDEX,1D,2026-07-08,1783476000,1847.42,1855.74,1842.19,1853.7,662188416,1,dnse,2026-09-21T07:14:24.587974+00:00
VNINDEX,1D,2026-07-09,1783562400,1843.01,1850.56,1840.7,1840.7,585707200,1,dnse,2026-09-21T07:14:24.587974+00:00
VNINDEX,1D,2026-07-10,1783648800,1840.33,1845.86,1828.34,1828.34,585312064,1,dnse,2026-09-21T07:14:24.587974+00:00
VNINDEX,1D,2026-07-13,1783908000,1829.5,1829.5,1781.45,1800.54,845364032,1,dnse,2026-09-21T07:14:24.587974+00:00
VNINDEX,1D,2026-07-14,1783994400,1793.23,1806.63,1774.22,1806.63,561857536,1,dnse,2026-09-21T07:14:24.587974+00:00
VNINDEX,1D,2026-07-15,1784080800,1805.93,1805.93,1776.83,1782.12,603241792,1,dnse,2026-09-21T07:14:24.587974+00:00
VNINDEX,1D,2026-07-16,1784167200,1772.52,1804.24,1757.42,1804.24,788577792,1,dnse,2026-09-21T07:14:24.587974+00:00
VNINDEX,1D,2026-07-17,1784253600,1801.89,1803.14,1787.45,1787.45,435884192,1,dnse,2026-09-21T07:14:24.587974+00:00
VNINDEX,1D,2026-07-20,1784512800,1782.93,1783.83,1736.43,1743.51,858477248,1,dnse,2026-09-21T07:14:24.587974+00:00
VNINDEX,1D,2026-07-21,1784599200,1733.44,1750.3,1725.34,1730.56,782582400,1,dnse,2026-09-21T07:14:24.587974+00:00
VNINDEX,1D,2026-07-22,1784685600,1729.33,1736.91,1668.53,1668.53,904523584,1,dnse,2026-09-21T07:14:24.587974+00:00
VNINDEX,1D,2026-07-23,1784772000,1664.5,1703.48,1658.35,1699.38,862797376,1,dnse,2026-09-21T07:14:24.587974+00:00
VNINDEX,1D,2026-07-24,1784858400,1683.23,1696.78,1674.64,1686.11,585994880,1,dnse,2026-09-21T07:14:24.587974+00:00
VNINDEX,1D,2026-07-27,1785117600,1694.78,1700.69,1669.01,1669.01,627269632,1,dnse,2026-09-21T07:14:24.587974+00:00
VNINDEX,1D,2026-07-28,1785204000,1653.51,1684.54,1651.2,1680.62,778939712,1,dnse,2026-09-21T07:14:24.587974+00:00
VNINDEX,1D,2026-07-29,1785290400,1682.72,1704.68,1675.19,1704.68,554227264,1,dnse,2026-09-21T07:14:24.587974+00:00
VNINDEX,1D,2026-07-30,1785376800,1703.94,1744.8,1701.14,1744.66,837197568,1,dnse,2026-09-21T07:14:24.587974+00:00
VNINDEX,1D,2026-07-31,1785463200,1764.45,1764.45,1735.36,1735.78,756503744,1,dnse,2026-09-21T07:14:24.587974+00:00
VNINDEX,1D,2026-08-03,1785722400,1745.06,1767.58,1737.26,1762.84,760113024,1,dnse,2026-09-21T07:14:24.587974+00:00
VNINDEX,1D,2026-08-04,1785808800,1764.98,1777.23,1759.64,1777.23,662723712,1,dnse,2026-09-21T07:14:24.587974+00:00
VNINDEX,1D,2026-08-05,1785895200,1784.94,1790.87,1773.39,1776.46,746409280,1,dnse,2026-09-21T07:14:24.587974+00:00
VNINDEX,1D,2026-08-06,1785981600,1784.65,1784.65,1764.32,1764.78,578878912,1,dnse,2026-09-21T07:14:24.587974+00:00
VNINDEX,1D,2026-08-07,1786068000,1761.23,1774.61,1756.07,1768.06,647697536,1,dnse,2026-09-21T07:14:24.587974+00:00
VNINDEX,1D,2026-08-10,1786327200,1775.79,1785.38,1759.06,1776.77,730811072,1,dnse,2026-09-21T07:14:24.587974+00:00
VNINDEX,1D,2026-08-11,1786413600,1781.08,1789.35,1772.03,1773.41,636947456,1,dnse,2026-09-21T07:14:24.587974+00:00
VNINDEX,1D,2026-08-12,1786500000,1776.63,1794.01,1770.63,1793.18,570616704,1,dnse,2026-09-21T07:14:24.587974+00:00
VNINDEX,1D,2026-08-13,1786586400,1793.81,1798.79,1765.63,1765.63,743382208,1,dnse,2026-09-21T07:14:24.587974+00:00
VNINDEX,1D,2026-08-14,1786672800,1763.6,1763.6,1717.64,1729.08,737002304,1,dnse,2026-09-21T07:14:24.587974+00:00
VNINDEX,1D,2026-08-17,1786932000,1727.81,1735.2,1715.91,1727.46,519224704,1,dnse,2026-09-21T07:14:24.587974+00:00
VNINDEX,1D,2026-08-18,1787018400,1727.62,1750.86,1724.33,1732.02,548635840,1,dnse,2026-09-21T07:14:24.587974+00:00
VNINDEX,1D,2026-08-19,1787104800,1732.02,1734.39,1719.16,1726.69,572422912,1,dnse,2026-09-21T07:14:24.587974+00:00
VNINDEX,1D,2026-08-20,1787191200,1735.56,1742.38,1729.48,1734.24,463424256,1,dnse,2026-09-21T07:14:24.587974+00:00
VNINDEX,1D,2026-08-21,1787277600,1733.52,1768.12,1725.4,1768.12,777638144,1,dnse,2026-09-21T07:14:24.587974+00:00
VNINDEX,1D,2026-08-24,1787536800,1787.54,1795.38,1778.4,1788.78,845757440,1,dnse,2026-09-21T07:14:24.587974+00:00
VNINDEX,1D,2026-08-25,1787623200,1792.19,1812.18,1785.22,1791.41,835458304,1,dnse,2026-09-21T07:14:24.587974+00:00
VNINDEX,1D,2026-08-26,1787709600,1789.43,1821.32,1787.8,1821.32,724836160,1,dnse,2026-09-21T07:14:24.587974+00:00
VNINDEX,1D,2026-08-27,1787796000,1821.82,1838.25,1815.42,1831.56,604677120,1,dnse,2026-09-21T07:14:24.587974+00:00
VNINDEX,1D,2026-08-28,1787882400,1833.27,1838.2,1819.16,1832.12,562183972,1,dnse,2026-09-21T07:14:24.587974+00:00
